/*!40101 SET @OLD_CHARACTER_SET_CLIENT=@@CHARACTER_SET_CLIENT */;
/*!40101 SET @OLD_CHARACTER_SET_RESULTS=@@CHARACTER_SET_RESULTS */;
/*!40101 SET @OLD_COLLATION_CONNECTION=@@COLLATION_CONNECTION */;
/*!40101 SET NAMES utf8mb4 */;
/*!40014 SET @OLD_UNIQUE_CHECKS=@@UNIQUE_CHECKS, UNIQUE_CHECKS=0 */;
/*!40014 SET @OLD_FOREIGN_KEY_CHECKS=@@FOREIGN_KEY_CHECKS, FOREIGN_KEY_CHECKS=0 */;
/*!40101 SET @OLD_SQL_MODE=@@SQL_MODE, SQL_MODE='NO_AUTO_VALUE_ON_ZERO' */;
/*!40111 SET @OLD_SQL_NOTES=@@SQL_NOTES, SQL_NOTES=0 */;

DROP TABLE IF EXISTS `tb_absent`;
CREATE TABLE `tb_absent` (
  `IDAbsent` int(10) NOT NULL AUTO_INCREMENT,
  `IDKaryawan` int(10) DEFAULT NULL,
  `DateTimeAbsent` datetime DEFAULT NULL,
  `Tipe` enum('I','O') DEFAULT NULL,
  `Keterangan` text,
  `DateCreated` timestamp NOT NULL DEFAULT CURRENT_TIMESTAMP ON UPDATE CURRENT_TIMESTAMP,
  `CreatedBy` int(10) DEFAULT NULL,
  PRIMARY KEY (`IDAbsent`)
) ENGINE=MyISAM DEFAULT CHARSET=utf8;

DROP TABLE IF EXISTS `tb_absent_karyawan_bulanan`;
CREATE TABLE `tb_absent_karyawan_bulanan` (
  `Tanggal` date DEFAULT NULL,
  `IDKaryawan` int(3) DEFAULT NULL,
  `JamMasuk` varchar(5) DEFAULT NULL,
  `JamKeluar` varchar(5) DEFAULT NULL,
  `TotalJam` int(3) DEFAULT NULL,
  `ProyekMasuk` varchar(5) DEFAULT NULL,
  `ProyekKeluar` varchar(5) DEFAULT NULL,
  `TotalJamProyek` int(3) DEFAULT NULL,
  `LemburMasuk` varchar(5) DEFAULT NULL,
  `LemburKeluar` varchar(5) DEFAULT NULL,
  `TotalJamLembur` int(3) DEFAULT NULL,
  `CutiTahunan` float DEFAULT NULL,
  `CutiSakit` float DEFAULT NULL,
  `CutiSpecial` float DEFAULT NULL,
  `CutiAlpha` float DEFAULT NULL,
  `CutiTugasKeluar` float DEFAULT NULL,
  `TotalJamKerja` int(3) DEFAULT NULL,
  `Keterangan` text,
  `KeteranganHoliday` text,
  `Terlambat` int(5) DEFAULT NULL,
  `IDProyek` int(10) DEFAULT NULL,
  `HitungGapok` int(1) DEFAULT '0'
) ENGINE=MyISAM DEFAULT CHARSET=utf8;

DROP TABLE IF EXISTS `tb_absent_lembur`;
CREATE TABLE `tb_absent_lembur` (
  `IDAbsent` int(10) NOT NULL AUTO_INCREMENT,
  `IDKaryawan` int(10) DEFAULT NULL,
  `DateTimeAbsent` datetime DEFAULT NULL,
  `Tipe` enum('I','O') DEFAULT NULL,
  `DateCreated` timestamp NOT NULL DEFAULT CURRENT_TIMESTAMP ON UPDATE CURRENT_TIMESTAMP,
  `CreatedBy` int(10) DEFAULT NULL,
  PRIMARY KEY (`IDAbsent`)
) ENGINE=MyISAM DEFAULT CHARSET=utf8;

DROP TABLE IF EXISTS `tb_asset`;
CREATE TABLE `tb_asset` (
  `IDAsset` int(20) NOT NULL AUTO_INCREMENT,
  `KodeAsset` varchar(20) DEFAULT NULL,
  `IDAssetCategory` int(10) DEFAULT NULL,
  `Jenis` enum('Kendaraan','Non-Kendaraan','Ijin-Usaha') DEFAULT 'Non-Kendaraan',
  `Nama` varchar(100) DEFAULT NULL,
  `Foto1` varchar(200) DEFAULT NULL,
  `Foto2` varchar(200) DEFAULT NULL,
  `Foto3` varchar(200) DEFAULT NULL,
  `FileUsaha` varchar(200) DEFAULT NULL,
  `Deskripsi` varchar(200) DEFAULT NULL,
  `JenisKendaraan` varchar(20) DEFAULT NULL,
  `Manufaktur` varchar(20) DEFAULT NULL,
  `TahunRakit` int(4) DEFAULT NULL,
  `NoKendaraan` varchar(20) DEFAULT NULL,
  `NoSTNK` varchar(20) DEFAULT NULL,
  `JatuhTempoSamsat` date DEFAULT NULL,
  `MaxTangkiBBM` int(5) DEFAULT NULL,
  `KMKendaraan` int(10) DEFAULT NULL,
  `JenisBBM` varchar(20) DEFAULT NULL,
  `TanggalBeli` date DEFAULT NULL,
  `HargaBeli` double(15,0) DEFAULT NULL,
  `Unit` varchar(200) DEFAULT NULL,
  `IDKaryawan` int(10) DEFAULT NULL,
  `NoIjinUsaha` varchar(200) DEFAULT NULL,
  `JatuhTempoUsaha` date DEFAULT NULL,
  `IDProyek` int(10) DEFAULT NULL,
  `Status` int(1) DEFAULT '1',
  `ModifiedBy` int(10) DEFAULT NULL,
  `DateModified` datetime DEFAULT NULL,
  PRIMARY KEY (`IDAsset`)
) ENGINE=MyISAM DEFAULT CHARSET=utf8;

DROP TABLE IF EXISTS `tb_asset_category`;
CREATE TABLE `tb_asset_category` (
  `IDAssetCategory` int(10) NOT NULL AUTO_INCREMENT,
  `Nama` text,
  `Jenis` enum('Asset','Ijin-Usaha') DEFAULT 'Asset',
  PRIMARY KEY (`IDAssetCategory`)
) ENGINE=MyISAM AUTO_INCREMENT=4 DEFAULT CHARSET=utf8;

DROP TABLE IF EXISTS `tb_assign`;
CREATE TABLE `tb_assign` (
  `IDAssign` int(10) NOT NULL AUTO_INCREMENT,
  `NoAssign` varchar(50) DEFAULT NULL,
  `Tanggal` date DEFAULT NULL,
  `IDKaryawan` int(10) DEFAULT NULL,
  `IDProyek` int(10) DEFAULT NULL,
  `TotalItem` int(10) DEFAULT NULL,
  `Status` tinyint(1) DEFAULT '0' COMMENT '0=NEW;1=RECEIVED;2=DELETED',
  `CCTo` varchar(100) DEFAULT NULL,
  `ApprovedBy` int(10) DEFAULT NULL,
  `ApproveMethod` tinyint(1) DEFAULT '1' COMMENT '1=KIRIM;2=TAP;3=FingerPrint',
  `DateApproved` datetime DEFAULT NULL,
  `Keterangan` text,
  `IsProyek` int(1) DEFAULT '0',
  `HashCode` varchar(200) DEFAULT NULL,
  `CreatedBy` int(10) DEFAULT NULL,
  `DateCreated` timestamp NOT NULL DEFAULT CURRENT_TIMESTAMP,
  `ModifiedBy` int(10) DEFAULT NULL,
  `DateModified` datetime DEFAULT NULL,
  PRIMARY KEY (`IDAssign`)
) ENGINE=MyISAM DEFAULT CHARSET=utf8;

DROP TABLE IF EXISTS `tb_assign_detail`;
CREATE TABLE `tb_assign_detail` (
  `IDAssignDetail` int(10) NOT NULL AUTO_INCREMENT,
  `IDAssign` int(10) DEFAULT NULL,
  `IDAsset` int(10) DEFAULT NULL,
  `KodeAsset` varchar(20) DEFAULT NULL,
  `Nama` varchar(100) DEFAULT NULL,
  PRIMARY KEY (`IDAssignDetail`)
) ENGINE=MyISAM DEFAULT CHARSET=utf8;

DROP TABLE IF EXISTS `tb_audit`;
CREATE TABLE `tb_audit` (
  `IDAudit` bigint(10) NOT NULL AUTO_INCREMENT,
  `NoAudit` varchar(20) DEFAULT NULL,
  `IDPenjualan` bigint(20) DEFAULT NULL,
  `IDGudang` bigint(20) DEFAULT NULL,
  `Tanggal` date DEFAULT NULL,
  `TotalItem` int(5) DEFAULT NULL,
  `GrandTotal` double(15,2) DEFAULT NULL,
  `Keterangan` text,
  `Status` tinyint(1) DEFAULT '1',
  `DeletedDate` datetime DEFAULT NULL,
  `DeletedBy` int(10) DEFAULT NULL,
  `DeletedRemark` text,
  `CreatedBy` int(10) DEFAULT NULL,
  `DateCreated` timestamp NOT NULL DEFAULT CURRENT_TIMESTAMP,
  `ModifiedBy` int(10) DEFAULT NULL,
  `DateModified` datetime DEFAULT NULL,
  PRIMARY KEY (`IDAudit`)
) ENGINE=MyISAM DEFAULT CHARSET=utf8;

DROP TABLE IF EXISTS `tb_audit_detail`;
CREATE TABLE `tb_audit_detail` (
  `IDDetail` int(10) NOT NULL AUTO_INCREMENT,
  `NoAudit` varchar(20) DEFAULT NULL,
  `NoUrut` int(3) DEFAULT NULL,
  `IDBarang` int(10) DEFAULT NULL,
  `NamaBarang` varchar(100) DEFAULT NULL,
  `SN` varchar(100) DEFAULT NULL,
  `Harga` double(15,2) DEFAULT NULL,
  `StokGudangAwal` float DEFAULT NULL,
  `StokPurchasingAwal` float DEFAULT NULL,
  `StokPurchasing` float DEFAULT NULL COMMENT 'Kuantiti Penyesuaian',
  `StokGudang` float DEFAULT NULL,
  `SPPurchasing` float DEFAULT NULL COMMENT 'Stok Penyesuaian',
  `SPGudang` float DEFAULT NULL,
  `SubTotal` double(15,2) DEFAULT NULL,
  PRIMARY KEY (`IDDetail`)
) ENGINE=MyISAM DEFAULT CHARSET=utf8;

DROP TABLE IF EXISTS `tb_barang`;
CREATE TABLE `tb_barang` (
  `IDBarang` bigint(10) NOT NULL AUTO_INCREMENT,
  `IDParent` int(10) DEFAULT NULL,
  `KodeBarang` varchar(10) DEFAULT NULL,
  `Nama` varchar(100) DEFAULT NULL,
  `Deskripsi` text,
  `Kategori` varchar(100) DEFAULT NULL,
  `IDJenis` int(10) DEFAULT NULL,
  `IDSupplier` int(10) DEFAULT NULL,
  `IDSatuan` int(10) DEFAULT NULL,
  `HargaPublish` double(15,2) DEFAULT NULL,
  `DiskonPersen` text,
  `Harga` double(15,2) DEFAULT '0.00',
  `HargaJual` double(15,2) DEFAULT '0.00',
  `HargaJualGrosir` double(15,2) DEFAULT '0.00',
  `Margin` double(15,2) DEFAULT '0.00',
  `MarginGrosir` double(15,2) DEFAULT '0.00',
  `CreatedBy` int(10) DEFAULT NULL,
  `StokGudang` double(15,2) NOT NULL,
  `StokPurchasing` double(15,2) NOT NULL,
  `JenisBarang` tinyint(1) DEFAULT '1' COMMENT '1=Barang;2=Jasa',
  `IsSerialize` tinyint(1) DEFAULT '0' COMMENT 'Apakah menggunakan nomor seri atau tidak',
  `IsBarang` tinyint(1) DEFAULT '1' COMMENT '1=Barang;2=Jasa',
  `IsPublish` int(1) DEFAULT '1',
  `IsSellingProduct` int(1) NOT NULL DEFAULT '1',
  `ImageCover` varchar(200) DEFAULT NULL,
  `LibCode` varchar(200) DEFAULT NULL,
  `Foto1` varchar(200) DEFAULT NULL,
  `Foto2` varchar(200) DEFAULT NULL,
  `Foto3` varchar(200) DEFAULT NULL,
  `DateCreated` timestamp NOT NULL DEFAULT CURRENT_TIMESTAMP,
  `DateModified` datetime DEFAULT NULL,
  PRIMARY KEY (`IDBarang`)
) ENGINE=MyISAM AUTO_INCREMENT=142 DEFAULT CHARSET=utf8;

DROP TABLE IF EXISTS `tb_barang_child`;
CREATE TABLE `tb_barang_child` (
  `IDBarangChildren` int(10) NOT NULL AUTO_INCREMENT,
  `IDParent` int(10) DEFAULT NULL,
  `IDBarang` int(10) DEFAULT NULL,
  `Qty` double(10,2) DEFAULT '1.00',
  PRIMARY KEY (`IDBarangChildren`)
) ENGINE=MyISAM AUTO_INCREMENT=25 DEFAULT CHARSET=utf8;

DROP TABLE IF EXISTS `tb_blasting`;
CREATE TABLE `tb_blasting` (
  `IDBlasting` int(10) NOT NULL AUTO_INCREMENT,
  `ToID` text,
  `RecipientMail` text,
  `FromText` varchar(200) DEFAULT NULL,
  `Subject` varchar(200) DEFAULT NULL,
  `Message` text,
  `Image1` varchar(200) DEFAULT NULL,
  `Image2` varchar(200) DEFAULT NULL,
  `Image3` varchar(200) DEFAULT NULL,
  `IsAll` int(1) DEFAULT '0',
  `DateCreated` timestamp NULL DEFAULT CURRENT_TIMESTAMP,
  `CreatedBy` int(10) DEFAULT NULL,
  PRIMARY KEY (`IDBlasting`)
) ENGINE=MyISAM DEFAULT CHARSET=utf8;

DROP TABLE IF EXISTS `tb_contact_category`;
CREATE TABLE `tb_contact_category` (
  `IDContactCategory` int(11) NOT NULL AUTO_INCREMENT,
  `Nama` varchar(100) NOT NULL,
  `DateCreated` timestamp NOT NULL DEFAULT CURRENT_TIMESTAMP,
  PRIMARY KEY (`IDContactCategory`)
) ENGINE=InnoDB DEFAULT CHARSET=utf8;

DROP TABLE IF EXISTS `tb_contact_category_user`;
CREATE TABLE `tb_contact_category_user` (
  `type` enum('Pelanggan','Supplier') NOT NULL,
  `id` int(10) DEFAULT NULL,
  `id_category` int(10) DEFAULT NULL
) ENGINE=MyISAM DEFAULT CHARSET=utf8;

DROP TABLE IF EXISTS `tb_currency`;
CREATE TABLE `tb_currency` (
  `IDCurrency` int(5) NOT NULL AUTO_INCREMENT,
  `Nama` varchar(20) DEFAULT NULL,
  `Kurs` double(15,2) DEFAULT NULL,
  `EfektifPerTanggal` date DEFAULT NULL,
  PRIMARY KEY (`IDCurrency`)
) ENGINE=MyISAM AUTO_INCREMENT=2 DEFAULT CHARSET=utf8;

DROP TABLE IF EXISTS `tb_cuti`;
CREATE TABLE `tb_cuti` (
  `IDCuti` int(10) NOT NULL AUTO_INCREMENT,
  `IDKaryawan` int(10) DEFAULT NULL,
  `DariTanggal` date DEFAULT NULL,
  `SampaiTanggal` date DEFAULT NULL,
  `JumlahHari` float DEFAULT NULL,
  `Keterangan` text,
  `Status` int(1) DEFAULT NULL COMMENT '0: Baru; 1: Approved HRD',
  `Lokasi` text,
  `Jenis` enum('CUTI TAHUNAN','CUTI SPECIAL','SAKIT','ALPHA','TUGAS LUAR KANTOR') DEFAULT NULL,
  `DateCreated` timestamp NOT NULL DEFAULT CURRENT_TIMESTAMP,
  `CreatedBy` int(11) DEFAULT NULL,
  `DateModified` timestamp NOT NULL DEFAULT '0000-00-00 00:00:00',
  `ModifiedBy` int(11) DEFAULT NULL,
  PRIMARY KEY (`IDCuti`)
) ENGINE=MyISAM DEFAULT CHARSET=utf8;

DROP TABLE IF EXISTS `tb_cuti_kalendar_karyawan`;
CREATE TABLE `tb_cuti_kalendar_karyawan` (
  `Tanggal` date DEFAULT NULL,
  `IDKaryawan` int(10) DEFAULT NULL,
  `JumlahHari` float DEFAULT NULL,
  `Tipe` varchar(200) DEFAULT NULL
) ENGINE=MyISAM DEFAULT CHARSET=utf8;

DROP TABLE IF EXISTS `tb_daily_report`;
CREATE TABLE `tb_daily_report` (
  `IDReport` int(10) NOT NULL AUTO_INCREMENT,
  `CCTo` varchar(200) DEFAULT NULL,
  `Subject` varchar(200) DEFAULT NULL,
  `Report` text,
  `Image1` varchar(200) DEFAULT NULL,
  `Image2` varchar(200) DEFAULT NULL,
  `Image3` varchar(200) DEFAULT NULL,
  `Lat` varchar(20) DEFAULT NULL,
  `Lng` varchar(20) DEFAULT NULL,
  `DateCreated` timestamp NOT NULL DEFAULT CURRENT_TIMESTAMP ON UPDATE CURRENT_TIMESTAMP,
  `CreatedBy` int(10) DEFAULT NULL,
  `NoSuratJalan` varchar(20) DEFAULT NULL,
  PRIMARY KEY (`IDReport`)
) ENGINE=MyISAM DEFAULT CHARSET=utf8;

DROP TABLE IF EXISTS `tb_departement`;
CREATE TABLE `tb_departement` (
  `IDDepartement` int(10) NOT NULL AUTO_INCREMENT,
  `NamaDepartement` varchar(20) DEFAULT NULL,
  `PrefixProject` varchar(5) DEFAULT NULL,
  `PrefixSuratKeluar` varchar(200) DEFAULT NULL,
  `AvailableOnProject` int(1) DEFAULT NULL,
  PRIMARY KEY (`IDDepartement`)
) ENGINE=MyISAM AUTO_INCREMENT=5 DEFAULT CHARSET=utf8;

DROP TABLE IF EXISTS `tb_device`;
CREATE TABLE `tb_device` (
  `device_name` varchar(50) NOT NULL,
  `sn` varchar(50) NOT NULL,
  `vc` varchar(50) NOT NULL,
  `ac` varchar(50) NOT NULL,
  `vkey` varchar(50) NOT NULL,
  PRIMARY KEY (`sn`)
) ENGINE=MyISAM DEFAULT CHARSET=latin1;

DROP TABLE IF EXISTS `tb_device_karyawan`;
CREATE TABLE `tb_device_karyawan` (
  `IDDevice` int(10) NOT NULL AUTO_INCREMENT,
  `CreatedBy` int(10) DEFAULT NULL,
  `DeviceID` varchar(50) DEFAULT NULL,
  `OSType` varchar(50) DEFAULT NULL,
  `IDKaryawan` int(10) DEFAULT NULL,
  `DateCreated` timestamp NOT NULL DEFAULT CURRENT_TIMESTAMP,
  PRIMARY KEY (`IDDevice`)
) ENGINE=MyISAM DEFAULT CHARSET=utf8;

DROP TABLE IF EXISTS `tb_gaji_karyawan`;
CREATE TABLE `tb_gaji_karyawan` (
  `IDGaji` int(10) NOT NULL AUTO_INCREMENT,
  `IDKaryawan` int(10) DEFAULT NULL,
  `EfektifBulan` int(2) DEFAULT NULL,
  `EfektifTahun` int(4) DEFAULT NULL,
  `GajiPokok` double(15,2) DEFAULT '0.00',
  `UangMakan` double(15,2) DEFAULT '0.00',
  `UangPulsa` double(15,2) DEFAULT '0.00',
  `UangTransport` double(15,2) DEFAULT '0.00',
  `UangPerformance` double(15,2) DEFAULT '0.00',
  `UangHadir` double(15,2) DEFAULT '0.00',
  `LemburPerJam` double(15,2) DEFAULT '0.00',
  `TipeLembur` int(1) DEFAULT '0' COMMENT '0=Persentase;1=FixValue',
  `LainLain` double(15,2) DEFAULT '0.00',
  `Total` double(15,2) DEFAULT '0.00',
  `Status` tinyint(1) DEFAULT NULL,
  PRIMARY KEY (`IDGaji`)
) ENGINE=MyISAM DEFAULT CHARSET=utf8;

DROP TABLE IF EXISTS `tb_gudang`;
CREATE TABLE `tb_gudang` (
  `IDGudang` int(11) NOT NULL AUTO_INCREMENT,
  `Nama` varchar(200) DEFAULT NULL,
  `IsDefault` tinyint(1) DEFAULT '1',
  `DateCreated` timestamp NOT NULL DEFAULT CURRENT_TIMESTAMP,
  `CreatedBy` int(11) DEFAULT NULL,
  `DateModified` datetime DEFAULT NULL,
  `ModifiedBy` int(11) DEFAULT NULL,
  PRIMARY KEY (`IDGudang`)
) ENGINE=InnoDB AUTO_INCREMENT=3 DEFAULT CHARSET=latin1;

DROP TABLE IF EXISTS `tb_hak_akses`;
CREATE TABLE `tb_hak_akses` (
  `IDAccess` int(10) NOT NULL AUTO_INCREMENT,
  `IDModule` int(10) DEFAULT NULL,
  `IDMember` int(10) DEFAULT NULL,
  `Read` tinyint(1) DEFAULT '0',
  `Write` tinyint(1) DEFAULT '0',
  `Delete` tinyint(1) DEFAULT '0',
  `DateModified` timestamp NULL DEFAULT CURRENT_TIMESTAMP,
  PRIMARY KEY (`IDAccess`)
) ENGINE=MyISAM AUTO_INCREMENT=1606 DEFAULT CHARSET=utf8;

DROP TABLE IF EXISTS `tb_history_jabatan`;
CREATE TABLE `tb_history_jabatan` (
  `IDHistory` int(10) NOT NULL AUTO_INCREMENT,
  `IDKaryawan` int(10) DEFAULT NULL,
  `PeriodeAwal` varchar(10) DEFAULT NULL,
  `PeriodeAkhir` varchar(10) DEFAULT NULL,
  `IDJabatan` int(10) DEFAULT NULL,
  PRIMARY KEY (`IDHistory`)
) ENGINE=MyISAM AUTO_INCREMENT=6 DEFAULT CHARSET=utf8;

DROP TABLE IF EXISTS `tb_history_tracking`;
CREATE TABLE `tb_history_tracking` (
  `IDHistoryTracking` int(10) NOT NULL AUTO_INCREMENT,
  `IDSuratJalan` int(10) DEFAULT NULL,
  `SerialNumber` varchar(200) DEFAULT NULL,
  `DetailPerbaikan` text,
  `TanggalPerbaikan` date DEFAULT NULL,
  `DateCreated` timestamp NOT NULL DEFAULT CURRENT_TIMESTAMP,
  `CreatedBy` int(10) DEFAULT NULL,
  PRIMARY KEY (`IDHistoryTracking`)
) ENGINE=MyISAM DEFAULT CHARSET=utf8;

DROP TABLE IF EXISTS `tb_in_out`;
CREATE TABLE `tb_in_out` (
  `IDInOut` int(10) NOT NULL AUTO_INCREMENT,
  `IDKaryawan` int(10) DEFAULT NULL,
  `Tanggal` date DEFAULT NULL,
  `JIn` time DEFAULT '00:00:00',
  `JOut` time DEFAULT '00:00:00',
  `DateCreated` timestamp NOT NULL DEFAULT CURRENT_TIMESTAMP,
  PRIMARY KEY (`IDInOut`)
) ENGINE=MyISAM DEFAULT CHARSET=utf8;

DROP TABLE IF EXISTS `tb_jabatan`;
CREATE TABLE `tb_jabatan` (
  `IDJabatan` int(10) NOT NULL AUTO_INCREMENT,
  `Jabatan` varchar(100) DEFAULT NULL,
  `SystemRequired` tinyint(1) DEFAULT '0',
  PRIMARY KEY (`IDJabatan`)
) ENGINE=MyISAM AUTO_INCREMENT=59 DEFAULT CHARSET=utf8;

DROP TABLE IF EXISTS `tb_jenis_material`;
CREATE TABLE `tb_jenis_material` (
  `IDMaterial` int(10) NOT NULL AUTO_INCREMENT,
  `Parent` int(10) DEFAULT '0',
  `IsParent` tinyint(1) DEFAULT '0',
  `Nama` varchar(200) DEFAULT NULL,
  `IDDepartement` tinyint(1) DEFAULT '2',
  PRIMARY KEY (`IDMaterial`)
) ENGINE=MyISAM AUTO_INCREMENT=347 DEFAULT CHARSET=utf8;

DROP TABLE IF EXISTS `tb_jurnal`;
CREATE TABLE `tb_jurnal` (
  `IDJurnal` int(15) NOT NULL AUTO_INCREMENT,
  `IDDepartement` int(3) DEFAULT '0',
  `NoJurnal` varchar(20) DEFAULT NULL,
  `NoBukti` varchar(20) DEFAULT NULL,
  `NoRef` varchar(20) DEFAULT NULL,
  `Tipe` int(1) DEFAULT NULL COMMENT '0=Umum;1=PendapatanProyek;3=PembayaranPO',
  `Tanggal` date DEFAULT NULL,
  `Keterangan` varchar(200) DEFAULT NULL,
  `Debet` double(15,2) DEFAULT NULL,
  `Kredit` double(15,2) DEFAULT NULL,
  `Status` tinyint(1) DEFAULT '1' COMMENT '1=JurnalUmum;2=JurnalTransaksi',
  `MetodePembayaran` varchar(200) DEFAULT NULL,
  `SubPembayaran` varchar(200) DEFAULT NULL,
  `NoBG` varchar(200) DEFAULT NULL,
  `BGJatuhTempo` date DEFAULT NULL,
  `KeteranganLain` text,
  `NoKwitansi` varchar(20) DEFAULT NULL,
  `TanggalKwitansi` date DEFAULT NULL,
  `TipePembayaran` enum('CASH','TRANSFER','CEK/BG') DEFAULT NULL,
  `Bank` varchar(100) DEFAULT NULL,
  `NoBank` varchar(100) DEFAULT NULL,
  `TanggalPembayaran` date DEFAULT NULL,
  `CreatedBy` int(10) DEFAULT NULL,
  `DateCreated` datetime DEFAULT NULL,
  `ModifiedBy` int(10) DEFAULT NULL,
  `DateModified` timestamp NULL DEFAULT NULL,
  PRIMARY KEY (`IDJurnal`)
) ENGINE=MyISAM AUTO_INCREMENT=19 DEFAULT CHARSET=utf8;

DROP TABLE IF EXISTS `tb_jurnal_detail`;
CREATE TABLE `tb_jurnal_detail` (
  `IDJurnalDetail` bigint(15) NOT NULL AUTO_INCREMENT,
  `IDJurnal` int(15) DEFAULT NULL,
  `IDRekening` int(15) DEFAULT NULL,
  `JurnalRef` varchar(20) DEFAULT NULL,
  `NoRef` varchar(20) DEFAULT NULL COMMENT 'Simpan No Proyek, PO dsb',
  `Tanggal` date DEFAULT NULL,
  `Pos` enum('Debet','Kredit') DEFAULT NULL,
  `Keterangan` varchar(200) DEFAULT NULL,
  `Debet` double(15,2) DEFAULT NULL,
  `Kredit` double(15,2) DEFAULT NULL,
  `Closing` double(15,2) DEFAULT NULL,
  `MataUang` int(15) DEFAULT NULL,
  `Kurs` double(15,2) DEFAULT NULL,
  `DateCreated` timestamp NOT NULL DEFAULT CURRENT_TIMESTAMP,
  PRIMARY KEY (`IDJurnalDetail`)
) ENGINE=MyISAM AUTO_INCREMENT=13 DEFAULT CHARSET=utf8;

DROP TABLE IF EXISTS `tb_jurnal_edit_history`;
CREATE TABLE `tb_jurnal_edit_history` (
  `IDJurnalEditHistory` int(11) NOT NULL AUTO_INCREMENT,
  `IDJurnal` int(11) DEFAULT NULL,
  `ModifiedBy` int(11) DEFAULT NULL,
  `DateModified` datetime DEFAULT NULL,
  PRIMARY KEY (`IDJurnalEditHistory`)
) ENGINE=InnoDB DEFAULT CHARSET=utf8;

DROP TABLE IF EXISTS `tb_kartu_stok_gudang`;
CREATE TABLE `tb_kartu_stok_gudang` (
  `IDKartuStok` bigint(20) NOT NULL AUTO_INCREMENT,
  `IDGudang` bigint(20) DEFAULT NULL,
  `IDBarang` bigint(20) DEFAULT NULL,
  `Tanggal` date DEFAULT NULL,
  `Tipe` tinyint(1) DEFAULT NULL COMMENT '1=In;2=Out',
  `Source` tinyint(1) DEFAULT NULL COMMENT '1=PenerimaanBarang;2:Audit;3:Sales',
  `NoFaktur` varchar(20) DEFAULT NULL,
  `StokPenyesuaian` double DEFAULT NULL,
  `StokAkhir` double DEFAULT '0',
  `SN` varchar(100) DEFAULT NULL,
  `HPP` double DEFAULT NULL,
  `SubTotalHPP` double DEFAULT NULL,
  `Keterangan` text,
  `DateCreated` timestamp NOT NULL DEFAULT CURRENT_TIMESTAMP,
  `CreatedBy` bigint(20) DEFAULT NULL,
  PRIMARY KEY (`IDKartuStok`)
) ENGINE=MyISAM AUTO_INCREMENT=112 DEFAULT CHARSET=utf8;

DROP TABLE IF EXISTS `tb_kartu_stok_purchasing`;
CREATE TABLE `tb_kartu_stok_purchasing` (
  `IDKartuStok` bigint(20) NOT NULL AUTO_INCREMENT,
  `IDGudang` bigint(20) DEFAULT NULL,
  `IDPenjualan` bigint(20) DEFAULT NULL,
  `IDBarang` bigint(20) DEFAULT NULL,
  `Tanggal` date DEFAULT NULL,
  `Tipe` tinyint(1) DEFAULT NULL COMMENT '1=In;2=Out',
  `Source` tinyint(1) DEFAULT NULL COMMENT '1=PenerimaanBarang;2:Audit;3:Sales',
  `NoFaktur` varchar(20) DEFAULT NULL,
  `StokPenyesuaian` double DEFAULT NULL,
  `StokAkhir` double DEFAULT '0',
  `SN` varchar(100) DEFAULT NULL,
  `HPP` double DEFAULT NULL,
  `SubTotalHPP` double DEFAULT NULL,
  `Keterangan` text,
  `DateCreated` timestamp NOT NULL DEFAULT CURRENT_TIMESTAMP,
  `CreatedBy` bigint(20) DEFAULT NULL,
  PRIMARY KEY (`IDKartuStok`)
) ENGINE=MyISAM AUTO_INCREMENT=17 DEFAULT CHARSET=utf8;

DROP TABLE IF EXISTS `tb_karyawan`;
CREATE TABLE `tb_karyawan` (
  `IDKaryawan` int(10) NOT NULL AUTO_INCREMENT,
  `IDProyek` int(10) DEFAULT NULL,
  `IDJabatan` int(10) DEFAULT NULL,
  `IDJabatan2` int(10) DEFAULT NULL,
  `IDDepartement` int(10) DEFAULT NULL,
  `NIK` varchar(20) DEFAULT NULL,
  `NIK_Manual` varchar(50) DEFAULT NULL,
  `Nama` varchar(100) DEFAULT NULL,
  `JenisKelamin` enum('L','P') DEFAULT NULL,
  `AlamatSementara` varchar(200) DEFAULT NULL,
  `AlamatKTP` varchar(200) DEFAULT NULL,
  `NoTelp` varchar(20) DEFAULT NULL,
  `EmailPribadi` varchar(100) DEFAULT NULL,
  `StatusKaryawan` enum('Kontrak','Tetap','Harian') DEFAULT NULL,
  `MartialStatus` enum('Lajang','Menikah','Duda','Janda') DEFAULT NULL,
  `Agama` enum('Hindu','Budha','Katolik','Kristen','Islam') DEFAULT NULL,
  `StatusLainnya` enum('Kantor','Proyek','Spesial','Maintenance') DEFAULT NULL,
  `TahunMasuk` varchar(4) DEFAULT NULL,
  `BulanMasuk` varchar(2) DEFAULT NULL,
  `TanggalMasuk` varchar(2) DEFAULT NULL,
  `NamaAyah` varchar(100) DEFAULT NULL,
  `AlamatAyah` varchar(200) DEFAULT NULL,
  `NoTelpAyah` varchar(20) DEFAULT NULL,
  `NamaIbu` varchar(100) DEFAULT NULL,
  `AlamatIbu` varchar(200) DEFAULT NULL,
  `NoTelpIbu` varchar(20) DEFAULT NULL,
  `NamaSuami` varchar(100) DEFAULT NULL,
  `AlamatSuami` varchar(200) DEFAULT NULL,
  `NoTelpSuami` varchar(20) DEFAULT NULL,
  `NamaWali` varchar(100) DEFAULT NULL,
  `AlamatWali` varchar(200) DEFAULT NULL,
  `NoTelpWali` varchar(20) DEFAULT NULL,
  `Foto` varchar(200) DEFAULT NULL,
  `Usernm` varchar(50) DEFAULT NULL,
  `Passwd` varchar(50) DEFAULT NULL,
  `CardNumber` varchar(50) DEFAULT NULL,
  `NamaBank1` varchar(200) DEFAULT NULL,
  `NoRekening1` varchar(200) DEFAULT NULL,
  `NamaBank2` varchar(200) DEFAULT NULL,
  `NoRekening2` varchar(200) DEFAULT NULL,
  `Status` tinyint(1) DEFAULT '0',
  `TempatLahir` varchar(200) DEFAULT NULL,
  `TglLahir` date DEFAULT NULL,
  `PendidikanTerakhir` varchar(200) DEFAULT NULL,
  `JumlahAnak` varchar(200) DEFAULT NULL,
  `NoKTP` varchar(20) DEFAULT NULL,
  `AbsentID` varchar(200) DEFAULT NULL,
  `TanggalResign` date DEFAULT NULL,
  `FileSuratLamaran` varchar(200) DEFAULT NULL,
  `FileKTP` varchar(200) DEFAULT NULL,
  `FileKartuKeluarga` varchar(200) DEFAULT NULL,
  `FileIjasah` varchar(200) DEFAULT NULL,
  `FileSertifikatAsuransi` varchar(200) DEFAULT NULL,
  `FileBPJSKesehatan` varchar(200) DEFAULT NULL,
  `FileBPJSKetenagakerjaan` varchar(200) DEFAULT NULL,
  `FileSertifikatKeteranganKerja` varchar(200) DEFAULT NULL,
  `ModifiedBy` int(10) DEFAULT NULL,
  `DateModified` datetime DEFAULT NULL,
  PRIMARY KEY (`IDKaryawan`)
) ENGINE=MyISAM AUTO_INCREMENT=489 DEFAULT CHARSET=utf8;

DROP TABLE IF EXISTS `tb_karyawan_finger`;
CREATE TABLE `tb_karyawan_finger` (
  `IDFinger` int(11) unsigned NOT NULL AUTO_INCREMENT,
  `IDKaryawan` int(11) unsigned NOT NULL,
  `FingerData` text NOT NULL,
  PRIMARY KEY (`IDFinger`)
) ENGINE=MyISAM DEFAULT CHARSET=latin1;

DROP TABLE IF EXISTS `tb_log_delete`;
CREATE TABLE `tb_log_delete` (
  `IDLog` int(20) NOT NULL AUTO_INCREMENT,
  `IDUser` int(20) DEFAULT NULL,
  `Module` varchar(200) DEFAULT NULL,
  `NoInv` varchar(200) DEFAULT NULL,
  `Text` text,
  `DateCreated` timestamp NOT NULL DEFAULT CURRENT_TIMESTAMP,
  PRIMARY KEY (`IDLog`)
) ENGINE=MyISAM DEFAULT CHARSET=utf8;

DROP TABLE IF EXISTS `tb_master_rekening`;
CREATE TABLE `tb_master_rekening` (
  `IDRekening` int(10) NOT NULL AUTO_INCREMENT,
  `KodeRekening` varchar(10) NOT NULL,
  `NamaRekening` varchar(100) NOT NULL,
  `IDCurrency` int(10) NOT NULL,
  `IDParent` int(10) DEFAULT NULL,
  `Posisi` enum('Debet','Kredit') NOT NULL DEFAULT 'Debet',
  `Tipe` enum('H','D') NOT NULL DEFAULT 'D',
  `SaldoAwal` double(15,2) DEFAULT '0.00',
  `Kurs` double(15,2) DEFAULT '0.00',
  `TanggalSaldoAwal` date DEFAULT NULL,
  PRIMARY KEY (`IDRekening`)
) ENGINE=MyISAM AUTO_INCREMENT=273 DEFAULT CHARSET=latin1;

DROP TABLE IF EXISTS `tb_module`;
CREATE TABLE `tb_module` (
  `IDModule` int(10) NOT NULL AUTO_INCREMENT,
  `CodeModule` varchar(4) DEFAULT NULL,
  `ModuleName` varchar(200) DEFAULT NULL,
  `VisibilityName` varchar(200) DEFAULT NULL,
  PRIMARY KEY (`IDModule`)
) ENGINE=MyISAM AUTO_INCREMENT=34 DEFAULT CHARSET=utf8;

DROP TABLE IF EXISTS `tb_pelanggan`;
CREATE TABLE `tb_pelanggan` (
  `IDPelanggan` int(10) NOT NULL AUTO_INCREMENT,
  `KodePelanggan` varchar(10) DEFAULT NULL,
  `NamaPelanggan` varchar(100) DEFAULT NULL,
  `Alamat` varchar(200) DEFAULT NULL,
  `Kota` varchar(100) DEFAULT NULL,
  `Provinsi` varchar(100) DEFAULT NULL,
  `KodePos` varchar(5) DEFAULT NULL,
  `NoTelp` varchar(100) DEFAULT NULL,
  `NoFax` varchar(20) DEFAULT NULL,
  `Email` varchar(100) DEFAULT NULL,
  `Email2` varchar(100) DEFAULT NULL,
  `Website` varchar(100) DEFAULT NULL,
  `KontakPerson` varchar(100) DEFAULT NULL,
  `HP` varchar(20) DEFAULT NULL,
  `Kategori` varchar(100) DEFAULT NULL,
  `Status` tinyint(1) DEFAULT '0' COMMENT '0=TdkAktif;1=Aktif',
  `Jenis` enum('Perorangan','Perusahaan') DEFAULT NULL,
  `NamaKP1` varchar(100) DEFAULT NULL,
  `JabatanKP1` varchar(100) DEFAULT NULL,
  `EmailKP1` varchar(100) DEFAULT NULL,
  `HPKP1` varchar(20) DEFAULT NULL,
  `NamaKP2` varchar(100) DEFAULT NULL,
  `JabatanKP2` varchar(100) DEFAULT NULL,
  `EmailKP2` varchar(100) DEFAULT NULL,
  `HPKP2` varchar(20) DEFAULT NULL,
  `NamaNPWP` varchar(200) DEFAULT NULL,
  `NoNPWP` varchar(200) DEFAULT NULL,
  `AlamatNPWP` varchar(200) DEFAULT NULL,
  PRIMARY KEY (`IDPelanggan`)
) ENGINE=MyISAM AUTO_INCREMENT=46 DEFAULT CHARSET=utf8;

DROP TABLE IF EXISTS `tb_pelanggan_file`;
CREATE TABLE `tb_pelanggan_file` (
  `IDFile` int(11) NOT NULL AUTO_INCREMENT,
  `IDFileCategory` int(11) DEFAULT NULL,
  `IDPelanggan` int(11) DEFAULT NULL,
  `Nama` varchar(200) DEFAULT NULL,
  `Keterangan` text,
  `FileType` varchar(200) DEFAULT NULL,
  `FileName` varchar(200) DEFAULT NULL,
  `HashCode` varchar(200) DEFAULT NULL,
  `Publish` int(1) DEFAULT NULL,
  `DateCreated` timestamp NULL DEFAULT CURRENT_TIMESTAMP,
  `CreatedBy` int(11) DEFAULT NULL,
  `DateModified` datetime DEFAULT NULL,
  `ModifiedBy` int(11) DEFAULT NULL,
  PRIMARY KEY (`IDFile`)
) ENGINE=InnoDB DEFAULT CHARSET=utf8;

DROP TABLE IF EXISTS `tb_pelanggan_file_category`;
CREATE TABLE `tb_pelanggan_file_category` (
  `IDFileCategory` int(11) NOT NULL AUTO_INCREMENT,
  `Nama` varchar(200) DEFAULT NULL,
  `Status` tinyint(1) NOT NULL DEFAULT '1',
  `DateCreated` timestamp NOT NULL DEFAULT CURRENT_TIMESTAMP,
  `CreatedBy` int(11) DEFAULT NULL,
  `DateModified` datetime DEFAULT NULL,
  `ModifiedBy` int(11) DEFAULT NULL,
  PRIMARY KEY (`IDFileCategory`)
) ENGINE=InnoDB AUTO_INCREMENT=2 DEFAULT CHARSET=utf8;

DROP TABLE IF EXISTS `tb_penerimaan_stok`;
CREATE TABLE `tb_penerimaan_stok` (
  `IDPenerimaan` bigint(20) NOT NULL AUTO_INCREMENT,
  `NoPenerimaanBarang` varchar(20) NOT NULL,
  `NoPO` varchar(20) DEFAULT NULL,
  `Tanggal` date DEFAULT NULL,
  `IDSupplier` bigint(20) DEFAULT NULL,
  `IDPenjualan` bigint(20) NOT NULL,
  `IDGudang` bigint(20) DEFAULT NULL,
  `TotalQty` int(11) DEFAULT NULL,
  `TotalJenisItem` int(11) DEFAULT NULL,
  `TotalHPP` double(15,2) DEFAULT NULL,
  `Keterangan` text,
  `Status` tinyint(1) DEFAULT '1',
  `DeletedDate` datetime DEFAULT NULL,
  `DeletedBy` int(10) DEFAULT NULL,
  `DeletedRemark` text,
  `DateCreated` timestamp NOT NULL DEFAULT CURRENT_TIMESTAMP ON UPDATE CURRENT_TIMESTAMP,
  `CreatedBy` bigint(20) DEFAULT NULL,
  `DateModified` datetime DEFAULT NULL,
  `ModifiedBy` bigint(20) DEFAULT NULL,
  PRIMARY KEY (`IDPenerimaan`)
) ENGINE=MyISAM AUTO_INCREMENT=13 DEFAULT CHARSET=utf8;

DROP TABLE IF EXISTS `tb_penerimaan_stok_detail`;
CREATE TABLE `tb_penerimaan_stok_detail` (
  `IDDetail` bigint(20) NOT NULL AUTO_INCREMENT,
  `NoPenerimaanBarang` varchar(20) DEFAULT NULL,
  `NoUrut` bigint(20) DEFAULT NULL,
  `IDBarang` bigint(20) DEFAULT NULL,
  `NamaBarang` varchar(200) DEFAULT NULL,
  `Qty` bigint(20) DEFAULT NULL,
  `SN` varchar(200) DEFAULT NULL,
  `HPP` double(15,2) DEFAULT NULL,
  `IsPaket` int(1) DEFAULT '0',
  `SubTotal` double(15,2) DEFAULT NULL,
  `DateCreated` timestamp NOT NULL DEFAULT CURRENT_TIMESTAMP,
  `CreatedBy` bigint(20) DEFAULT NULL,
  `DateModified` datetime DEFAULT NULL,
  `ModifiedBy` bigint(20) DEFAULT NULL,
  PRIMARY KEY (`IDDetail`)
) ENGINE=MyISAM AUTO_INCREMENT=74 DEFAULT CHARSET=utf8;

DROP TABLE IF EXISTS `tb_pengumuman`;
CREATE TABLE `tb_pengumuman` (
  `IDPengumuman` int(10) NOT NULL AUTO_INCREMENT,
  `Judul` varchar(200) DEFAULT NULL,
  `Keterangan` text,
  `DateCreated` timestamp NOT NULL DEFAULT CURRENT_TIMESTAMP,
  `CreatedBy` int(10) DEFAULT NULL,
  PRIMARY KEY (`IDPengumuman`)
) ENGINE=MyISAM DEFAULT CHARSET=utf8;

DROP TABLE IF EXISTS `tb_pengumuman_read`;
CREATE TABLE `tb_pengumuman_read` (
  `IDPengumumanRead` int(10) NOT NULL AUTO_INCREMENT,
  `IDPengumuman` int(10) DEFAULT NULL,
  `IDMember` int(10) DEFAULT NULL,
  `DateCreated` timestamp NOT NULL DEFAULT CURRENT_TIMESTAMP,
  PRIMARY KEY (`IDPengumumanRead`)
) ENGINE=MyISAM DEFAULT CHARSET=utf8;

DROP TABLE IF EXISTS `tb_penjualan`;
CREATE TABLE `tb_penjualan` (
  `IDPenjualan` int(20) NOT NULL AUTO_INCREMENT,
  `NoPenjualan` varchar(50) DEFAULT NULL,
  `NoSPH` varchar(50) DEFAULT NULL,
  `NoPOKonsumen` varchar(100) DEFAULT NULL,
  `IDSales` int(10) DEFAULT NULL,
  `IDPelanggan` int(10) DEFAULT NULL,
  `Jenis` enum('Wika','Voksel','Asialing','Umum','Sparepart & Service','Instalasi Plumbing & Elektrikal') DEFAULT NULL,
  `Tipe` int(1) DEFAULT '1' COMMENT '1=Retail;2=Grosir',
  `Tanggal` date DEFAULT NULL,
  `TotalItem` double DEFAULT NULL,
  `Total` double(15,2) DEFAULT NULL,
  `Diskon` double(15,2) DEFAULT NULL,
  `DiskonPersen` text,
  `Total2` double(15,2) DEFAULT NULL,
  `PPN` double(15,2) DEFAULT NULL,
  `PPNPersen` int(11) DEFAULT NULL,
  `GrandTotal` double(15,2) DEFAULT NULL,
  `OngkosKirim` double(15,2) DEFAULT '0.00',
  `TotalPembayaran` double(15,2) DEFAULT '0.00',
  `TotalHPP` double(15,2) DEFAULT NULL,
  `TotalHPPReal` double(15,2) DEFAULT NULL,
  `TotalMargin` double(15,2) DEFAULT NULL,
  `IsComplete` int(1) DEFAULT '0',
  `Kembali` double(15,2) DEFAULT NULL,
  `Sisa` double(15,2) DEFAULT NULL,
  `Keterangan` text,
  `Prihal` text,
  `TermAndCondition` text,
  `Included` text,
  `TanggalPemasangan` text,
  `KondisiPembayaran` text,
  `DP` int(3) DEFAULT '0',
  `TerminI` int(3) DEFAULT '0',
  `TerminII` int(3) DEFAULT '0',
  `TerminIII` int(3) DEFAULT '0',
  `TerminIV` int(3) DEFAULT '0',
  `TerminV` int(3) DEFAULT '0',
  `Kategori` varchar(200) DEFAULT NULL,
  `DeletedDate` datetime DEFAULT NULL,
  `DeletedBy` int(10) DEFAULT NULL,
  `DeletedRemark` text,
  `CreatedBy` int(10) DEFAULT NULL,
  `DateCreated` timestamp NOT NULL DEFAULT CURRENT_TIMESTAMP,
  `ModifiedBy` int(10) DEFAULT NULL,
  `DateModified` datetime DEFAULT NULL,
  PRIMARY KEY (`IDPenjualan`)
) ENGINE=MyISAM AUTO_INCREMENT=56 DEFAULT CHARSET=utf8;

DROP TABLE IF EXISTS `tb_penjualan_detail`;
CREATE TABLE `tb_penjualan_detail` (
  `IDDetail` int(10) NOT NULL AUTO_INCREMENT,
  `NoPenjualan` varchar(50) DEFAULT NULL,
  `NoUrut` int(3) DEFAULT NULL,
  `IDBarang` int(10) DEFAULT NULL,
  `NamaBarang` varchar(100) DEFAULT NULL,
  `NamaBarangDisplay` varchar(100) DEFAULT NULL,
  `Qty` float DEFAULT NULL,
  `SN` varchar(50) DEFAULT NULL,
  `HargaBeli` double DEFAULT NULL,
  `HargaBeliReal` double DEFAULT NULL,
  `Harga` double DEFAULT NULL,
  `Diskon` double(15,2) DEFAULT NULL,
  `DiskonPersen` double(15,2) DEFAULT NULL,
  `DiskonValue` varchar(20) DEFAULT NULL,
  `DiskonType` tinyint(1) NOT NULL DEFAULT '0',
  `Total2` double DEFAULT '0',
  `SubTotal` double DEFAULT NULL,
  `Margin` double DEFAULT NULL,
  `Garansi` date DEFAULT NULL,
  `IsParent` int(10) DEFAULT '0',
  `IsChild` int(10) DEFAULT '0',
  `QtyOriginal` double DEFAULT NULL,
  `SubTotalOriginal` double DEFAULT NULL,
  `MarginOriginal` double DEFAULT NULL,
  PRIMARY KEY (`IDDetail`)
) ENGINE=MyISAM AUTO_INCREMENT=93 DEFAULT CHARSET=utf8;

DROP TABLE IF EXISTS `tb_penjualan_file`;
CREATE TABLE `tb_penjualan_file` (
  `IDFile` int(11) NOT NULL AUTO_INCREMENT,
  `IDPenjualanFileCategory` int(11) DEFAULT NULL,
  `IDPenjualan` int(11) DEFAULT NULL,
  `Nama` varchar(200) DEFAULT NULL,
  `Keterangan` text,
  `FileType` varchar(200) DEFAULT NULL,
  `FileName` varchar(200) DEFAULT NULL,
  `HashCode` varchar(200) DEFAULT NULL,
  `Publish` int(1) DEFAULT NULL,
  `DateCreated` timestamp NULL DEFAULT CURRENT_TIMESTAMP,
  `CreatedBy` int(11) DEFAULT NULL,
  `DateModified` datetime DEFAULT NULL,
  `ModifiedBy` int(11) DEFAULT NULL,
  PRIMARY KEY (`IDFile`)
) ENGINE=InnoDB DEFAULT CHARSET=utf8;

DROP TABLE IF EXISTS `tb_penjualan_file_category`;
CREATE TABLE `tb_penjualan_file_category` (
  `IDPenjualanFileCategory` bigint(20) NOT NULL AUTO_INCREMENT,
  `Nama` varchar(255) DEFAULT NULL,
  `Status` tinyint(1) DEFAULT NULL,
  `CreatedBy` bigint(20) DEFAULT NULL,
  `DateCreated` timestamp NULL DEFAULT CURRENT_TIMESTAMP,
  `ModifiedBy` bigint(20) DEFAULT NULL,
  `DateModified` datetime DEFAULT NULL,
  PRIMARY KEY (`IDPenjualanFileCategory`)
) ENGINE=InnoDB AUTO_INCREMENT=2 DEFAULT CHARSET=utf8;

DROP TABLE IF EXISTS `tb_penjualan_invoice`;
CREATE TABLE `tb_penjualan_invoice` (
  `IDInvoice` int(10) NOT NULL AUTO_INCREMENT,
  `NoInvoice` varchar(20) NOT NULL,
  `NoFakturPajak` varchar(50) DEFAULT NULL,
  `IDPenjualan` int(10) NOT NULL,
  `NoPenjualan` varchar(50) NOT NULL,
  `IDSuratJalan` varchar(100) DEFAULT NULL,
  `TOP` varchar(100) DEFAULT NULL,
  `Tanggal` date NOT NULL,
  `JatuhTempo` date NOT NULL,
  `JumlahPersen` int(3) DEFAULT NULL,
  `Jumlah` double(15,2) NOT NULL,
  `DiskonPersen` int(3) DEFAULT NULL,
  `Diskon` double(15,2) DEFAULT NULL,
  `Jumlah2` double(15,2) DEFAULT NULL,
  `PPNPersen` int(3) DEFAULT NULL,
  `PPN` double(15,2) DEFAULT NULL,
  `GrandTotal` double(15,2) DEFAULT NULL,
  `Sisa` double(15,2) DEFAULT NULL,
  `Keterangan` text,
  `Terbilang` text,
  `Note1` text,
  `Note2` text,
  `Status` tinyint(1) DEFAULT '1',
  `IsPajak` int(1) DEFAULT '0',
  `CreatedBy` int(10) NOT NULL,
  `DateCreated` timestamp NOT NULL DEFAULT CURRENT_TIMESTAMP,
  PRIMARY KEY (`IDInvoice`)
) ENGINE=MyISAM AUTO_INCREMENT=62 DEFAULT CHARSET=utf8;

DROP TABLE IF EXISTS `tb_penjualan_invoice_detail`;
CREATE TABLE `tb_penjualan_invoice_detail` (
  `IDDetail` int(10) NOT NULL AUTO_INCREMENT,
  `IDInvoice` int(10) DEFAULT NULL,
  `NoInvoice` varchar(50) DEFAULT NULL,
  `NoUrut` int(3) DEFAULT NULL,
  `IDBarang` int(10) DEFAULT NULL,
  `NamaBarang` varchar(100) DEFAULT NULL,
  `NamaBarangDisplay` varchar(100) DEFAULT NULL,
  `Qty` float DEFAULT NULL,
  `SN` varchar(50) DEFAULT NULL,
  `HargaBeli` double DEFAULT NULL,
  `Harga` double DEFAULT NULL,
  `Diskon` double(15,2) DEFAULT NULL,
  `DiskonPersen` double(15,2) DEFAULT NULL,
  `DiskonValue` varchar(20) DEFAULT NULL,
  `DiskonType` tinyint(1) NOT NULL DEFAULT '0',
  `SubTotal` double DEFAULT NULL,
  `Margin` double DEFAULT NULL,
  PRIMARY KEY (`IDDetail`)
) ENGINE=MyISAM AUTO_INCREMENT=101 DEFAULT CHARSET=utf8;

DROP TABLE IF EXISTS `tb_penjualan_invoice_penerimaan`;
CREATE TABLE `tb_penjualan_invoice_penerimaan` (
  `IDPenerimaan` int(10) NOT NULL AUTO_INCREMENT,
  `Tanggal` date DEFAULT NULL,
  `NoPenerimaan` varchar(50) DEFAULT NULL,
  `IDInvoice` int(10) DEFAULT NULL,
  `Jumlah` double(15,2) DEFAULT NULL,
  `Keterangan` text,
  `DateCreated` timestamp NOT NULL DEFAULT CURRENT_TIMESTAMP ON UPDATE CURRENT_TIMESTAMP,
  `CreatedBy` int(10) DEFAULT NULL,
  PRIMARY KEY (`IDPenerimaan`)
) ENGINE=MyISAM DEFAULT CHARSET=utf8;

DROP TABLE IF EXISTS `tb_penjualan_surat_jalan`;
CREATE TABLE `tb_penjualan_surat_jalan` (
  `IDSuratJalan` int(10) NOT NULL AUTO_INCREMENT,
  `NoSuratJalan` varchar(30) DEFAULT NULL,
  `IDPenjualan` int(10) DEFAULT NULL,
  `NoPenjualan` varchar(50) DEFAULT NULL,
  `IDGudang` bigint(20) DEFAULT NULL,
  `Tanggal` date DEFAULT NULL,
  `Total` double DEFAULT NULL,
  `TotalNilai` double(15,2) DEFAULT NULL,
  `Diskon` double(15,2) DEFAULT NULL,
  `DiskonPersen` double(15,2) DEFAULT NULL,
  `TotalNilai2` double(15,2) DEFAULT NULL,
  `PPN` double(15,2) DEFAULT NULL,
  `PPNPersen` double(15,2) DEFAULT NULL,
  `GrandTotal` double(15,2) DEFAULT NULL,
  `TotalHPP` double(15,2) DEFAULT NULL,
  `TotalHPPReal` double(15,2) DEFAULT NULL,
  `TotalMargin` double(15,2) DEFAULT NULL,
  `Keterangan` text,
  `MaterialBantu` tinyint(4) NOT NULL DEFAULT '0',
  `Status` tinyint(1) DEFAULT '1',
  `DeletedDate` datetime DEFAULT NULL,
  `DeletedBy` int(10) DEFAULT NULL,
  `DeletedRemark` text,
  `CreatedBy` int(10) DEFAULT NULL,
  `DateCreated` timestamp NOT NULL DEFAULT CURRENT_TIMESTAMP,
  `ModifiedBy` int(10) DEFAULT NULL,
  `DateModified` datetime DEFAULT NULL,
  PRIMARY KEY (`IDSuratJalan`)
) ENGINE=MyISAM AUTO_INCREMENT=24 DEFAULT CHARSET=utf8;

DROP TABLE IF EXISTS `tb_penjualan_surat_jalan_detail`;
CREATE TABLE `tb_penjualan_surat_jalan_detail` (
  `IDetail` int(10) NOT NULL AUTO_INCREMENT,
  `NoSuratJalan` varchar(20) DEFAULT NULL,
  `NoUrut` int(3) DEFAULT NULL,
  `IDBarang` int(10) DEFAULT NULL,
  `NamaBarang` varchar(100) DEFAULT NULL,
  `Qty` float DEFAULT NULL,
  `SN` varchar(50) DEFAULT NULL,
  `HPP` double(15,2) DEFAULT NULL,
  `HPPReal` double(15,2) DEFAULT NULL,
  `Harga` double(15,2) DEFAULT NULL,
  `Diskon` double(15,2) DEFAULT NULL,
  `DiskonPersen` double(15,2) DEFAULT NULL,
  `DiskonValue` varchar(20) DEFAULT NULL,
  `DiskonType` tinyint(1) NOT NULL DEFAULT '0',
  `Margin` double(15,2) DEFAULT NULL,
  `SubTotal` double(15,2) DEFAULT NULL,
  `SubTotalHPP` double(15,2) DEFAULT NULL,
  `SubTotalMargin` double(15,2) DEFAULT NULL,
  `IsPaket` int(1) DEFAULT '0',
  `IsChild` int(1) DEFAULT '0',
  `Garansi` date DEFAULT NULL,
  `IDStok` int(10) DEFAULT NULL,
  `StokFrom` tinyint(1) DEFAULT '0' COMMENT '0=Gudang;1=Purchasing',
  `IsInstallasi` tinyint(1) DEFAULT '0',
  PRIMARY KEY (`IDetail`)
) ENGINE=MyISAM AUTO_INCREMENT=30 DEFAULT CHARSET=utf8;

DROP TABLE IF EXISTS `tb_penjualan_vo`;
CREATE TABLE `tb_penjualan_vo` (
  `IDPenjualanVO` int(20) NOT NULL AUTO_INCREMENT,
  `NoVO` varchar(50) DEFAULT NULL,
  `IDPenjualan` int(20) DEFAULT NULL,
  `Tanggal` date DEFAULT NULL,
  `Keterangan` text,
  `TotalItem` double DEFAULT NULL,
  `Total` double(15,2) DEFAULT NULL,
  `Diskon` double(15,2) DEFAULT NULL,
  `DiskonPersen` int(11) DEFAULT NULL,
  `Total2` double(15,2) DEFAULT NULL,
  `PPN` double(15,2) DEFAULT NULL,
  `PPNPersen` int(11) DEFAULT NULL,
  `GrandTotal` double(15,2) DEFAULT NULL,
  `TotalHPP` double(15,2) DEFAULT NULL,
  `TotalHPPReal` double(15,2) DEFAULT NULL,
  `TotalMargin` double(15,2) DEFAULT NULL,
  `GrandTotalSPB` double(15,2) DEFAULT NULL,
  `GrandTotalSPBAkhir` double(15,2) DEFAULT NULL,
  `Status` tinyint(1) DEFAULT '1',
  `DeletedDate` datetime DEFAULT NULL,
  `DeletedBy` int(10) DEFAULT NULL,
  `DeletedRemark` text,
  `CreatedBy` int(10) DEFAULT NULL,
  `DateCreated` timestamp NOT NULL DEFAULT CURRENT_TIMESTAMP,
  `ModifiedBy` int(10) DEFAULT NULL,
  `DateModified` datetime DEFAULT NULL,
  PRIMARY KEY (`IDPenjualanVO`)
) ENGINE=MyISAM AUTO_INCREMENT=5 DEFAULT CHARSET=utf8;

DROP TABLE IF EXISTS `tb_penjualan_vo_detail`;
CREATE TABLE `tb_penjualan_vo_detail` (
  `IDDetail` int(10) NOT NULL AUTO_INCREMENT,
  `NoVO` varchar(50) DEFAULT NULL,
  `NoUrut` int(3) DEFAULT NULL,
  `IDBarang` int(10) DEFAULT NULL,
  `NamaBarang` varchar(100) DEFAULT NULL,
  `NamaBarangDisplay` varchar(100) DEFAULT NULL,
  `Qty` float DEFAULT NULL,
  `SN` varchar(50) DEFAULT NULL,
  `HargaBeli` double DEFAULT NULL,
  `HargaBeliReal` double DEFAULT NULL,
  `Harga` double DEFAULT NULL,
  `Diskon` double(15,2) DEFAULT NULL,
  `DiskonPersen` double(15,2) DEFAULT NULL,
  `DiskonValue` varchar(20) DEFAULT NULL,
  `DiskonType` tinyint(1) NOT NULL DEFAULT '0',
  `SubTotal` double DEFAULT NULL,
  `Margin` double DEFAULT NULL,
  `Garansi` date DEFAULT NULL,
  `IsParent` int(10) DEFAULT '0',
  `IsChild` int(10) DEFAULT '0',
  PRIMARY KEY (`IDDetail`)
) ENGINE=MyISAM AUTO_INCREMENT=7 DEFAULT CHARSET=utf8;

DROP TABLE IF EXISTS `tb_po`;
CREATE TABLE `tb_po` (
  `IDPO` int(10) NOT NULL AUTO_INCREMENT,
  `NoPO` varchar(20) DEFAULT NULL,
  `IDSupplier` int(10) DEFAULT NULL,
  `IDPenjualan` int(10) DEFAULT NULL,
  `NoSPB` varchar(20) DEFAULT NULL,
  `Tanggal` date DEFAULT NULL,
  `Total` double(15,2) DEFAULT '0.00',
  `DiskonPersen` varchar(100) DEFAULT NULL,
  `Diskon` double(15,2) DEFAULT '0.00',
  `Total2` double(15,2) DEFAULT '0.00',
  `PPNPersen` int(5) DEFAULT NULL,
  `PPN` double(15,2) DEFAULT '0.00',
  `GrandTotal` double(15,2) DEFAULT '0.00',
  `PembayaranDP` double(15,2) DEFAULT '0.00',
  `MetodePembayaran1` varchar(200) DEFAULT NULL,
  `MetodePembayaran2` varchar(200) DEFAULT NULL,
  `NoBG` varchar(50) DEFAULT NULL,
  `JatuhTempoBG` date DEFAULT NULL,
  `TotalPembayaran` double(15,2) DEFAULT '0.00',
  `Kembali` double(15,2) DEFAULT '0.00',
  `Sisa` double(15,2) DEFAULT '0.00',
  `Keterangan` longtext,
  `InvPembayaran` text,
  `InvBank` text,
  `InvDelivery` text,
  `InvExpedisi` text,
  `InvAlamatPengiriman` text,
  `Completed` tinyint(1) DEFAULT '0' COMMENT '1=Complete PO',
  `JenisPO` tinyint(1) DEFAULT '1' COMMENT '1=PO Material;2=PO Tenaga SubKon;3=PO Overhead;',
  `IsPajak` tinyint(1) DEFAULT '0' COMMENT '0=NonPajak;1=Pajak',
  `IsAccidental` tinyint(1) NOT NULL DEFAULT '0',
  `IsAudit` tinyint(1) NOT NULL DEFAULT '0',
  `IsMMSMaterialBantu` tinyint(1) DEFAULT '0',
  `FakturPajak` varchar(200) DEFAULT NULL,
  `DaftarFakturPajak` text,
  `Kategori` varchar(200) DEFAULT NULL,
  `DeletedDate` datetime DEFAULT NULL,
  `DeletedBy` int(10) DEFAULT NULL,
  `DeletedRemark` text,
  `CreatedBy` int(10) DEFAULT NULL,
  `DateCreated` timestamp NOT NULL DEFAULT CURRENT_TIMESTAMP,
  `ModifiedBy` int(10) DEFAULT NULL,
  `DateModified` datetime DEFAULT NULL,
  `CompletedFakturPajak` tinyint(1) NOT NULL DEFAULT '0',
  PRIMARY KEY (`IDPO`)
) ENGINE=MyISAM AUTO_INCREMENT=29 DEFAULT CHARSET=utf8;

DROP TABLE IF EXISTS `tb_po_detail`;
CREATE TABLE `tb_po_detail` (
  `IDDetail` int(10) NOT NULL AUTO_INCREMENT,
  `NoPO` varchar(20) DEFAULT NULL,
  `NoUrut` int(3) DEFAULT NULL,
  `IDBarang` int(10) DEFAULT NULL,
  `NamaBarang` varchar(100) DEFAULT NULL,
  `Qty` float DEFAULT NULL,
  `Satuan` varchar(20) DEFAULT NULL,
  `Harga` double DEFAULT NULL,
  `Diskon` double DEFAULT NULL,
  `DiskonPersen` double DEFAULT NULL,
  `DiskonValue` varchar(255) DEFAULT NULL,
  `DiskonType` tinyint(4) DEFAULT '0',
  `HargaDiskon` double DEFAULT NULL,
  `SubTotal` double DEFAULT NULL,
  PRIMARY KEY (`IDDetail`)
) ENGINE=MyISAM AUTO_INCREMENT=243 DEFAULT CHARSET=utf8;

DROP TABLE IF EXISTS `tb_po_faktur_pajak`;
CREATE TABLE `tb_po_faktur_pajak` (
  `IDPOFakturPajak` int(11) NOT NULL AUTO_INCREMENT,
  `IDPO` int(11) DEFAULT NULL,
  `NoPO` varchar(100) DEFAULT NULL,
  `NoFaktur` varchar(100) DEFAULT NULL,
  `Tanggal` date DEFAULT NULL,
  `Keterangan` text,
  `Nilai` double DEFAULT NULL,
  `File` varchar(200) DEFAULT NULL,
  `DateCreated` timestamp NULL DEFAULT NULL,
  `CreatedBy` int(11) DEFAULT NULL,
  `DateModified` datetime DEFAULT NULL,
  `ModifiedBy` int(11) DEFAULT NULL,
  `FromSupplier` tinyint(1) NOT NULL DEFAULT '0',
  `Status` tinyint(1) NOT NULL DEFAULT '1',
  PRIMARY KEY (`IDPOFakturPajak`)
) ENGINE=InnoDB DEFAULT CHARSET=utf8;

DROP TABLE IF EXISTS `tb_public_holiday`;
CREATE TABLE `tb_public_holiday` (
  `IDPublicHoliday` int(10) NOT NULL AUTO_INCREMENT,
  `NamaHariLibur` varchar(200) DEFAULT NULL,
  `Keterangan` text,
  `DariTanggal` date DEFAULT NULL,
  `SampaiTanggal` date DEFAULT NULL,
  `DateCreated` timestamp NOT NULL DEFAULT CURRENT_TIMESTAMP ON UPDATE CURRENT_TIMESTAMP,
  `CreatedBy` int(10) DEFAULT NULL,
  PRIMARY KEY (`IDPublicHoliday`)
) ENGINE=MyISAM DEFAULT CHARSET=utf8;

DROP TABLE IF EXISTS `tb_reimburse`;
CREATE TABLE `tb_reimburse` (
  `IDReimburse` int(10) NOT NULL AUTO_INCREMENT,
  `NoReimburse` varchar(20) DEFAULT NULL,
  `IDKaryawan` int(10) DEFAULT NULL,
  `Tanggal` date DEFAULT NULL,
  `Kategori` varchar(50) DEFAULT NULL,
  `IDProyek` int(10) DEFAULT NULL,
  `NoKendaraan` varchar(20) DEFAULT NULL,
  `TotalNilai` double DEFAULT NULL,
  `JumlahLiterBBM` int(3) DEFAULT NULL,
  `KMKendaraan` int(10) DEFAULT NULL,
  `LokasiService` varchar(200) DEFAULT NULL,
  `FotoBukti` varchar(200) DEFAULT NULL,
  `Status` tinyint(1) DEFAULT '0' COMMENT '0=Baru;1=ApprovedHRD;2=PaidFinance',
  `TanggalApproved` date DEFAULT NULL,
  `TanggalCompleted` date DEFAULT NULL,
  `ApprovedBy` int(11) DEFAULT NULL,
  `CompletedBy` int(11) DEFAULT NULL,
  `MetodePembayaran` varchar(200) DEFAULT NULL,
  `MetodePembayaran1` int(10) DEFAULT NULL,
  `MetodePembayaran2` int(10) DEFAULT NULL,
  `NoBG` varchar(200) DEFAULT NULL,
  `BGJatuhTempo` date DEFAULT NULL,
  `Keterangan` varchar(200) DEFAULT NULL,
  `Image1` varchar(200) DEFAULT NULL,
  `Image2` varchar(200) DEFAULT NULL,
  `Image3` varchar(200) DEFAULT NULL,
  `CreatedBy` int(10) DEFAULT NULL,
  `DateCreated` timestamp NOT NULL DEFAULT CURRENT_TIMESTAMP,
  PRIMARY KEY (`IDReimburse`)
) ENGINE=MyISAM DEFAULT CHARSET=utf8;

DROP TABLE IF EXISTS `tb_return_asset`;
CREATE TABLE `tb_return_asset` (
  `IDReturn` int(10) NOT NULL AUTO_INCREMENT,
  `NoReturn` varchar(50) DEFAULT NULL,
  `Tanggal` date DEFAULT NULL,
  `IDKaryawan` int(10) DEFAULT NULL,
  `IDProyek` int(10) DEFAULT NULL,
  `TotalItem` int(10) DEFAULT NULL,
  `IsProyek` int(1) DEFAULT '0',
  `HashCode` varchar(200) DEFAULT NULL,
  `CreatedBy` int(10) DEFAULT NULL,
  `DateCreated` timestamp NOT NULL DEFAULT CURRENT_TIMESTAMP,
  `ModifiedBy` int(10) DEFAULT NULL,
  `DateModified` datetime DEFAULT NULL,
  PRIMARY KEY (`IDReturn`)
) ENGINE=MyISAM DEFAULT CHARSET=utf8;

DROP TABLE IF EXISTS `tb_return_asset_detail`;
CREATE TABLE `tb_return_asset_detail` (
  `IDReturnDetail` int(10) NOT NULL AUTO_INCREMENT,
  `IDReturn` int(10) DEFAULT NULL,
  `IDAsset` int(10) DEFAULT NULL,
  `KodeAsset` varchar(20) DEFAULT NULL,
  `Nama` varchar(100) DEFAULT NULL,
  PRIMARY KEY (`IDReturnDetail`)
) ENGINE=MyISAM DEFAULT CHARSET=utf8;

DROP TABLE IF EXISTS `tb_saldo_awal`;
CREATE TABLE `tb_saldo_awal` (
  `IDSaldo` int(10) NOT NULL AUTO_INCREMENT,
  `IDRekening` int(10) DEFAULT NULL,
  `Tahun` year(4) DEFAULT NULL,
  `SaldoAwal` double(15,2) DEFAULT NULL,
  `Posisi` enum('Debet','Kredit') DEFAULT NULL,
  `CreatedBy` int(10) DEFAULT NULL,
  `DateCreated` timestamp NOT NULL DEFAULT CURRENT_TIMESTAMP,
  PRIMARY KEY (`IDSaldo`)
) ENGINE=MyISAM DEFAULT CHARSET=utf8;

DROP TABLE IF EXISTS `tb_satuan`;
CREATE TABLE `tb_satuan` (
  `IDSatuan` int(10) NOT NULL AUTO_INCREMENT,
  `Nama` varchar(200) DEFAULT NULL,
  PRIMARY KEY (`IDSatuan`)
) ENGINE=MyISAM AUTO_INCREMENT=6 DEFAULT CHARSET=utf8;

DROP TABLE IF EXISTS `tb_setting`;
CREATE TABLE `tb_setting` (
  `IDSetting` int(10) NOT NULL AUTO_INCREMENT,
  `Setting` varchar(200) DEFAULT NULL,
  `Value` varchar(200) DEFAULT NULL,
  `LastUpdate` timestamp NOT NULL DEFAULT CURRENT_TIMESTAMP,
  PRIMARY KEY (`IDSetting`)
) ENGINE=MyISAM DEFAULT CHARSET=utf8;

DROP TABLE IF EXISTS `tb_slip_gaji`;
CREATE TABLE `tb_slip_gaji` (
  `IDSlipGaji` int(10) NOT NULL AUTO_INCREMENT,
  `NoSlip` varchar(20) DEFAULT NULL,
  `Tipe` int(1) DEFAULT '1' COMMENT '1=Tetap;2=HarianKantor;3=HarianProyek;4=HarianMaintenance',
  `IDKaryawan` int(10) DEFAULT NULL,
  `IDProyek` int(10) DEFAULT NULL,
  `NIK` varchar(20) DEFAULT NULL,
  `NamaKaryawan` varchar(100) DEFAULT NULL,
  `Tanggal` date DEFAULT NULL,
  `GajiBulan` int(2) DEFAULT NULL,
  `GajiTahun` int(4) DEFAULT NULL,
  `PeriodeStart` date DEFAULT NULL,
  `PeriodeEnd` date DEFAULT NULL,
  `Jabatan` varchar(100) DEFAULT NULL,
  `Alamat` varchar(200) DEFAULT NULL,
  `Telp` varchar(100) DEFAULT NULL,
  `GajiPokokHarian` double DEFAULT NULL,
  `GajiPokok` double DEFAULT NULL,
  `UangMakanHarian` double DEFAULT NULL,
  `UangTransportHarian` double DEFAULT NULL,
  `UangHadirHarian` double DEFAULT NULL,
  `TotalAbsen` double DEFAULT NULL,
  `TotalAbsenGapok` double DEFAULT NULL,
  `TotalJamLembur` double DEFAULT NULL,
  `UangMakan` double DEFAULT NULL,
  `UangTransport` double DEFAULT NULL,
  `UangPulsa` double DEFAULT NULL,
  `UangTunjanganPerformance` double DEFAULT NULL,
  `UangTunjanganKhusus` double DEFAULT NULL,
  `UangTunjanganLuarKota` double DEFAULT NULL,
  `UangHadir` double DEFAULT NULL,
  `LemburPerJam` double DEFAULT NULL,
  `LemburPerJamTipe` int(1) DEFAULT '1',
  `UangLemburPerJam` double DEFAULT NULL,
  `UangLembur` double DEFAULT NULL,
  `UangMakanLembur` double DEFAULT NULL,
  `LainLain` double DEFAULT NULL,
  `LainLain2` double DEFAULT NULL,
  `CutiMinus` int(3) DEFAULT NULL,
  `PotonganHutang` double DEFAULT NULL,
  `PotonganCutiMinus` double DEFAULT NULL,
  `PotonganAlpha` double DEFAULT NULL,
  `PotonganPinjaman` double DEFAULT NULL,
  `PotonganKasbon` double DEFAULT NULL,
  `PotonganLainLain` double DEFAULT NULL,
  `PotonganJamsostek` double NOT NULL,
  `TotalPendapatan` double DEFAULT NULL,
  `TotalPotongan` double DEFAULT NULL,
  `TotalGaji` double DEFAULT NULL,
  `TotalAlpha` int(3) DEFAULT NULL,
  `Keterangan` text,
  `DibuatOleh` int(10) DEFAULT NULL,
  `Harian` int(1) DEFAULT '0',
  `AbsenDetail` text,
  `DateCreated` timestamp NULL DEFAULT CURRENT_TIMESTAMP,
  `CreatedBy` int(10) DEFAULT NULL,
  `Status` int(1) DEFAULT '0',
  PRIMARY KEY (`IDSlipGaji`)
) ENGINE=MyISAM DEFAULT CHARSET=utf8;

DROP TABLE IF EXISTS `tb_sph`;
CREATE TABLE `tb_sph` (
  `IDSPH` int(10) NOT NULL AUTO_INCREMENT,
  `NoSPH` varchar(50) DEFAULT NULL,
  `IDSales` int(10) DEFAULT NULL,
  `IDPelanggan` int(10) DEFAULT NULL,
  `Tanggal` date DEFAULT NULL,
  `TotalItem` double DEFAULT NULL,
  `Total` double(15,2) DEFAULT NULL,
  `Diskon` double(15,2) DEFAULT NULL,
  `DiskonPersen` int(11) DEFAULT NULL,
  `Total2` double(15,2) DEFAULT NULL,
  `PPN` double(15,2) DEFAULT NULL,
  `PPNPersen` int(11) DEFAULT NULL,
  `GrandTotal` double(15,2) DEFAULT NULL,
  `TotalPembayaran` double(15,2) DEFAULT '0.00',
  `TotalHPP` double(15,2) DEFAULT NULL,
  `TotalHPPReal` double DEFAULT NULL,
  `TotalMargin` double(15,2) DEFAULT NULL,
  `Kembali` double(15,2) DEFAULT NULL,
  `Sisa` double(15,2) DEFAULT NULL,
  `Keterangan` text,
  `Status` tinyint(1) DEFAULT '1',
  `DeletedDate` datetime DEFAULT NULL,
  `DeletedBy` int(10) DEFAULT NULL,
  `DeletedRemark` text,
  `CreatedBy` int(10) DEFAULT NULL,
  `DateCreated` timestamp NOT NULL DEFAULT CURRENT_TIMESTAMP,
  `ModifiedBy` int(10) DEFAULT NULL,
  `DateModified` datetime DEFAULT NULL,
  PRIMARY KEY (`IDSPH`)
) ENGINE=MyISAM AUTO_INCREMENT=54 DEFAULT CHARSET=utf8;

DROP TABLE IF EXISTS `tb_sph_detail`;
CREATE TABLE `tb_sph_detail` (
  `IDDetail` int(10) NOT NULL AUTO_INCREMENT,
  `NoSPH` varchar(50) DEFAULT NULL,
  `NoUrut` int(3) DEFAULT NULL,
  `IDBarang` int(10) DEFAULT NULL,
  `NamaBarang` varchar(100) DEFAULT NULL,
  `Qty` float DEFAULT NULL,
  `SN` varchar(50) DEFAULT NULL,
  `HargaBeli` double DEFAULT NULL,
  `HargaBeliReal` double DEFAULT NULL,
  `Harga` double DEFAULT NULL,
  `Diskon` double(15,2) DEFAULT NULL,
  `DiskonPersen` double(15,2) DEFAULT NULL,
  `DiskonValue` varchar(20) DEFAULT NULL,
  `DiskonType` tinyint(1) DEFAULT NULL,
  `Total2` double DEFAULT '0',
  `SubTotal` double DEFAULT NULL,
  `Margin` double DEFAULT NULL,
  `Garansi` date DEFAULT NULL,
  PRIMARY KEY (`IDDetail`)
) ENGINE=MyISAM AUTO_INCREMENT=104 DEFAULT CHARSET=utf8;

DROP TABLE IF EXISTS `tb_stok_gudang`;
CREATE TABLE `tb_stok_gudang` (
  `IDStok` bigint(20) NOT NULL AUTO_INCREMENT,
  `IDGudang` bigint(20) DEFAULT NULL,
  `IDBarang` bigint(20) DEFAULT NULL,
  `SisaStok` double DEFAULT NULL,
  `HPP` double DEFAULT '0',
  `DateCreated` timestamp NULL DEFAULT CURRENT_TIMESTAMP,
  `CreatedBy` bigint(20) DEFAULT NULL,
  `DateModified` datetime DEFAULT NULL,
  `ModifiedBy` bigint(20) DEFAULT NULL,
  PRIMARY KEY (`IDStok`)
) ENGINE=MyISAM AUTO_INCREMENT=41 DEFAULT CHARSET=utf8;

DROP TABLE IF EXISTS `tb_stok_gudang_serial_number`;
CREATE TABLE `tb_stok_gudang_serial_number` (
  `IDStokSN` bigint(20) NOT NULL AUTO_INCREMENT,
  `IDStok` bigint(20) DEFAULT NULL,
  `SN` varchar(200) DEFAULT NULL,
  `HPP` double DEFAULT NULL,
  `Stok` double DEFAULT '0',
  `DateCreated` timestamp NOT NULL DEFAULT CURRENT_TIMESTAMP,
  `CreatedBy` bigint(20) DEFAULT NULL,
  `DateModified` datetime DEFAULT NULL,
  `ModifiedBy` bigint(20) DEFAULT NULL,
  PRIMARY KEY (`IDStokSN`)
) ENGINE=MyISAM DEFAULT CHARSET=utf8;

DROP TABLE IF EXISTS `tb_stok_purchasing`;
CREATE TABLE `tb_stok_purchasing` (
  `IDStok` bigint(20) NOT NULL AUTO_INCREMENT,
  `IDPenjualan` bigint(20) DEFAULT NULL,
  `IDGudang` bigint(20) DEFAULT NULL,
  `IDBarang` bigint(20) DEFAULT NULL,
  `SisaStok` double DEFAULT NULL,
  `HPP` double DEFAULT '0',
  `DateCreated` timestamp NOT NULL DEFAULT CURRENT_TIMESTAMP,
  `CreatedBy` bigint(20) DEFAULT NULL,
  `DateModified` datetime DEFAULT NULL,
  `ModifiedBy` bigint(20) DEFAULT NULL,
  PRIMARY KEY (`IDStok`)
) ENGINE=MyISAM AUTO_INCREMENT=11 DEFAULT CHARSET=utf8;

DROP TABLE IF EXISTS `tb_stok_purchasing_serial_number`;
CREATE TABLE `tb_stok_purchasing_serial_number` (
  `IDStokSN` bigint(20) NOT NULL AUTO_INCREMENT,
  `IDStok` bigint(20) DEFAULT NULL,
  `SN` varchar(200) DEFAULT NULL,
  `HPP` double DEFAULT NULL,
  `Stok` double DEFAULT '0',
  `DateCreated` timestamp NOT NULL DEFAULT CURRENT_TIMESTAMP,
  `CreatedBy` bigint(20) DEFAULT NULL,
  `DateModified` datetime DEFAULT NULL,
  `ModifiedBy` bigint(20) DEFAULT NULL,
  PRIMARY KEY (`IDStokSN`)
) ENGINE=MyISAM DEFAULT CHARSET=utf8;

DROP TABLE IF EXISTS `tb_supplier`;
CREATE TABLE `tb_supplier` (
  `IDSupplier` int(10) NOT NULL AUTO_INCREMENT,
  `KodeSupplier` varchar(10) DEFAULT NULL,
  `NamaPerusahaan` varchar(100) DEFAULT NULL,
  `NamaMarketing` varchar(100) DEFAULT NULL,
  `Alamat` varchar(200) DEFAULT NULL,
  `Kota` varchar(100) DEFAULT NULL,
  `Provinsi` varchar(100) DEFAULT NULL,
  `KodePos` varchar(5) DEFAULT NULL,
  `NoTelp` varchar(20) DEFAULT NULL,
  `NoFax` varchar(20) DEFAULT NULL,
  `Email` varchar(100) DEFAULT NULL,
  `Email2` varchar(100) DEFAULT NULL,
  `Website` varchar(100) DEFAULT NULL,
  `KontakPerson` varchar(100) DEFAULT NULL,
  `Deskripsi` varchar(20) DEFAULT NULL,
  `Kategori` varchar(100) DEFAULT NULL COMMENT 'Departement',
  `Kategori2` varchar(100) DEFAULT NULL COMMENT 'Jenis Material',
  `Status` tinyint(1) DEFAULT '1',
  `NamaKP1` varchar(100) DEFAULT NULL,
  `JabatanKP1` varchar(100) DEFAULT NULL,
  `EmailKP1` varchar(100) DEFAULT NULL,
  `HPKP1` varchar(20) DEFAULT NULL,
  `NamaKP2` varchar(100) DEFAULT NULL,
  `JabatanKP2` varchar(100) DEFAULT NULL,
  `EmailKP2` varchar(100) DEFAULT NULL,
  `HPKP2` varchar(20) DEFAULT NULL,
  `Bank` varchar(100) DEFAULT NULL,
  `NoRek` varchar(100) DEFAULT NULL,
  `DateCreated` timestamp NULL DEFAULT CURRENT_TIMESTAMP,
  `Username` varchar(200) DEFAULT NULL,
  `Password` varchar(200) DEFAULT NULL,
  `AksesPortalFakturPajak` tinyint(1) NOT NULL DEFAULT '0',
  PRIMARY KEY (`IDSupplier`)
) ENGINE=MyISAM AUTO_INCREMENT=21 DEFAULT CHARSET=utf8;

DROP TABLE IF EXISTS `tb_surat_keluar`;
CREATE TABLE `tb_surat_keluar` (
  `IDSuratKeluar` int(10) NOT NULL AUTO_INCREMENT,
  `NoSurat` varchar(20) DEFAULT NULL,
  `IDProyek` int(10) DEFAULT NULL,
  `IDDepartement` int(10) DEFAULT NULL,
  `Jenis` enum('PM/SM/Admin','Engineering','Lain-Lain') DEFAULT NULL,
  `Prihal` varchar(100) DEFAULT NULL,
  `Tanggal` date DEFAULT NULL,
  `Deskripsi` varchar(100) DEFAULT NULL,
  `FileSurat` varchar(200) DEFAULT NULL,
  `HashCode` varchar(200) DEFAULT NULL,
  `Status` int(1) DEFAULT '1',
  `CreatedBy` int(10) DEFAULT NULL,
  `DateCreated` timestamp NOT NULL DEFAULT CURRENT_TIMESTAMP,
  `ModifiedBy` int(10) DEFAULT NULL,
  `DateModified` datetime DEFAULT NULL,
  PRIMARY KEY (`IDSuratKeluar`)
) ENGINE=MyISAM DEFAULT CHARSET=utf8;

DROP TABLE IF EXISTS `tb_surat_masuk`;
CREATE TABLE `tb_surat_masuk` (
  `IDSuratMasuk` int(10) NOT NULL AUTO_INCREMENT,
  `NoSurat` varchar(20) DEFAULT NULL,
  `IDProyek` int(10) DEFAULT NULL,
  `IDDepartement` int(10) DEFAULT NULL,
  `Jenis` enum('Owner','Kontraktor Sipil','MK','Lain-lain') DEFAULT NULL,
  `Prihal` varchar(100) DEFAULT NULL,
  `Tanggal` date DEFAULT NULL,
  `Deskripsi` varchar(100) DEFAULT NULL,
  `FileSurat` varchar(200) DEFAULT NULL,
  `HashCode` varchar(200) DEFAULT NULL,
  `Status` int(1) DEFAULT '1',
  `CreatedBy` int(10) DEFAULT NULL,
  `DateCreated` timestamp NOT NULL DEFAULT CURRENT_TIMESTAMP,
  `ModifiedBy` int(10) DEFAULT NULL,
  `DateModified` datetime DEFAULT NULL,
  PRIMARY KEY (`IDSuratMasuk`)
) ENGINE=MyISAM DEFAULT CHARSET=utf8;

DROP TABLE IF EXISTS `tb_surat_perintah_kerja`;
CREATE TABLE `tb_surat_perintah_kerja` (
  `IDSPK` int(10) NOT NULL AUTO_INCREMENT,
  `NoSPK` varchar(20) DEFAULT NULL,
  `Tanggal` date DEFAULT NULL,
  `IDKaryawan` int(10) DEFAULT NULL,
  `NamaPerusahaan` varchar(100) DEFAULT NULL,
  `Alamat` varchar(200) DEFAULT NULL,
  `Telp` int(20) DEFAULT NULL,
  `RencanaTugas` text,
  `TanggalMulai` date DEFAULT NULL,
  `TanggalAkhir` date DEFAULT NULL,
  `JamMulai` varchar(5) DEFAULT NULL,
  `JamAkhir` varchar(5) DEFAULT NULL,
  `Catatan` text,
  `Status` tinyint(1) DEFAULT NULL,
  `DateCreated` timestamp NOT NULL DEFAULT CURRENT_TIMESTAMP,
  `CreatedBy` int(10) NOT NULL,
  PRIMARY KEY (`IDSPK`)
) ENGINE=MyISAM DEFAULT CHARSET=utf8;

DROP TABLE IF EXISTS `tb_surat_perintah_perjalanan_dinas`;
CREATE TABLE `tb_surat_perintah_perjalanan_dinas` (
  `IDSPPD` int(10) NOT NULL AUTO_INCREMENT,
  `NoSPPD` varchar(20) DEFAULT NULL,
  `Tanggal` date DEFAULT NULL,
  `IDKaryawan` int(10) DEFAULT NULL,
  `NamaPerusahaan` varchar(100) DEFAULT NULL,
  `Alamat` varchar(200) DEFAULT NULL,
  `Telp` int(20) DEFAULT NULL,
  `RencanaTugas` text,
  `TanggalMulai` date DEFAULT NULL,
  `TanggalAkhir` date DEFAULT NULL,
  `JamMulai` varchar(5) DEFAULT NULL,
  `JamAkhir` varchar(5) DEFAULT NULL,
  `Catatan` text,
  `Status` tinyint(1) DEFAULT NULL,
  `DateCreated` timestamp NOT NULL DEFAULT CURRENT_TIMESTAMP,
  `CreatedBy` int(10) NOT NULL,
  PRIMARY KEY (`IDSPPD`)
) ENGINE=MyISAM DEFAULT CHARSET=utf8;

DROP TABLE IF EXISTS `tb_system_config`;
CREATE TABLE `tb_system_config` (
  `id_system_config` int(16) NOT NULL AUTO_INCREMENT,
  `label` varchar(32) DEFAULT NULL,
  `value` text,
  PRIMARY KEY (`id_system_config`)
) ENGINE=MyISAM AUTO_INCREMENT=9 DEFAULT CHARSET=latin1;

DROP TABLE IF EXISTS `tb_training_record`;
CREATE TABLE `tb_training_record` (
  `IDTraining` int(10) NOT NULL AUTO_INCREMENT,
  `IDKaryawan` int(10) DEFAULT NULL,
  `NamaTraining` varchar(100) DEFAULT NULL,
  `Keterangan` text,
  `TanggalMulai` date DEFAULT NULL,
  `TanggalSelesai` date DEFAULT NULL,
  `LokasiTraining` varchar(100) DEFAULT NULL,
  `FileSertifikat` varchar(200) DEFAULT NULL,
  `DateCreated` timestamp NOT NULL DEFAULT CURRENT_TIMESTAMP ON UPDATE CURRENT_TIMESTAMP,
  `CreatedBy` int(10) DEFAULT NULL,
  PRIMARY KEY (`IDTraining`)
) ENGINE=MyISAM DEFAULT CHARSET=utf8;

DROP TABLE IF EXISTS `tb_transfer_stok`;
CREATE TABLE `tb_transfer_stok` (
  `IDTransferStok` bigint(10) NOT NULL AUTO_INCREMENT,
  `NoTransferStok` varchar(20) DEFAULT NULL,
  `IDGudangFrom` bigint(20) DEFAULT NULL,
  `IDGudangTo` bigint(20) DEFAULT NULL,
  `Tanggal` date DEFAULT NULL,
  `TotalQty` int(11) DEFAULT NULL,
  `TotalJenisItem` int(11) DEFAULT NULL,
  `TotalHPP` double(15,2) DEFAULT NULL,
  `Keterangan` text,
  `Status` tinyint(1) DEFAULT '1',
  `DeletedDate` datetime DEFAULT NULL,
  `DeletedBy` int(10) DEFAULT NULL,
  `DeletedRemark` text,
  `CreatedBy` int(10) DEFAULT NULL,
  `DateCreated` timestamp NOT NULL DEFAULT CURRENT_TIMESTAMP,
  `ModifiedBy` int(10) DEFAULT NULL,
  `DateModified` datetime DEFAULT NULL,
  PRIMARY KEY (`IDTransferStok`)
) ENGINE=MyISAM DEFAULT CHARSET=utf8;

DROP TABLE IF EXISTS `tb_transfer_stok_detail`;
CREATE TABLE `tb_transfer_stok_detail` (
  `IDDetail` int(10) NOT NULL AUTO_INCREMENT,
  `NoTransferStok` varchar(20) DEFAULT NULL,
  `NoUrut` int(3) DEFAULT NULL,
  `IDBarang` int(10) DEFAULT NULL,
  `NamaBarang` varchar(100) DEFAULT NULL,
  `SN` varchar(100) DEFAULT NULL,
  `HPP` double(15,2) DEFAULT NULL,
  `Qty` float DEFAULT NULL,
  `SubTotal` double(15,2) DEFAULT NULL,
  PRIMARY KEY (`IDDetail`)
) ENGINE=MyISAM DEFAULT CHARSET=utf8;

DROP TABLE IF EXISTS `tb_user`;
CREATE TABLE `tb_user` (
  `id_user` int(16) NOT NULL AUTO_INCREMENT,
  `nama` varchar(64) DEFAULT NULL,
  `telp` varchar(16) DEFAULT NULL,
  `level` int(1) DEFAULT NULL,
  `bagian` tinyint(1) DEFAULT '0',
  `img_photo` varchar(200) DEFAULT NULL,
  `username_user` varchar(64) DEFAULT NULL,
  `password_user` varchar(64) DEFAULT NULL,
  `status` int(1) DEFAULT '1',
  PRIMARY KEY (`id_user`)
) ENGINE=MyISAM AUTO_INCREMENT=3 DEFAULT CHARSET=latin1;

DROP TABLE IF EXISTS `tb_work_report`;
CREATE TABLE `tb_work_report` (
  `IDWorkReport` bigint(20) NOT NULL AUTO_INCREMENT,
  `IDWorkSchedule` bigint(20) DEFAULT NULL,
  `NoWorkReport` varchar(255) DEFAULT NULL,
  `Tanggal` date DEFAULT NULL,
  `Keterangan` text,
  `Image1` varchar(200) DEFAULT NULL,
  `Image2` varchar(200) DEFAULT NULL,
  `Image3` varchar(200) DEFAULT NULL,
  `Image4` varchar(200) DEFAULT NULL,
  `Image5` varchar(200) DEFAULT NULL,
  `DateCreated` timestamp NOT NULL DEFAULT CURRENT_TIMESTAMP,
  `CreatedBy` bigint(20) DEFAULT NULL,
  `DateModified` datetime DEFAULT NULL,
  `ModifiedBy` bigint(20) DEFAULT NULL,
  PRIMARY KEY (`IDWorkReport`)
) ENGINE=InnoDB DEFAULT CHARSET=latin1;

DROP TABLE IF EXISTS `tb_work_report_file`;
CREATE TABLE `tb_work_report_file` (
  `IDWorkReportFile` bigint(20) NOT NULL AUTO_INCREMENT,
  `IDWorkReport` bigint(20) DEFAULT NULL,
  `IDFileWorkReportCategory` bigint(20) DEFAULT NULL,
  `File` varchar(255) DEFAULT NULL,
  `DateCreated` timestamp NULL DEFAULT CURRENT_TIMESTAMP,
  PRIMARY KEY (`IDWorkReportFile`)
) ENGINE=InnoDB DEFAULT CHARSET=utf8;

DROP TABLE IF EXISTS `tb_work_report_file_category`;
CREATE TABLE `tb_work_report_file_category` (
  `IDFileWorkReportCategory` int(11) NOT NULL AUTO_INCREMENT,
  `Nama` varchar(200) DEFAULT NULL,
  `Status` tinyint(1) NOT NULL DEFAULT '1',
  `DateCreated` timestamp NOT NULL DEFAULT CURRENT_TIMESTAMP,
  `CreatedBy` int(11) DEFAULT NULL,
  `DateModified` datetime DEFAULT NULL,
  `ModifiedBy` int(11) DEFAULT NULL,
  PRIMARY KEY (`IDFileWorkReportCategory`)
) ENGINE=InnoDB DEFAULT CHARSET=utf8;

DROP TABLE IF EXISTS `tb_work_schedule`;
CREATE TABLE `tb_work_schedule` (
  `IDWorkSchedule` bigint(20) NOT NULL AUTO_INCREMENT,
  `NoWorkSchedule` varchar(255) DEFAULT NULL,
  `Tipe` int(10) DEFAULT NULL COMMENT '1=PEMASANGAN SPB;2=MAINTENANCE',
  `RefID` bigint(20) DEFAULT NULL,
  `IDPelanggan` bigint(20) DEFAULT NULL,
  `Tanggal` date DEFAULT NULL,
  `IDKaryawan` bigint(20) DEFAULT NULL,
  `Judul` varchar(200) DEFAULT NULL,
  `Keterangan` text,
  `Status` tinyint(1) DEFAULT NULL,
  `DateCreated` timestamp NOT NULL DEFAULT CURRENT_TIMESTAMP,
  `CreatedBy` bigint(20) DEFAULT NULL,
  `DateModified` datetime DEFAULT NULL,
  `ModifiedBy` bigint(20) DEFAULT NULL,
  PRIMARY KEY (`IDWorkSchedule`),
  KEY `IDWorkSchedule` (`IDWorkSchedule`)
) ENGINE=InnoDB DEFAULT CHARSET=latin1;









INSERT INTO `tb_asset_category` (`IDAssetCategory`, `Nama`, `Jenis`) VALUES
(1, 'Kendaraan', 'Asset');
INSERT INTO `tb_asset_category` (`IDAssetCategory`, `Nama`, `Jenis`) VALUES
(2, 'Alat Kerja - Proyek', 'Asset');
INSERT INTO `tb_asset_category` (`IDAssetCategory`, `Nama`, `Jenis`) VALUES
(3, 'Alat Kerja - Kantor', 'Asset');









INSERT INTO `tb_barang` (`IDBarang`, `IDParent`, `KodeBarang`, `Nama`, `Deskripsi`, `Kategori`, `IDJenis`, `IDSupplier`, `IDSatuan`, `HargaPublish`, `DiskonPersen`, `Harga`, `HargaJual`, `HargaJualGrosir`, `Margin`, `MarginGrosir`, `CreatedBy`, `StokGudang`, `StokPurchasing`, `JenisBarang`, `IsSerialize`, `IsBarang`, `IsPublish`, `IsSellingProduct`, `ImageCover`, `LibCode`, `Foto1`, `Foto2`, `Foto3`, `DateCreated`, `DateModified`) VALUES
(1, 0, 'M00001', 'ARISTON - GAS FAST R 5 L', NULL, '4', 344, 2, 1, 2608333.00, '45%+15%', 1219395.68, 2608330.00, 0.00, 1388934.32, -1219395.68, 1, 0.00, 0.00, 1, 0, 1, 1, 1, NULL, NULL, NULL, NULL, NULL, '2023-11-30 14:03:00', NULL);
INSERT INTO `tb_barang` (`IDBarang`, `IDParent`, `KodeBarang`, `Nama`, `Deskripsi`, `Kategori`, `IDJenis`, `IDSupplier`, `IDSatuan`, `HargaPublish`, `DiskonPersen`, `Harga`, `HargaJual`, `HargaJualGrosir`, `Margin`, `MarginGrosir`, `CreatedBy`, `StokGudang`, `StokPurchasing`, `JenisBarang`, `IsSerialize`, `IsBarang`, `IsPublish`, `IsSellingProduct`, `ImageCover`, `LibCode`, `Foto1`, `Foto2`, `Foto3`, `DateCreated`, `DateModified`) VALUES
(2, 0, 'M00002', 'ARISTON - GAS FAST R 10 L', NULL, '4', 344, 2, 1, 4625000.00, '45%+15%', 2162187.50, 4625000.00, 0.00, 2462812.50, -2162187.50, 1, 0.00, 0.00, 1, 0, 1, 1, 1, NULL, NULL, NULL, NULL, NULL, '2023-11-30 14:04:20', NULL);
INSERT INTO `tb_barang` (`IDBarang`, `IDParent`, `KodeBarang`, `Nama`, `Deskripsi`, `Kategori`, `IDJenis`, `IDSupplier`, `IDSatuan`, `HargaPublish`, `DiskonPersen`, `Harga`, `HargaJual`, `HargaJualGrosir`, `Margin`, `MarginGrosir`, `CreatedBy`, `StokGudang`, `StokPurchasing`, `JenisBarang`, `IsSerialize`, `IsBarang`, `IsPublish`, `IsSellingProduct`, `ImageCover`, `LibCode`, `Foto1`, `Foto2`, `Foto3`, `DateCreated`, `DateModified`) VALUES
(3, 0, 'M00003', 'ARISTON - GAS FAST R LUX 5 L', NULL, '4', 344, 2, 1, 4036364.00, '45%+15%', 1887000.17, 4036364.00, 0.00, 2149363.83, -1887000.17, 1, 0.00, 0.00, 1, 0, 1, 1, 1, NULL, NULL, NULL, NULL, NULL, '2023-11-30 14:05:22', NULL);
INSERT INTO `tb_barang` (`IDBarang`, `IDParent`, `KodeBarang`, `Nama`, `Deskripsi`, `Kategori`, `IDJenis`, `IDSupplier`, `IDSatuan`, `HargaPublish`, `DiskonPersen`, `Harga`, `HargaJual`, `HargaJualGrosir`, `Margin`, `MarginGrosir`, `CreatedBy`, `StokGudang`, `StokPurchasing`, `JenisBarang`, `IsSerialize`, `IsBarang`, `IsPublish`, `IsSellingProduct`, `ImageCover`, `LibCode`, `Foto1`, `Foto2`, `Foto3`, `DateCreated`, `DateModified`) VALUES
(4, 0, 'M00004', 'ARISTON - ANDRIS 2 B 10 L', NULL, '4', 296, 2, 1, 2915415.00, '45%+15%', 1362957.00, 2915415.00, 0.00, 1552458.49, -1362956.51, 1, 0.00, 0.00, 1, 0, 1, 1, 1, NULL, NULL, NULL, NULL, NULL, '2023-11-30 14:06:45', NULL),
(5, 0, 'M00005', 'ARISTON - ANDRIS 2 B 15 L', NULL, '4', 296, 2, 1, 3494206.00, '45%+15%', 1633541.00, 3494206.00, 0.00, 1860664.69, -1633541.31, 1, 0.00, 0.00, 1, 0, 1, 1, 1, NULL, NULL, NULL, NULL, NULL, '2023-11-30 14:07:38', NULL),
(6, 0, 'M00006', 'ARISTON - ANDRIS 2 B 30 L', NULL, '4', 296, 2, 1, 4506161.00, '45%+15%', 2106630.00, 4506161.00, 0.00, 2399530.73, -2106630.27, 1, 0.00, 0.00, 1, 0, 1, 1, 1, NULL, NULL, NULL, NULL, NULL, '2023-11-30 14:08:42', NULL),
(7, 0, 'M00007', 'ARISTON - ANDRIS 2 R 10 L', NULL, '4', 296, 2, 1, 3190846.00, '45%+15%', 1491720.51, 3190846.00, 0.00, 1699125.49, -1491720.51, 1, 0.00, 0.00, 1, 0, 1, 1, 1, NULL, NULL, NULL, NULL, NULL, '2023-11-30 14:09:58', NULL),
(8, 0, 'M00008', 'ARISTON - ANDRIS 2 R 15 L', NULL, '4', 296, 2, 1, 3731315.00, '45%+15%', 1744389.76, 3731315.00, 0.00, 1986925.24, -1744389.76, 1, 0.00, 0.00, 1, 0, 1, 1, 1, NULL, NULL, NULL, NULL, NULL, '2023-11-30 14:10:56', NULL),
(9, 0, 'M00009', 'ARISTON - ANDRIS 2 R 30 L', NULL, '4', 296, 2, 1, 4885009.00, '45%+15%', 2283741.71, 4885009.00, 0.00, 2601267.29, -2283741.71, 1, 0.00, 0.00, 1, 0, 1, 1, 1, NULL, NULL, NULL, NULL, NULL, '2023-11-30 14:11:51', NULL),
(10, 0, 'M00010', 'ARISTON - ANDRIS 2 RS 15 L', NULL, '4', 296, 2, 1, 4095093.00, '45%+15%', 1914455.98, 4095093.00, 0.00, 2180637.02, -1914455.98, 1, 0.00, 0.00, 1, 0, 1, 1, 1, NULL, NULL, NULL, NULL, NULL, '2023-11-30 14:13:32', NULL),
(11, 0, 'M00011', 'ARISTON - ANDRIS 2 RS 30 L', NULL, '4', 296, 2, 1, 5248786.00, '45%+15%', 2453807.46, 5248786.00, 0.00, 2794978.54, -2453807.46, 1, 0.00, 0.00, 1, 0, 1, 1, 1, NULL, NULL, NULL, NULL, NULL, '2023-11-30 14:14:18', NULL),
(12, 0, 'M00012', 'ARISTON - ANDRIS 2 LUX 15 L', NULL, '4', 296, 2, 1, 5165637.00, '45%+15%', 2414935.30, 5165637.00, 0.00, 2750701.70, -2414935.30, 1, 0.00, 0.00, 1, 0, 1, 1, 1, NULL, NULL, NULL, NULL, NULL, '2023-11-30 14:16:17', NULL),
(13, 0, 'M00013', 'ARISTON - ANDRIS 2 LUX 30 L', NULL, '4', 296, 2, 1, 6132245.00, '45%+15%', 2866824.54, 6132245.00, 0.00, 3265420.46, -2866824.54, 1, 0.00, 0.00, 1, 0, 1, 1, 1, NULL, NULL, NULL, NULL, NULL, '2023-11-30 14:17:27', NULL),
(14, 0, 'M00014', 'ARISTON - ANDRIS 2 TOP WIFI 15 L', NULL, '4', 296, 2, 1, 6132245.00, '45%+15%', 2866824.54, 6132245.00, 0.00, 3265420.46, -2866824.54, 1, 0.00, 0.00, 1, 0, 1, 1, 1, NULL, NULL, NULL, NULL, NULL, '2023-11-30 14:19:58', NULL),
(15, 0, 'M00015', 'ARISTON - ANDRIS 2 TOP WIFI 30 L', NULL, '4', 296, 2, 1, 7483418.00, '45%+15%', 3498497.92, 7483418.00, 0.00, 3984920.08, -3498497.92, 1, 0.00, 0.00, 1, 0, 1, 1, 1, NULL, NULL, NULL, NULL, NULL, '2023-11-30 14:20:54', NULL),
(16, 0, 'M00016', 'ARISTON - SLIM 2 RS 20 L', NULL, '4', 296, 2, 1, 5602170.00, '45%+15%', 2619014.48, 5602170.00, 0.00, 2983155.52, -2619014.48, 1, 0.00, 0.00, 1, 0, 1, 1, 1, NULL, NULL, NULL, NULL, NULL, '2023-11-30 14:22:18', NULL),
(17, 0, 'M00017', 'ARISTON - SLIM 2 RS 30 L', NULL, '4', 296, 2, 1, 6132245.00, '45%+15%', 2866824.54, 6132245.00, 0.00, 3265420.46, -2866824.54, 1, 0.00, 0.00, 1, 0, 1, 1, 1, NULL, NULL, NULL, NULL, NULL, '2023-11-30 14:23:37', NULL),
(18, 0, 'M00018', 'ARISTON - SLIM 2 DP 30 L', NULL, '4', 296, 2, 1, 6953343.00, '45%+15%', 3250687.85, 6953343.00, 0.00, 3702655.15, -3250687.85, 1, 0.00, 0.00, 1, 0, 1, 1, 1, NULL, NULL, NULL, NULL, NULL, '2023-11-30 14:24:59', NULL),
(19, 0, 'M00019', 'ARISTON - DOVE PLUS 30 L', NULL, '4', 296, 2, 1, 4022337.00, '45%+15%', 1880442.55, 4022337.00, 0.00, 2141894.45, -1880442.55, 1, 0.00, 0.00, 1, 0, 1, 1, 1, NULL, NULL, NULL, NULL, NULL, '2023-11-30 14:31:10', NULL),
(20, 0, 'M00020', 'ARISTON - DOVE PLUS 50 L', NULL, '4', 296, 2, 1, 4926584.00, '45%+15%', 2303178.02, 4926584.00, 0.00, 2623405.98, -2303178.02, 1, 0.00, 0.00, 1, 0, 1, 1, 1, NULL, NULL, NULL, NULL, NULL, '2023-11-30 14:32:02', NULL),
(21, 0, 'M00021', 'ARISTON - DOVE PLUS 80 L', NULL, '4', 296, 2, 1, 5716500.00, '45%+15%', 2672463.75, 5716500.00, 0.00, 3044036.25, -2672463.75, 1, 0.00, 0.00, 1, 0, 1, 1, 1, NULL, NULL, NULL, NULL, NULL, '2023-11-30 14:32:53', NULL),
(22, 0, 'M00022', 'ARISTON - DOVE PLUS 100 L', NULL, '4', 296, 2, 1, 6288150.00, '45%+15%', 2939710.12, 6288150.00, 0.00, 3348439.88, -2939710.12, 1, 0.00, 0.00, 1, 0, 1, 1, 1, NULL, NULL, NULL, NULL, NULL, '2023-11-30 14:33:48', NULL),
(23, 0, 'M00023', 'ARISTON - PRO R 50 L', NULL, '4', 296, 2, 1, 5508627.00, '45%+15%', 2575283.12, 5508627.00, 0.00, 2933343.88, -2575283.12, 1, 0.00, 0.00, 1, 0, 1, 1, 1, NULL, NULL, NULL, NULL, NULL, '2023-11-30 14:36:54', NULL),
(24, 0, 'M00024', 'ARISTON - PRO R 80 L', NULL, '4', 296, 2, 1, 6412874.00, '45%+15%', 2998018.60, 6412874.00, 0.00, 3414855.40, -2998018.60, 1, 0.00, 0.00, 1, 0, 1, 1, 1, NULL, NULL, NULL, NULL, NULL, '2023-11-30 14:37:49', NULL),
(25, 0, 'M00025', 'ARISTON - PRO R 100 L', NULL, '4', 296, 2, 1, 7036492.00, '45%+15%', 3289560.01, 7036493.00, 0.00, 3746932.99, -3289560.01, 1, 0.00, 0.00, 1, 0, 1, 1, 1, NULL, NULL, NULL, NULL, NULL, '2023-11-30 14:38:47', NULL),
(26, 0, 'M00026', 'ARISTON - PRO 1 ECO V - 50 L', NULL, '4', 296, 2, 1, 7119641.00, '45%+15%', 3328432.17, 7119641.00, 0.00, 3791208.83, -3328432.17, 1, 0.00, 0.00, 1, 0, 1, 1, 1, NULL, NULL, NULL, NULL, NULL, '2023-11-30 14:40:27', NULL),
(27, 0, 'M00027', 'ARISTON - PRO 1 ECO V - 80 L', NULL, '4', 296, 2, 1, 8200579.00, '45%+15%', 3833770.68, 8200579.00, 0.00, 4366808.32, -3833770.68, 1, 0.00, 0.00, 1, 0, 1, 1, 1, NULL, NULL, NULL, NULL, NULL, '2023-11-30 14:41:19', NULL),
(28, 0, 'M00028', 'ARISTON - PRO 1 ECO V - 100 L', NULL, '4', 296, 2, 1, 8730655.00, '45%+15%', 4081581.21, 8730655.00, 0.00, 4649073.79, -4081581.21, 1, 0.00, 0.00, 1, 0, 1, 1, 1, NULL, NULL, NULL, NULL, NULL, '2023-11-30 14:42:26', NULL),
(29, 0, 'M00029', 'ARISTON - PRO 1 ECO H - 80 L', NULL, '4', 296, 2, 1, 9707656.00, '45%+15%', 4538329.18, 9707656.00, 0.00, 5169326.82, -4538329.18, 1, 0.00, 0.00, 1, 0, 1, 1, 1, NULL, NULL, NULL, NULL, NULL, '2023-11-30 14:44:41', NULL),
(30, 0, 'M00030', 'ARISTON - PRO 1 ECO H - 100 L', NULL, '4', 296, 2, 1, 10601509.00, '45%+15%', 4956205.46, 10601509.00, 0.00, 5645303.54, -4956205.46, 1, 0.00, 0.00, 1, 0, 1, 1, 1, NULL, NULL, NULL, NULL, NULL, '2023-11-30 14:46:02', NULL),
(31, 0, 'M00031', 'ARISTON - PRO 1 ECO - 120 L', NULL, '4', 296, 2, 1, 12732205.00, '45%+15%', 5952305.84, 12732205.00, 0.00, 6779899.16, -5952305.84, 1, 0.00, 0.00, 1, 0, 1, 1, 1, NULL, NULL, NULL, NULL, NULL, '2023-11-30 14:47:11', NULL),
(32, 0, 'M00032', 'ARISTON - PRO 1 ECO - 150 L', NULL, '4', 296, 2, 1, 17378160.00, '45%+15%', 8124289.80, 17378160.00, 0.00, 9253870.20, -8124289.80, 1, 0.00, 0.00, 1, 0, 1, 1, 1, NULL, NULL, NULL, NULL, NULL, '2023-11-30 14:49:37', NULL),
(33, 0, 'M00033', 'ARISTON - ARI 200 VERT 530 THER', NULL, '4', 296, 2, 1, 18163636.00, '45%+15%', 8491499.83, 18163636.00, 0.00, 9672136.17, -8491499.83, 1, 0.00, 0.00, 1, 0, 1, 1, 1, NULL, NULL, NULL, NULL, NULL, '2023-11-30 14:51:49', NULL),
(34, 0, 'M00034', 'ARISTON - ARI 200 STAB 570 THER', NULL, '4', 296, 2, 1, 29869091.00, '45%+15%', 13963800.04, 29869091.00, 0.00, 15905290.96, -13963800.04, 1, 0.00, 0.00, 1, 0, 1, 1, 1, NULL, NULL, NULL, NULL, NULL, '2023-11-30 14:53:05', NULL),
(35, 0, 'M00035', 'ARISTON - ARI 300 STAB 570 THER', NULL, '4', 296, 2, 1, 37840909.00, '45%+15%', 17690625.00, 37840909.00, 0.00, 20150284.04, -17690624.96, 1, 0.00, 0.00, 1, 0, 1, 1, 1, NULL, NULL, NULL, NULL, NULL, '2023-11-30 14:55:03', NULL),
(36, 0, 'M00036', 'ARISTON - LYDOS HYBRID WIFI - 80 L', NULL, '4', 296, 2, 1, 16448182.00, '52%', 7895127.36, 16448182.00, 0.00, 8553054.64, -7895127.36, 1, 0.00, 0.00, 1, 0, 1, 1, 1, NULL, NULL, NULL, NULL, NULL, '2023-11-30 14:59:52', NULL),
(37, 0, 'M00037', 'ARISTON - LYDOS HYBRID WIFI - 100 L', NULL, '4', 296, 2, 1, 17749909.00, '52%', 8519956.32, 17749909.00, 0.00, 9229952.68, -8519956.32, 1, 0.00, 0.00, 1, 0, 1, 1, 1, NULL, NULL, NULL, NULL, NULL, '2023-11-30 15:01:05', NULL),
(38, 0, 'M00038', 'ARISTON - NUOS PRIMO HC - 200 L', NULL, '4', 296, 2, 1, 41070000.00, '52%', 19713600.00, 41070000.00, 0.00, 21356400.00, -19713600.00, 1, 0.00, 0.00, 1, 0, 1, 1, 1, NULL, NULL, NULL, NULL, NULL, '2023-11-30 15:03:20', NULL),
(39, 0, 'M00039', 'ARISTON - NUOS PRIMO HC - 240 L', NULL, '4', 296, 2, 1, 46000000.00, '52%', 22080000.00, 46000000.00, 0.00, 23920000.00, -22080000.00, 1, 0.00, 0.00, 1, 0, 1, 1, 1, NULL, NULL, NULL, NULL, NULL, '2023-11-30 15:04:12', NULL),
(40, 0, 'M00040', 'ARISTON - NUOS PRIMO 80 L', NULL, '4', 296, 2, 1, 22220182.00, '52%', 10665687.36, 22220182.00, 0.00, 11554494.64, -10665687.36, 1, 0.00, 0.00, 1, 0, 1, 1, 1, NULL, NULL, NULL, NULL, NULL, '2023-11-30 15:05:16', NULL),
(41, 0, 'M00041', 'ARISTON - NUOS PRIMO 100 L', NULL, '4', 296, 2, 1, 24056727.00, '52%', 11547228.96, 24056727.00, 0.00, 12509498.04, -11547228.96, 1, 0.00, 0.00, 1, 0, 1, 1, 1, NULL, NULL, NULL, NULL, NULL, '2023-11-30 15:07:14', NULL),
(42, 0, 'M00042', 'ARISTON - NUOS PLUS WIFI - 200 L', NULL, '4', 296, 2, 1, 53451545.00, '52%', 25656741.60, 53451545.00, 0.00, 27794803.40, -25656741.60, 1, 0.00, 0.00, 1, 0, 1, 1, 1, NULL, NULL, NULL, NULL, NULL, '2023-11-30 15:09:42', NULL),
(43, 0, 'M00043', 'ARISTON - NUOS PLUS WIFI - 250 L', NULL, '4', 296, 2, 1, 55500000.00, '52%', 26640000.00, 55500000.00, 0.00, 28860000.00, -26640000.00, 1, 0.00, 0.00, 1, 0, 1, 1, 1, NULL, NULL, NULL, NULL, NULL, '2023-11-30 15:10:24', NULL),
(44, 0, 'M00044', 'ARISTON - HPC AR - 6PM', NULL, '4', 345, 2, 1, 70303364.00, '52%', 33745614.72, 70303364.00, 0.00, 36557749.28, -33745614.72, 1, 0.00, 0.00, 1, 0, 1, 1, 1, NULL, NULL, NULL, NULL, NULL, '2023-11-30 15:12:15', NULL),
(45, 0, 'M00045', 'ARISTON - HPC AR - 10PM', NULL, '4', 345, 2, 1, 88800000.00, '52%', 42624000.00, 88800000.00, 0.00, 46176000.00, -42624000.00, 1, 0.00, 0.00, 1, 0, 1, 1, 1, NULL, NULL, NULL, NULL, NULL, '2023-11-30 15:13:18', NULL),
(131, 0, 'M00129', 'PVC POLOS', NULL, '1', 264, 16, 2, 20000.00, '0', 20000.00, 0.00, 0.00, -20000.00, -20000.00, 1, 0.00, 0.00, 1, 0, 1, 1, 1, NULL, NULL, NULL, NULL, NULL, '2024-01-15 14:23:15', NULL),
(46, 0, 'M00046', 'ARISTON - HPC AR - 17PTP', NULL, '4', 345, 2, 1, 120253364.00, '52%', 57721614.72, 120253364.00, 0.00, 62531749.28, -57721614.72, 1, 0.00, 0.00, 1, 0, 1, 1, 1, NULL, NULL, NULL, NULL, NULL, '2023-11-30 15:15:47', NULL),
(47, 0, 'M00047', 'ARISTON - HPC AR - 35PTP', NULL, '4', 345, 2, 1, 203503364.00, '52%', 97681614.72, 203503364.00, 0.00, 105821749.28, -97681614.72, 1, 0.00, 0.00, 1, 0, 1, 1, 1, NULL, NULL, NULL, NULL, NULL, '2023-11-30 15:16:58', NULL),
(48, 0, 'M00048', 'ARISTON - HPSF AR - 6SM', NULL, '4', 345, 2, 1, 37386818.00, '52%', 17945672.64, 37386818.00, 0.00, 19441145.36, -17945672.64, 1, 0.00, 0.00, 1, 0, 1, 1, 1, NULL, NULL, NULL, NULL, NULL, '2023-11-30 15:19:12', NULL),
(49, 0, 'M00049', 'ARISTON - HPSF AR - 12SM', NULL, '4', 345, 2, 1, 70303364.00, '52%', 33745614.72, 70303364.00, 0.00, 36557749.28, -33745614.72, 1, 0.00, 0.00, 1, 0, 1, 1, 1, NULL, NULL, NULL, NULL, NULL, '2023-11-30 15:42:53', NULL),
(50, 0, 'M00050', 'ARISTON - HPSF AR - 50STP', NULL, '4', 345, 2, 1, 237186818.00, '52%', 113849672.64, 237186818.00, 0.00, 123337145.36, -113849672.64, 1, 0.00, 0.00, 1, 1, 1, 1, 1, NULL, NULL, NULL, NULL, NULL, '2023-11-30 15:45:09', NULL),
(51, 0, 'M00051', 'ARISTON - HPSF AR - 20STP', NULL, '4', 345, 2, 1, 113946545.00, '52%', 54694341.60, 113946545.00, 0.00, 59252203.40, -54694341.60, 1, 0.00, 0.00, 1, 0, 1, 1, 1, NULL, NULL, NULL, NULL, NULL, '2023-11-30 15:46:11', NULL),
(52, 0, 'M00052', 'ARISTON - KAIROS THERMO DR-2 100 - 1 N TR', NULL, '4', 298, 2, 1, 32361545.00, '55%', 14562695.25, 32361545.00, 0.00, 17798849.75, -14562695.25, 1, 0.00, 0.00, 1, 1, 1, 1, 1, NULL, NULL, NULL, NULL, NULL, '2023-11-30 15:56:46', NULL),
(53, 0, 'M00053', 'ARISTON - KAIROS THERMO DR-2 150 - 1 N TR', NULL, '4', 298, 2, 1, 38062909.00, '55%', 17128309.05, 38062909.00, 0.00, 20934599.95, -17128309.05, 1, 0.00, 0.00, 1, 1, 1, 1, 1, NULL, NULL, NULL, NULL, NULL, '2023-11-30 16:16:25', NULL),
(54, 0, 'M00054', 'ARISTON - KAIROS THERMO DR-2 200 - 1 N TR', NULL, '4', 298, 2, 1, 42371727.00, '55%', 19067277.15, 42371727.00, 0.00, 23304449.85, -19067277.15, 1, 0.00, 0.00, 1, 1, 1, 1, 1, NULL, NULL, NULL, NULL, NULL, '2023-11-30 16:18:09', NULL),
(55, 0, 'M00055', 'ARISTON - KAIROS THERMO DR-2 200 - 1 N TT', NULL, '4', 298, 2, 1, 42371727.00, '55%', 19067277.15, 42371727.00, 0.00, 23304449.85, -19067277.15, 1, 0.00, 0.00, 1, 1, 1, 1, 1, NULL, NULL, NULL, NULL, NULL, '2023-11-30 16:19:08', NULL),
(56, 0, 'M00056', 'ARISTON - KAIROS THERMO DR-2 250 - 1 N TR', NULL, '4', 298, 2, 1, 49062000.00, '55%', 22077900.00, 49062000.00, 0.00, 26984100.00, -22077900.00, 1, 0.00, 0.00, 1, 1, 1, 1, 1, NULL, NULL, NULL, NULL, NULL, '2023-11-30 16:20:36', NULL),
(57, 0, 'M00057', 'ARISTON - KAIROS THERMO CF-2 300 - 2 - N TR', NULL, '4', 298, 2, 1, 59203364.00, '55%', 26641513.80, 59203364.00, 0.00, 32561850.20, -26641513.80, 1, 0.00, 0.00, 1, 1, 1, 1, 1, NULL, NULL, NULL, NULL, NULL, '2023-11-30 16:22:53', NULL),
(58, 0, 'M00058', 'ARISTON - KAIROS THERMO HF 300 - 2 TR ES', NULL, '4', 298, 2, 1, 101756727.00, '55%', 45790527.15, 101756727.00, 0.00, 55966199.85, -45790527.15, 1, 0.00, 0.00, 1, 1, 1, 1, 1, NULL, NULL, NULL, NULL, NULL, '2023-11-30 16:27:42', NULL),
(59, 0, 'M00059', 'ARISTON - KAIROS THERMO HF 200 - 1 TR ES', NULL, '4', 298, 2, 1, 70585909.00, '55%', 31763659.05, 70585909.00, 0.00, 38822249.95, -31763659.05, 1, 0.00, 0.00, 1, 1, 1, 1, 1, NULL, NULL, NULL, NULL, NULL, '2023-11-30 16:28:42', NULL),
(60, 0, 'M00060', 'ARISTON - KAIROS THERMO HF 150 - 1 TR ES', NULL, '4', 298, 2, 1, 50878364.00, '55%', 22895263.80, 50878364.00, 0.00, 27983100.20, -22895263.80, 1, 0.00, 0.00, 1, 1, 1, 1, 1, NULL, NULL, NULL, NULL, NULL, '2023-11-30 16:29:51', NULL),
(61, 0, 'M00061', 'ARISTON PANEL - COLLECTOR DR 2.0-2 N', NULL, '4', 163, 2, 1, 6555476.00, '0', 6555476.00, 0.00, 0.00, -6555476.00, -6555476.00, 1, 0.00, 0.00, 1, 1, 1, 1, 1, NULL, NULL, NULL, NULL, NULL, '2023-11-30 16:31:09', NULL),
(82, 0, 'M00081', 'ARISTON SWH ACCESSORIES - KIT EL. 1500 W SOLARE', NULL, '4', 164, 2, 1, 2744277.00, '0', 2744277.00, 0.00, 0.00, -2744277.00, -2744277.00, 1, 0.00, 0.00, 1, 0, 1, 1, 1, NULL, NULL, NULL, NULL, NULL, '2023-12-08 16:04:23', NULL),
(67, 0, 'M00067', 'ARISTON - 3623356 ELCB-16-I', NULL, '3', 265, 2, 2, 400000.00, '10%+10%', 324000.00, 750000.00, 0.00, 426000.00, -442000.00, 1, 0.00, 0.00, 1, 0, 1, 1, 1, NULL, NULL, NULL, NULL, NULL, '2023-12-01 09:27:52', NULL),
(68, 0, 'M00068', 'ARISTON ACCESSORIES - THERMOSTAT PRO R/DOVE PLUS 50/100 LTR', NULL, '4', 164, 2, 1, 430000.00, '0', 430000.00, 0.00, 0.00, -430000.00, -430000.00, 1, 0.00, 0.00, 1, 0, 1, 1, 1, NULL, NULL, NULL, NULL, NULL, '2023-12-01 09:31:04', NULL),
(69, 0, 'M00069', 'ARISTON ACCESSORIES - THERMOSTAT PRO 1 ECO H', NULL, '4', 164, 2, 1, 485000.00, '0', 485000.00, 0.00, 0.00, -485000.00, -485000.00, 1, 0.00, 0.00, 1, 0, 1, 1, 1, NULL, NULL, NULL, NULL, NULL, '2023-12-01 09:31:36', NULL),
(70, 0, 'M00070', 'ARISTON ACCESSORIES - ELEMENT HEATER DOVE PLUS 50 LITER', NULL, '4', 164, 2, 1, 585000.00, '0', 585000.00, 0.00, 0.00, -585000.00, -585000.00, 1, 0.00, 0.00, 1, 0, 1, 1, 1, NULL, NULL, NULL, NULL, NULL, '2023-12-01 09:56:56', NULL),
(71, 0, 'M00071', 'ARISTON ACCESSORIES - THERMOSTAT DOVE PLUS 50 LITER', NULL, '4', 164, 2, 1, 430000.00, '0', 430000.00, 0.00, 0.00, -430000.00, -430000.00, 1, 0.00, 0.00, 1, 0, 1, 1, 1, NULL, NULL, NULL, NULL, NULL, '2023-12-01 09:58:19', NULL),
(72, 0, 'M00072', 'ARISTON ACCESSORIES - FLANG HEATING PRO R', NULL, '4', 164, 2, 1, 143000.00, '0', 143000.00, 0.00, 0.00, -143000.00, -143000.00, 1, 0.00, 0.00, 1, 0, 1, 1, 1, NULL, NULL, NULL, NULL, NULL, '2023-12-01 09:59:47', NULL),
(73, 0, 'M00073', 'ARISTON ACCESSORIES - ELEMENT HEATER 1500 WATT EWH', NULL, '1', 164, 2, 1, 572000.00, '0', 572000.00, 0.00, 0.00, -572000.00, -572000.00, 1, 0.00, 0.00, 1, 0, 1, 1, 1, NULL, NULL, NULL, NULL, NULL, '2023-12-01 10:00:30', NULL),
(127, 0, 'M00125', 'STOP KRAN 1 VICO', NULL, '1', 264, 14, 2, 35000.00, '0', 35000.00, 0.00, 0.00, -35000.00, -35000.00, 1, 0.00, 0.00, 1, 0, 1, 1, 1, NULL, NULL, NULL, NULL, NULL, '2024-01-12 10:59:42', NULL),
(130, 0, 'M00128', 'PIPA PE ONDA', NULL, '1', 264, 16, 3, 23000.00, '0', 23000.00, 0.00, 0.00, -23000.00, -23000.00, 1, 0.00, 0.00, 1, 0, 1, 1, 1, NULL, NULL, NULL, NULL, NULL, '2024-01-15 14:22:21', NULL),
(75, 0, 'M00074', 'ARISTON SWH ACCESSORIES - HYDRA + INST KIT THERMO DR-2 150-1 TR', NULL, '4', 164, 2, 1, 4072815.00, '0', 4072815.00, 0.00, 0.00, -4072815.00, -4072815.00, 1, 0.00, 0.00, 1, 0, 1, 1, 1, NULL, NULL, NULL, NULL, NULL, '2023-12-08 11:42:11', NULL),
(76, 0, 'M00075', 'ARISTON SWH ACCESSORIES - DOCUMENTAZIONE THERMO DR-2 ARI', NULL, '4', 164, 2, 1, 487368.00, '0', 487368.00, 0.00, 0.00, -487368.00, -487368.00, 1, 0.00, 0.00, 1, 0, 1, 1, 1, NULL, NULL, NULL, NULL, NULL, '2023-12-08 11:51:06', NULL),
(77, 0, 'M00076', 'ARISTON SWH SPARE PART - CNA 150 DR-2 ARI', NULL, '4', 265, 2, 1, 5507048.00, '0', 5507048.00, 0.00, 0.00, -5507048.00, -5507048.00, 1, 0.00, 0.00, 1, 1, 1, 1, 1, NULL, NULL, NULL, NULL, NULL, '2023-12-08 11:57:16', NULL),
(78, 0, 'M00077', 'ARISTON SWH ACCESSORIES - HEATING ELEMENT 0.8 KW FOR DR-2', NULL, '4', 164, 2, 1, 505601.00, '0', 505601.00, 0.00, 0.00, -505601.00, -505601.00, 1, 0.00, 0.00, 1, 0, 1, 1, 1, NULL, NULL, NULL, NULL, NULL, '2023-12-08 11:59:00', NULL),
(79, 0, 'M00078', 'ARISTON PANEL - COLLECTOR CF 2.0-2', NULL, '4', 163, 2, 1, 0.00, '0', 0.00, 0.00, 0.00, 0.00, 0.00, 1, 0.00, 0.00, 1, 1, 1, 1, 1, NULL, NULL, NULL, NULL, NULL, '2023-12-08 15:44:04', NULL),
(80, 0, 'M00079', 'ARISTON SWH ACCESSORIES - HYDRA + INST KIT THERMO CF-2 300-2 TT', NULL, '4', 164, 2, 1, 0.00, '0', 0.00, 0.00, 0.00, 0.00, 0.00, 1, 0.00, 0.00, 1, 0, 1, 1, 1, NULL, NULL, NULL, NULL, NULL, '2023-12-08 15:50:49', NULL),
(81, 0, 'M00080', 'ARISTON SWH SPARE PART - CNA 300 CF-2 ARI', NULL, '4', 265, 2, 1, 0.00, '0', 0.00, 0.00, 0.00, 0.00, 0.00, 1, 0.00, 0.00, 1, 1, 1, 1, 1, NULL, NULL, NULL, NULL, NULL, '2023-12-08 16:01:53', NULL),
(83, 0, 'M00082', 'ARISTON SWH ACCESSORIES - HEATING ELEMENT 1.5 KW FOR DR-2', NULL, '4', 164, 2, 1, 599316.00, '0', 599316.00, 0.00, 0.00, -599316.00, -599316.00, 1, 0.00, 0.00, 1, 0, 1, 1, 1, NULL, NULL, NULL, NULL, NULL, '2023-12-08 17:04:57', NULL),
(84, 0, 'M00083', 'ARISTON PANEL - COLLECTOR DR 2.0-2 B', NULL, '4', 163, 2, 1, 6864220.00, '0', 6864220.00, 0.00, 0.00, -6864220.00, -6864220.00, 1, 0.00, 0.00, 1, 1, 1, 1, 1, NULL, NULL, NULL, NULL, NULL, '2023-12-09 10:26:56', NULL),
(85, 0, 'M00084', 'ARISTON SWH ACCESSORIES - HYDRA + INST KIT THERMO DR-2 200-1 TT', NULL, '4', 164, 2, 1, 4306208.00, '0', 4306208.00, 0.00, 0.00, -4306208.00, -4306208.00, 1, 0.00, 0.00, 1, 0, 1, 1, 1, NULL, NULL, NULL, NULL, NULL, '2023-12-09 10:29:25', NULL),
(86, 0, 'M00085', 'ARISTON SWH SPARE PART - CNA 200 DR-2 ARI', NULL, '4', 265, 2, 1, 6810164.00, '0', 6810164.00, 0.00, 0.00, -6810164.00, -6810164.00, 1, 0.00, 0.00, 1, 1, 1, 1, 1, NULL, NULL, NULL, NULL, NULL, '2023-12-09 10:31:12', NULL),
(87, 0, 'M00086', 'ARISTON SWH ACCESSORIES - HYDRA + INST KIT THERMO DR-2 200-1 TR', NULL, '4', 164, 2, 1, 4306208.00, '0', 4306208.00, 0.00, 0.00, -4306208.00, -4306208.00, 1, 0.00, 0.00, 1, 0, 1, 1, 1, NULL, NULL, NULL, NULL, NULL, '2023-12-09 10:40:46', NULL),
(89, 0, 'M00087', 'ARISTON - AURES LUXURY', NULL, '4', 296, 2, 1, 2988300.00, '0', 2988300.00, 3656950.00, 0.00, 668650.00, -2692162.00, 1, 0.00, 0.00, 1, 0, 1, 1, 1, NULL, NULL, NULL, NULL, NULL, '2024-01-02 17:09:56', NULL),
(90, 0, 'M00088', 'JASA PEMASANGAN GAS WATERHEATER', NULL, '3', 346, 11, 1, 0.00, '0', 0.00, 185000.00, 0.00, 185000.00, 0.00, 1, 0.00, 0.00, 1, 0, 2, 1, 1, NULL, NULL, NULL, NULL, NULL, '2024-01-03 09:34:48', NULL),
(91, 0, 'M00089', 'ARISTON - HPSF AR - 8SM', NULL, '4', 345, 2, 1, 49213364.00, '52%', 23622414.72, 49213364.00, 0.00, 25590949.28, -23622414.72, 1, 0.00, 0.00, 1, 0, 1, 1, 1, NULL, NULL, NULL, NULL, NULL, '2024-01-03 11:17:32', NULL),
(92, 0, 'M00090', 'ARISTON - AURES TOP', NULL, '4', 296, 2, 1, 6392086.00, '45%+15%', 2988300.21, 6392086.00, 0.00, 3403785.79, -2988300.21, 1, 0.00, 0.00, 1, 0, 1, 1, 1, NULL, NULL, NULL, NULL, NULL, '2024-01-05 15:07:41', NULL),
(93, 0, 'M00091', 'JASA BONGKAR PASANG UNIT WATER HEATER', NULL, '1', 245, 11, 1, 0.00, '0', 0.00, 450000.00, 0.00, 450000.00, 0.00, 1, 0.00, 0.00, 1, 0, 2, 1, 1, NULL, NULL, NULL, NULL, NULL, '2024-01-08 16:05:24', NULL),
(94, 0, 'M00092', 'JASA INSTALASI PIPA', NULL, '1', 346, 11, 1, 0.00, '0', 0.00, 350000.00, 0.00, 350000.00, 0.00, 1, 0.00, 0.00, 1, 0, 2, 1, 1, NULL, NULL, NULL, NULL, NULL, '2024-01-08 16:06:05', NULL),
(95, 0, 'M00093', 'ELCB 220V 10A 30MA', NULL, '1', 164, 3, 1, 250000.00, '0', 250000.00, 750000.00, 0.00, 362000.00, 0.00, 1, 0.00, 0.00, 1, 0, 1, 1, 1, NULL, NULL, NULL, NULL, NULL, '2024-01-08 16:07:26', NULL),
(96, 0, 'M00094', 'JASA SERVICE ELECTRIC WATERHEATER', NULL, '3', 207, 11, 1, 0.00, '0', 0.00, 192000.00, 0.00, 192000.00, 0.00, 1, 0.00, 0.00, 1, 0, 2, 1, 1, NULL, NULL, NULL, NULL, NULL, '2024-01-08 16:53:33', NULL),
(97, 0, 'M00095', 'JASA BONGKAR UNIT WATER HEATER', NULL, '1', 207, 11, 1, 0.00, '0', 0.00, 260000.00, 0.00, 260000.00, 0.00, 1, 0.00, 0.00, 1, 0, 2, 1, 1, NULL, NULL, NULL, NULL, NULL, '2024-01-09 09:50:38', NULL),
(98, 0, 'M00096', 'JASA MAINTENANCE ELECTRIC WATERHEATER', NULL, '1', 207, 11, 1, 0.00, '0', 0.00, 150000.00, 0.00, 150000.00, 0.00, 1, 0.00, 0.00, 1, 0, 2, 1, 1, NULL, NULL, NULL, NULL, NULL, '2024-01-09 10:11:53', NULL),
(99, 0, 'M00097', 'ARISTON SWH ACCESSORIES - HYDRA + INST KIT THERMO DR-2 100-1 TR', NULL, '4', 164, 2, 1, 0.00, '0', 0.00, 0.00, 0.00, 0.00, 0.00, 1, 0.00, 0.00, 1, 0, 1, 1, 1, NULL, NULL, NULL, NULL, NULL, '2024-01-09 15:46:13', NULL),
(100, 0, 'M00098', 'ARISTON SWH SPARE PART - CNA 100 DR-2 ARI', NULL, '4', 265, 2, 1, 0.00, '0', 0.00, 0.00, 0.00, 0.00, 0.00, 1, 0.00, 0.00, 1, 1, 1, 1, 1, NULL, NULL, NULL, NULL, NULL, '2024-01-09 15:47:32', NULL),
(101, 0, 'M00099', 'JASA PEMASANGAN ELECTRIC WATERHEATER', NULL, '1', 346, 11, 1, 0.00, '0', 0.00, 195000.00, 0.00, 195000.00, 0.00, 1, 0.00, 0.00, 1, 0, 2, 1, 1, NULL, NULL, NULL, NULL, NULL, '2024-01-09 16:54:36', NULL),
(102, 0, 'M00100', 'ARISTON - 977127-01 ANODE D:25,5 L:180 M5-M8', NULL, '3', 265, 2, 2, 167913.00, '0', 167913.00, 0.00, 0.00, -167913.00, -167913.00, 1, 0.00, 0.00, 1, 0, 1, 1, 1, NULL, NULL, NULL, NULL, NULL, '2024-01-10 15:31:05', NULL),
(103, 0, 'M00101', 'ARISTON - 816616 HEATING ELEMENT 1500W 230V', NULL, '3', 265, 2, 2, 308126.00, '0', 308126.00, 515000.00, 0.00, 206874.00, -308126.00, 1, 0.00, 0.00, 1, 0, 1, 1, 1, NULL, NULL, NULL, NULL, NULL, '2024-01-10 16:04:42', NULL),
(104, 0, 'M00102', 'ARISTON - 65103691 FLANGE WITH GASKET ARISTON', NULL, '3', 265, 2, 2, 71040.00, '0', 71040.00, 120000.00, 0.00, 48960.00, -71040.00, 1, 0.00, 0.00, 1, 0, 1, 1, 1, NULL, NULL, NULL, NULL, NULL, '2024-01-10 16:06:30', NULL),
(105, 0, 'M00103', 'ARISTON - 65190474 THERMOSTAT', NULL, '3', 265, 2, 2, 173475.00, '0', 173475.00, 290000.00, 0.00, 116525.00, -173475.00, 1, 0.00, 0.00, 1, 0, 1, 1, 1, NULL, NULL, NULL, NULL, NULL, '2024-01-10 16:08:06', NULL),
(106, 0, 'M00104', 'ARISTON - 504342-CN SAFETY VALVE WITH LEVER', NULL, '3', 265, 2, 2, 200000.00, '50%', 100000.00, 205000.00, 0.00, 105000.00, -121428.00, 1, 0.00, 0.00, 1, 0, 1, 1, 1, NULL, NULL, NULL, NULL, NULL, '2024-01-10 16:09:52', NULL),
(107, 0, 'M00105', 'ARISTON - 65190902 ELECTRONIC THERMOSTAT', NULL, '3', 265, 2, 2, 290231.00, '0', 290231.00, 485000.00, 0.00, 194769.00, -290231.00, 1, 0.00, 0.00, 1, 0, 1, 1, 1, NULL, NULL, NULL, NULL, NULL, '2024-01-10 16:12:40', NULL),
(108, 0, 'M00106', 'ARISTON - 65191021 HEATING ELEMENT 200W 230V', NULL, '3', 265, 2, 2, 202399.00, '0', 202399.00, 340000.00, 0.00, 137601.00, -202399.00, 1, 0.00, 0.00, 1, 0, 1, 1, 1, NULL, NULL, NULL, NULL, NULL, '2024-01-10 16:14:07', NULL),
(109, 0, 'M00107', 'ARISTON - 65190861 FLANGE 5B', NULL, '3', 265, 2, 2, 68953.00, '0', 68953.00, 115000.00, 0.00, 46047.00, -68953.00, 1, 0.00, 0.00, 1, 0, 1, 1, 1, NULL, NULL, NULL, NULL, NULL, '2024-01-10 16:15:54', NULL),
(110, 0, 'M00108', 'ARISTON - 65190901 FLANGE GASKET', NULL, '3', 265, 2, 2, 27561.00, '0', 27561.00, 46000.00, 0.00, 18439.00, -27561.00, 1, 0.00, 0.00, 1, 0, 1, 1, 1, NULL, NULL, NULL, NULL, NULL, '2024-01-10 16:17:59', NULL),
(111, 0, 'M00109', 'ARISTON - 65190737 THERMOSTAT', NULL, '3', 265, 2, 2, 113163.00, '0', 113163.00, 190000.00, 0.00, 76837.00, -113163.00, 1, 0.00, 0.00, 1, 0, 1, 1, 1, NULL, NULL, NULL, NULL, NULL, '2024-01-10 16:19:15', NULL),
(112, 0, 'M00110', 'ARISTON - 65115827 ELECTRONIC THERMOSTAT', NULL, '3', 265, 2, 2, 264799.00, '0', 264799.00, 442000.00, 0.00, 177201.00, -264799.00, 1, 0.00, 0.00, 1, 0, 1, 1, 1, NULL, NULL, NULL, NULL, NULL, '2024-01-10 16:20:32', NULL),
(113, 0, 'M00111', 'ARISTON - 571730 SAFETY VALVE WITH LEVER (1/2 8,5 BAR)', NULL, '3', 265, 2, 2, 233302.00, '0', 233302.00, 390000.00, 0.00, 156698.00, -233302.00, 1, 0.00, 0.00, 1, 0, 1, 1, 1, NULL, NULL, NULL, NULL, NULL, '2024-01-10 16:21:57', NULL),
(114, 0, 'M00112', 'ARISTON - 65190494 HEATING ELEMENT 350W 230V', NULL, '3', 265, 2, 2, 293847.00, '0', 293847.00, 490000.00, 0.00, 196153.00, -293847.00, 1, 0.00, 0.00, 1, 0, 1, 1, 1, NULL, NULL, NULL, NULL, NULL, '2024-01-10 16:23:04', NULL),
(115, 0, 'M00113', 'ARISTON - 65191020 HEATING ELEMENT 350W 230V', NULL, '3', 265, 2, 2, 232270.00, '0', 232270.00, 390000.00, 0.00, 157730.00, -232270.00, 1, 0.00, 0.00, 1, 0, 1, 1, 1, NULL, NULL, NULL, NULL, NULL, '2024-01-10 16:29:32', NULL),
(116, 0, 'M00114', 'ARISTON - 65115849 HEATING ELEMENT 350W 220-240V', NULL, '3', 265, 2, 2, 469025.00, '0', 469025.00, 782000.00, 0.00, 312975.00, -469025.00, 1, 0.00, 0.00, 1, 0, 1, 1, 1, NULL, NULL, NULL, NULL, NULL, '2024-01-10 16:32:09', NULL),
(117, 0, 'M00115', 'ARISTON - 65190898 THERMOSTAT', NULL, '3', 265, 2, 2, 168462.00, '0', 168462.00, 285000.00, 0.00, 116538.00, -168462.00, 1, 0.00, 0.00, 1, 0, 1, 1, 1, NULL, NULL, NULL, NULL, NULL, '2024-01-10 16:33:30', NULL),
(118, 0, 'M00116', 'ARISTON - 65103768-VN ANODE D:21,3 L:110 M5', NULL, '3', 265, 2, 2, 98765.00, '0', 98765.00, 165000.00, 0.00, 66235.00, -98765.00, 1, 0.00, 0.00, 1, 0, 1, 1, 1, NULL, NULL, NULL, NULL, NULL, '2024-01-10 16:34:54', NULL),
(119, 0, 'M00117', 'ARISTON - 993014-VN ANODE D:21.3 L:185 M5', NULL, '3', 265, 2, 2, 96978.00, '0', 96978.00, 162000.00, 0.00, 65022.00, -96978.00, 1, 0.00, 0.00, 1, 0, 1, 1, 1, NULL, NULL, NULL, NULL, NULL, '2024-01-10 16:36:58', NULL),
(120, 0, 'M00118', 'ARISTON - 65108564 ELECTRONIC THERMOSTAT', NULL, '3', 265, 2, 2, 479520.00, '0', 479520.00, 800000.00, 0.00, 320480.00, -479520.00, 1, 0.00, 0.00, 1, 0, 1, 1, 1, NULL, NULL, NULL, NULL, NULL, '2024-01-10 16:38:15', NULL),
(121, 0, 'M00119', 'MATERIAL INSTALASI', NULL, '1', 264, 1, 1, 0.00, '0', 0.00, 1500000.00, 0.00, 1500000.00, 0.00, 1, 0.00, 0.00, 1, 0, 1, 1, 1, NULL, NULL, NULL, NULL, NULL, '2024-01-11 11:00:35', NULL),
(122, 0, 'M00120', 'PIPA FLEXIBLE 40 CM ONDA', NULL, '1', 264, 1, 2, 47000.00, '0', 47000.00, 80000.00, 0.00, 33000.00, -47000.00, 1, 0.00, 0.00, 1, 0, 1, 1, 1, NULL, NULL, NULL, NULL, NULL, '2024-01-11 11:45:27', NULL),
(123, 0, 'M00121', 'STOP KRAN 1/2', NULL, '1', 264, 1, 2, 88000.00, '0', 88000.00, 147000.00, 0.00, 59000.00, -88000.00, 1, 0.00, 0.00, 1, 0, 1, 1, 1, NULL, NULL, NULL, NULL, NULL, '2024-01-11 11:46:11', NULL),
(124, 0, 'M00122', 'DOUBLE NEPEL 1/2', NULL, '1', 264, 1, 2, 21000.00, '0', 21000.00, 35000.00, 0.00, 14000.00, -15000.00, 1, 0.00, 0.00, 1, 0, 1, 1, 1, NULL, NULL, NULL, NULL, NULL, '2024-01-11 11:46:47', NULL),
(125, 0, 'M00123', 'ARISTON - 65151658 HEATING ELEMENT 1200W 230V', NULL, '3', 265, 2, 2, 425075.00, '0', 425075.00, 710000.00, 0.00, 284925.00, -425075.00, 1, 0.00, 0.00, 1, 0, 1, 1, 1, NULL, NULL, NULL, NULL, NULL, '2024-01-11 12:33:11', NULL),
(126, 0, 'M00124', 'JASA TRANSPORT', NULL, '1', 195, 11, 1, 0.00, '0', 0.00, 100000.00, 0.00, 100000.00, 0.00, 1, 0.00, 0.00, 1, 0, 2, 1, 1, NULL, NULL, NULL, NULL, NULL, '2024-01-11 15:51:24', NULL),
(128, 0, 'M00126', 'ARISTON - 65115258 ELECTRONIC THERMOSTAT', NULL, '3', 265, 2, 2, 485000.00, '0', 485000.00, 810000.00, 0.00, 325000.00, -485000.00, 1, 0.00, 0.00, 1, 0, 1, 1, 1, NULL, NULL, NULL, NULL, NULL, '2024-01-13 22:01:32', NULL),
(129, 0, 'M00127', 'JASA INSTALASI PIPA DAN MATERIAL', NULL, '1', 346, 11, 1, 0.00, '0', 0.00, 1250000.00, 0.00, 1250000.00, 0.00, 1, 0.00, 0.00, 1, 0, 2, 1, 1, NULL, NULL, NULL, NULL, NULL, '2024-01-15 10:19:13', NULL),
(132, 0, 'M00130', 'LDL PE', NULL, '1', 264, 16, 2, 48000.00, '0', 48000.00, 0.00, 0.00, -48000.00, -48000.00, 1, 0.00, 0.00, 1, 0, 1, 1, 1, NULL, NULL, NULL, NULL, NULL, '2024-01-15 14:23:54', NULL),
(133, 0, 'M00131', 'SDD SS', NULL, '1', 264, 16, 2, 24000.00, '0', 24000.00, 0.00, 0.00, -24000.00, -24000.00, 1, 0.00, 0.00, 1, 0, 1, 1, 1, NULL, NULL, NULL, NULL, NULL, '2024-01-15 14:25:31', NULL),
(134, 0, 'M00132', 'L 1/2', NULL, '1', 264, 16, 2, 4000.00, '0', 4000.00, 0.00, 0.00, -4000.00, -4000.00, 1, 0.00, 0.00, 1, 0, 1, 1, 1, NULL, NULL, NULL, NULL, NULL, '2024-01-15 14:26:12', NULL),
(135, 0, 'M00133', 'LDD 1/2', NULL, '1', 264, 16, 2, 13000.00, '0', 13000.00, 0.00, 0.00, -13000.00, -13000.00, 1, 0.00, 0.00, 1, 0, 1, 1, 1, NULL, NULL, NULL, NULL, NULL, '2024-01-15 14:26:49', NULL),
(136, 0, 'M00134', 'T 1/2', NULL, '1', 264, 16, 2, 5000.00, '0', 5000.00, 0.00, 0.00, -5000.00, -5000.00, 1, 0.00, 0.00, 1, 0, 1, 1, 1, NULL, NULL, NULL, NULL, NULL, '2024-01-15 14:27:21', NULL),
(137, 0, 'M00135', 'BOX 4 LT MARKO', NULL, '1', 264, 1, 2, 24000.00, '0', 24000.00, 0.00, 0.00, -24000.00, -24000.00, 1, 0.00, 0.00, 1, 0, 1, 1, 1, NULL, NULL, NULL, NULL, NULL, '2024-01-15 14:52:57', NULL),
(138, 0, 'M00136', 'NYM 3 X 1.5', NULL, '1', 264, 1, 3, 11000.00, '0', 11000.00, 0.00, 0.00, -11000.00, -11000.00, 1, 0.00, 0.00, 1, 0, 1, 1, 1, NULL, NULL, NULL, NULL, NULL, '2024-01-15 14:54:03', NULL),
(139, 0, 'M00137', 'STEKER', NULL, '1', 264, 1, 2, 11000.00, '0', 11000.00, 0.00, 0.00, -11000.00, -11000.00, 1, 0.00, 0.00, 1, 0, 1, 1, 1, NULL, NULL, NULL, NULL, NULL, '2024-01-15 14:55:05', NULL),
(140, 0, 'M00138', 'ISOLASI LISTRIK', NULL, '1', 264, 1, 2, 10000.00, '0', 10000.00, 0.00, 0.00, -10000.00, -10000.00, 1, 0.00, 0.00, 1, 0, 1, 1, 1, NULL, NULL, NULL, NULL, NULL, '2024-01-15 14:55:57', NULL),
(141, 0, 'M00139', 'JASA PENGIRIMAN', NULL, '4', 196, 17, 4, 0.00, '0', 0.00, 200000.00, 0.00, 0.00, 0.00, 1, 0.00, 0.00, 1, 0, 2, 1, 1, NULL, NULL, NULL, NULL, NULL, '2024-01-15 15:16:14', NULL);

INSERT INTO `tb_barang_child` (`IDBarangChildren`, `IDParent`, `IDBarang`, `Qty`) VALUES
(1, 53, 61, 1.00);
INSERT INTO `tb_barang_child` (`IDBarangChildren`, `IDParent`, `IDBarang`, `Qty`) VALUES
(2, 53, 75, 1.00);
INSERT INTO `tb_barang_child` (`IDBarangChildren`, `IDParent`, `IDBarang`, `Qty`) VALUES
(3, 53, 76, 1.00);
INSERT INTO `tb_barang_child` (`IDBarangChildren`, `IDParent`, `IDBarang`, `Qty`) VALUES
(5, 53, 77, 1.00),
(6, 53, 78, 1.00),
(7, 57, 79, 2.00),
(8, 57, 80, 1.00),
(9, 57, 81, 1.00),
(10, 57, 82, 1.00),
(11, 55, 83, 1.00),
(12, 55, 84, 1.00),
(13, 55, 85, 1.00),
(14, 55, 76, 1.00),
(15, 55, 86, 1.00),
(16, 54, 83, 1.00),
(17, 54, 84, 1.00),
(18, 54, 87, 1.00),
(19, 54, 76, 1.00),
(20, 54, 86, 1.00),
(21, 52, 61, 1.00),
(22, 52, 99, 1.00),
(23, 52, 76, 1.00),
(24, 52, 100, 1.00);







INSERT INTO `tb_currency` (`IDCurrency`, `Nama`, `Kurs`, `EfektifPerTanggal`) VALUES
(1, 'IDR', 0.00, NULL);








INSERT INTO `tb_departement` (`IDDepartement`, `NamaDepartement`, `PrefixProject`, `PrefixSuratKeluar`, `AvailableOnProject`) VALUES
(1, 'Marketing', NULL, NULL, 0);
INSERT INTO `tb_departement` (`IDDepartement`, `NamaDepartement`, `PrefixProject`, `PrefixSuratKeluar`, `AvailableOnProject`) VALUES
(3, 'ASC', NULL, NULL, NULL);
INSERT INTO `tb_departement` (`IDDepartement`, `NamaDepartement`, `PrefixProject`, `PrefixSuratKeluar`, `AvailableOnProject`) VALUES
(4, 'Umum', NULL, NULL, NULL);







INSERT INTO `tb_gudang` (`IDGudang`, `Nama`, `IsDefault`, `DateCreated`, `CreatedBy`, `DateModified`, `ModifiedBy`) VALUES
(1, 'GUDANG KANTOR', 1, '2023-09-17 08:48:54', NULL, NULL, NULL);
INSERT INTO `tb_gudang` (`IDGudang`, `Nama`, `IsDefault`, `DateCreated`, `CreatedBy`, `DateModified`, `ModifiedBy`) VALUES
(2, 'GUDANG PUPUAN', 0, '2023-09-17 08:49:42', NULL, NULL, NULL);


INSERT INTO `tb_hak_akses` (`IDAccess`, `IDModule`, `IDMember`, `Read`, `Write`, `Delete`, `DateModified`) VALUES
(1, 1, 1, 1, 1, 0, NULL);
INSERT INTO `tb_hak_akses` (`IDAccess`, `IDModule`, `IDMember`, `Read`, `Write`, `Delete`, `DateModified`) VALUES
(2, 2, 1, 1, 1, 0, NULL);
INSERT INTO `tb_hak_akses` (`IDAccess`, `IDModule`, `IDMember`, `Read`, `Write`, `Delete`, `DateModified`) VALUES
(3, 3, 1, 1, 1, 0, '2017-01-18 07:15:48');
INSERT INTO `tb_hak_akses` (`IDAccess`, `IDModule`, `IDMember`, `Read`, `Write`, `Delete`, `DateModified`) VALUES
(4, 4, 1, 1, 1, 0, '2017-01-18 07:15:48'),
(5, 5, 1, 1, 1, 0, '2017-01-18 07:15:48'),
(6, 6, 1, 1, 1, 0, '2017-01-18 07:15:48'),
(7, 7, 1, 1, 1, 0, '2017-01-18 07:15:48'),
(8, 8, 1, 1, 1, 0, '2017-01-18 07:15:48'),
(9, 9, 1, 1, 1, 0, '2017-01-18 07:15:48'),
(10, 10, 1, 1, 1, 0, '2017-01-18 07:15:48'),
(11, 11, 1, 1, 1, 0, '2017-01-18 07:15:48'),
(12, 12, 1, 1, 1, 0, '2017-01-18 07:15:48'),
(13, 13, 1, 1, 1, 0, '2017-01-18 07:15:48'),
(14, 14, 1, 1, 1, 0, '2017-01-18 07:15:48'),
(15, 15, 1, 1, 1, 0, '2017-01-18 07:15:48'),
(16, 16, 1, 1, 1, 0, '2017-01-18 07:15:48'),
(17, 17, 1, 1, 1, 0, '2017-01-18 07:15:48'),
(18, 18, 1, 1, 1, 0, '2017-01-18 07:15:48'),
(19, 1, 2, 1, 1, 0, '2017-01-18 10:04:42'),
(20, 2, 2, 1, 1, 0, '2017-01-18 10:04:42'),
(21, 3, 2, 1, 1, 0, '2017-01-18 10:04:42'),
(22, 4, 2, 1, 1, 0, '2017-01-18 10:04:42'),
(23, 5, 2, 1, 1, 0, '2017-01-18 10:04:42'),
(24, 6, 2, 1, 1, 0, '2017-01-18 10:04:42'),
(25, 7, 2, 1, 1, 0, '2017-01-18 10:04:42'),
(26, 8, 2, 1, 1, 0, '2017-01-18 10:04:42'),
(27, 9, 2, 1, 1, 0, '2017-01-18 10:04:42'),
(28, 10, 2, 1, 1, 0, '2017-01-18 10:04:42'),
(29, 11, 2, 1, 1, 0, '2017-01-18 10:04:42'),
(30, 12, 2, 1, 1, 0, '2017-01-18 10:04:42'),
(31, 13, 2, 1, 1, 0, '2017-01-18 10:04:42'),
(32, 14, 2, 1, 1, 0, '2017-01-18 10:04:42'),
(33, 15, 2, 1, 1, 0, '2017-01-18 10:04:43'),
(34, 16, 2, 1, 1, 0, '2017-01-18 10:04:43'),
(35, 17, 2, 1, 1, 0, '2017-01-18 10:04:43'),
(36, 18, 2, 1, 1, 0, '2017-01-18 10:04:43'),
(37, 1, 6, 1, 1, 1, '2017-01-25 10:29:50'),
(38, 2, 6, 1, 1, 0, '2017-01-25 10:29:50'),
(39, 3, 6, 1, 1, 0, '2017-01-25 10:29:50'),
(40, 4, 6, 1, 1, 0, '2017-01-25 10:29:50'),
(41, 5, 6, 1, 1, 0, '2017-01-25 10:29:50'),
(42, 6, 6, 1, 1, 0, '2017-01-25 10:29:50'),
(43, 7, 6, 1, 1, 0, '2017-01-25 10:29:50'),
(44, 8, 6, 1, 0, 0, '2017-01-25 10:29:50'),
(45, 9, 6, 1, 1, 0, '2017-01-25 10:29:50'),
(46, 10, 6, 1, 1, 0, '2017-01-25 10:29:50'),
(47, 11, 6, 1, 1, 0, '2017-01-25 10:29:50'),
(48, 12, 6, 1, 1, 0, '2017-01-25 10:29:50'),
(49, 13, 6, 1, 1, 0, '2017-01-25 10:29:50'),
(50, 14, 6, 1, 1, 0, '2017-01-25 10:29:50'),
(51, 15, 6, 1, 1, 0, '2017-01-25 10:29:50'),
(52, 16, 6, 1, 1, 0, '2017-01-25 10:29:50'),
(53, 17, 6, 1, 1, 0, '2017-01-25 10:29:50'),
(54, 18, 6, 1, 1, 0, '2017-01-25 10:29:50'),
(55, 1, 47, 1, 1, 0, '2017-02-05 10:29:10'),
(56, 2, 47, 1, 1, 0, '2017-02-05 10:29:10'),
(57, 3, 47, 1, 1, 0, '2017-02-05 10:29:10'),
(58, 4, 47, 1, 1, 0, '2017-02-05 10:29:10'),
(59, 5, 47, 1, 1, 0, '2017-02-05 10:29:10'),
(60, 6, 47, 1, 1, 0, '2017-02-05 10:29:10'),
(61, 7, 47, 1, 0, 0, '2017-02-05 10:29:10'),
(62, 8, 47, 1, 0, 0, '2017-02-05 10:29:10'),
(63, 9, 47, 1, 0, 0, '2017-02-05 10:29:10'),
(64, 10, 47, 1, 0, 0, '2017-02-05 10:29:10'),
(65, 11, 47, 1, 0, 0, '2017-02-05 10:29:10'),
(66, 12, 47, 1, 1, 0, '2017-02-05 10:29:10'),
(67, 13, 47, 1, 1, 0, '2017-02-05 10:29:10'),
(68, 14, 47, 1, 0, 0, '2017-02-05 10:29:10'),
(69, 15, 47, 1, 0, 0, '2017-02-05 10:29:10'),
(70, 16, 47, 1, 0, 0, '2017-02-05 10:29:10'),
(71, 17, 47, 1, 1, 0, '2017-02-05 10:29:10'),
(72, 18, 47, 0, 0, 0, '2017-02-05 10:29:10'),
(73, 1, 7, 0, 0, 0, '2017-02-06 09:41:40'),
(74, 2, 7, 0, 0, 0, '2017-02-06 09:41:40'),
(75, 3, 7, 0, 0, 0, '2017-02-06 09:41:40'),
(76, 4, 7, 0, 0, 0, '2017-02-06 09:41:40'),
(77, 5, 7, 0, 0, 0, '2017-02-06 09:41:40'),
(78, 6, 7, 0, 0, 0, '2017-02-06 09:41:40'),
(79, 7, 7, 0, 0, 0, '2017-02-06 09:41:40'),
(80, 8, 7, 0, 0, 0, '2017-02-06 09:41:40'),
(81, 9, 7, 0, 0, 0, '2017-02-06 09:41:40'),
(82, 10, 7, 0, 0, 0, '2017-02-06 09:41:40'),
(83, 11, 7, 0, 0, 0, '2017-02-06 09:41:40'),
(84, 12, 7, 0, 0, 0, '2017-02-06 09:41:40'),
(85, 13, 7, 0, 0, 0, '2017-02-06 09:41:40'),
(86, 14, 7, 0, 0, 0, '2017-02-06 09:41:40'),
(87, 15, 7, 0, 0, 0, '2017-02-06 09:41:40'),
(88, 16, 7, 0, 0, 0, '2017-02-06 09:41:40'),
(89, 17, 7, 0, 0, 0, '2017-02-06 09:41:40'),
(90, 18, 7, 0, 0, 0, '2017-02-06 09:41:40'),
(91, 1, 8, 0, 0, 0, '2017-02-07 05:36:03'),
(92, 2, 8, 0, 0, 0, '2017-02-07 05:36:03'),
(93, 3, 8, 0, 0, 0, '2017-02-07 05:36:03'),
(94, 4, 8, 1, 0, 0, '2017-02-07 05:36:03'),
(95, 5, 8, 1, 1, 0, '2017-02-07 05:36:03'),
(96, 6, 8, 1, 1, 0, '2017-02-07 05:36:03'),
(97, 7, 8, 1, 1, 0, '2017-02-07 05:36:03'),
(98, 8, 8, 0, 0, 0, '2017-02-07 05:36:03'),
(99, 9, 8, 0, 0, 0, '2017-02-07 05:36:03'),
(100, 10, 8, 0, 0, 0, '2017-02-07 05:36:03'),
(101, 11, 8, 0, 0, 0, '2017-02-07 05:36:03'),
(102, 12, 8, 1, 0, 0, '2017-02-07 05:36:03'),
(103, 13, 8, 1, 1, 0, '2017-02-07 05:36:03'),
(104, 14, 8, 0, 0, 0, '2017-02-07 05:36:03'),
(105, 15, 8, 0, 0, 0, '2017-02-07 05:36:03'),
(106, 16, 8, 0, 0, 0, '2017-02-07 05:36:03'),
(107, 17, 8, 0, 0, 0, '2017-02-07 05:36:03'),
(108, 18, 8, 0, 0, 0, '2017-02-07 05:36:03'),
(109, 1, 9, 1, 1, 0, '2017-02-07 05:36:35'),
(110, 2, 9, 0, 0, 0, '2017-02-07 05:36:35'),
(111, 3, 9, 1, 1, 0, '2017-02-07 05:36:35'),
(112, 4, 9, 1, 1, 0, '2017-02-07 05:36:35'),
(113, 5, 9, 1, 1, 0, '2017-02-07 05:36:35'),
(114, 6, 9, 1, 1, 0, '2017-02-07 05:36:35'),
(115, 7, 9, 1, 1, 0, '2017-02-07 05:36:35'),
(116, 8, 9, 1, 1, 0, '2017-02-07 05:36:35'),
(117, 9, 9, 0, 0, 0, '2017-02-07 05:36:35'),
(118, 10, 9, 0, 0, 0, '2017-02-07 05:36:35'),
(119, 11, 9, 1, 1, 0, '2017-02-07 05:36:35'),
(120, 12, 9, 0, 0, 0, '2017-02-07 05:36:35'),
(121, 13, 9, 1, 1, 0, '2017-02-07 05:36:35'),
(122, 14, 9, 0, 0, 0, '2017-02-07 05:36:35'),
(123, 15, 9, 0, 0, 0, '2017-02-07 05:36:35'),
(124, 16, 9, 0, 0, 0, '2017-02-07 05:36:35'),
(125, 17, 9, 0, 0, 0, '2017-02-07 05:36:35'),
(126, 18, 9, 0, 0, 0, '2017-02-07 05:36:35'),
(127, 1, 10, 1, 1, 0, '2017-02-07 05:36:52'),
(128, 2, 10, 0, 0, 0, '2017-02-07 05:36:52'),
(129, 3, 10, 1, 1, 0, '2017-02-07 05:36:52'),
(130, 4, 10, 1, 1, 0, '2017-02-07 05:36:52'),
(131, 5, 10, 1, 1, 0, '2017-02-07 05:36:52'),
(132, 6, 10, 1, 1, 0, '2017-02-07 05:36:52'),
(133, 7, 10, 1, 1, 0, '2017-02-07 05:36:52'),
(134, 8, 10, 1, 1, 0, '2017-02-07 05:36:52'),
(135, 9, 10, 1, 0, 0, '2017-02-07 05:36:52'),
(136, 10, 10, 0, 0, 0, '2017-02-07 05:36:52'),
(137, 11, 10, 0, 0, 0, '2017-02-07 05:36:52'),
(138, 12, 10, 1, 1, 1, '2017-02-07 05:36:52'),
(139, 13, 10, 1, 0, 0, '2017-02-07 05:36:52'),
(140, 14, 10, 1, 0, 0, '2017-02-07 05:36:52'),
(141, 15, 10, 1, 0, 0, '2017-02-07 05:36:52'),
(142, 16, 10, 1, 0, 0, '2017-02-07 05:36:52'),
(143, 17, 10, 1, 0, 0, '2017-02-07 05:36:52'),
(144, 18, 10, 0, 0, 0, '2017-02-07 05:36:52'),
(145, 1, 11, 1, 1, 0, '2017-02-07 05:37:12'),
(146, 2, 11, 1, 1, 0, '2017-02-07 05:37:12'),
(147, 3, 11, 1, 1, 0, '2017-02-07 05:37:12'),
(148, 4, 11, 1, 1, 0, '2017-02-07 05:37:12'),
(149, 5, 11, 1, 1, 0, '2017-02-07 05:37:12'),
(150, 6, 11, 1, 1, 0, '2017-02-07 05:37:12'),
(151, 7, 11, 1, 1, 0, '2017-02-07 05:37:12'),
(152, 8, 11, 1, 1, 0, '2017-02-07 05:37:12'),
(153, 9, 11, 1, 1, 0, '2017-02-07 05:37:12'),
(154, 10, 11, 0, 0, 0, '2017-02-07 05:37:12'),
(155, 11, 11, 1, 0, 0, '2017-02-07 05:37:12'),
(156, 12, 11, 1, 0, 0, '2017-02-07 05:37:12'),
(157, 13, 11, 1, 1, 0, '2017-02-07 05:37:12'),
(158, 14, 11, 1, 1, 0, '2017-02-07 05:37:12'),
(159, 15, 11, 1, 1, 0, '2017-02-07 05:37:12'),
(160, 16, 11, 1, 1, 0, '2017-02-07 05:37:12'),
(161, 17, 11, 0, 0, 0, '2017-02-07 05:37:12'),
(162, 18, 11, 0, 0, 0, '2017-02-07 05:37:12'),
(163, 1, 12, 0, 0, 0, '2017-02-07 05:37:30'),
(164, 2, 12, 0, 0, 0, '2017-02-07 05:37:30'),
(165, 3, 12, 0, 0, 0, '2017-02-07 05:37:30'),
(166, 4, 12, 1, 0, 0, '2017-02-07 05:37:30'),
(167, 5, 12, 1, 1, 0, '2017-02-07 05:37:30'),
(168, 6, 12, 1, 1, 0, '2017-02-07 05:37:30'),
(169, 7, 12, 1, 1, 0, '2017-02-07 05:37:30'),
(170, 8, 12, 0, 0, 0, '2017-02-07 05:37:30'),
(171, 9, 12, 0, 0, 0, '2017-02-07 05:37:30'),
(172, 10, 12, 0, 0, 0, '2017-02-07 05:37:30'),
(173, 11, 12, 0, 0, 0, '2017-02-07 05:37:30'),
(174, 12, 12, 1, 0, 0, '2017-02-07 05:37:30'),
(175, 13, 12, 1, 0, 0, '2017-02-07 05:37:30'),
(176, 14, 12, 0, 0, 0, '2017-02-07 05:37:30'),
(177, 15, 12, 0, 0, 0, '2017-02-07 05:37:30'),
(178, 16, 12, 0, 0, 0, '2017-02-07 05:37:30'),
(179, 17, 12, 0, 0, 0, '2017-02-07 05:37:30'),
(180, 18, 12, 0, 0, 0, '2017-02-07 05:37:30'),
(181, 1, 13, 0, 0, 0, '2017-02-07 05:37:49'),
(182, 2, 13, 0, 0, 0, '2017-02-07 05:37:49'),
(183, 3, 13, 0, 0, 0, '2017-02-07 05:37:49'),
(184, 4, 13, 1, 0, 0, '2017-02-07 05:37:49'),
(185, 5, 13, 1, 1, 0, '2017-02-07 05:37:49'),
(186, 6, 13, 1, 1, 0, '2017-02-07 05:37:49'),
(187, 7, 13, 1, 1, 0, '2017-02-07 05:37:49'),
(188, 8, 13, 0, 0, 0, '2017-02-07 05:37:49'),
(189, 9, 13, 0, 0, 0, '2017-02-07 05:37:49'),
(190, 10, 13, 0, 0, 0, '2017-02-07 05:37:49'),
(191, 11, 13, 0, 0, 0, '2017-02-07 05:37:49'),
(192, 12, 13, 0, 0, 0, '2017-02-07 05:37:49'),
(193, 13, 13, 1, 1, 0, '2017-02-07 05:37:49'),
(194, 14, 13, 0, 0, 0, '2017-02-07 05:37:49'),
(195, 15, 13, 0, 0, 0, '2017-02-07 05:37:49'),
(196, 16, 13, 0, 0, 0, '2017-02-07 05:37:49'),
(197, 17, 13, 0, 0, 0, '2017-02-07 05:37:49'),
(198, 18, 13, 0, 0, 0, '2017-02-07 05:37:49'),
(199, 1, 14, 1, 1, 0, '2017-02-07 05:38:13'),
(200, 2, 14, 0, 0, 0, '2017-02-07 05:38:13'),
(201, 3, 14, 1, 1, 0, '2017-02-07 05:38:13'),
(202, 4, 14, 1, 1, 0, '2017-02-07 05:38:13'),
(203, 5, 14, 1, 1, 0, '2017-02-07 05:38:13'),
(204, 6, 14, 1, 1, 0, '2017-02-07 05:38:13'),
(205, 7, 14, 1, 1, 0, '2017-02-07 05:38:13'),
(206, 8, 14, 1, 1, 0, '2017-02-07 05:38:13'),
(207, 9, 14, 0, 0, 0, '2017-02-07 05:38:13'),
(208, 10, 14, 0, 0, 0, '2017-02-07 05:38:13'),
(209, 11, 14, 1, 1, 0, '2017-02-07 05:38:13'),
(210, 12, 14, 1, 0, 0, '2017-02-07 05:38:13'),
(211, 13, 14, 1, 1, 0, '2017-02-07 05:38:13'),
(212, 14, 14, 0, 0, 0, '2017-02-07 05:38:13'),
(213, 15, 14, 0, 0, 0, '2017-02-07 05:38:13'),
(214, 16, 14, 0, 0, 0, '2017-02-07 05:38:13'),
(215, 17, 14, 0, 0, 0, '2017-02-07 05:38:13'),
(216, 18, 14, 0, 0, 0, '2017-02-07 05:38:13'),
(217, 1, 15, 0, 0, 0, '2017-02-07 05:38:49'),
(218, 2, 15, 0, 0, 0, '2017-02-07 05:38:49'),
(219, 3, 15, 0, 0, 0, '2017-02-07 05:38:49'),
(220, 4, 15, 0, 0, 0, '2017-02-07 05:38:49'),
(221, 5, 15, 1, 1, 0, '2017-02-07 05:38:49'),
(222, 6, 15, 1, 1, 0, '2017-02-07 05:38:49'),
(223, 7, 15, 1, 1, 0, '2017-02-07 05:38:49'),
(224, 8, 15, 0, 0, 0, '2017-02-07 05:38:49'),
(225, 9, 15, 0, 0, 0, '2017-02-07 05:38:49'),
(226, 10, 15, 0, 0, 0, '2017-02-07 05:38:49'),
(227, 11, 15, 0, 0, 0, '2017-02-07 05:38:49'),
(228, 12, 15, 1, 0, 0, '2017-02-07 05:38:49'),
(229, 13, 15, 1, 0, 0, '2017-02-07 05:38:49'),
(230, 14, 15, 0, 0, 0, '2017-02-07 05:38:49'),
(231, 15, 15, 0, 0, 0, '2017-02-07 05:38:49'),
(232, 16, 15, 0, 0, 0, '2017-02-07 05:38:49'),
(233, 17, 15, 0, 0, 0, '2017-02-07 05:38:49'),
(234, 18, 15, 0, 0, 0, '2017-02-07 05:38:49'),
(235, 1, 16, 1, 0, 0, '2017-02-07 05:39:06'),
(236, 2, 16, 1, 0, 0, '2017-02-07 05:39:06'),
(237, 3, 16, 1, 0, 0, '2017-02-07 05:39:06'),
(238, 4, 16, 1, 0, 0, '2017-02-07 05:39:06'),
(239, 5, 16, 1, 0, 0, '2017-02-07 05:39:06'),
(240, 6, 16, 1, 0, 0, '2017-02-07 05:39:06'),
(241, 7, 16, 1, 1, 0, '2017-02-07 05:39:06'),
(242, 8, 16, 1, 0, 0, '2017-02-07 05:39:06'),
(243, 9, 16, 0, 0, 0, '2017-02-07 05:39:06'),
(244, 10, 16, 0, 0, 0, '2017-02-07 05:39:06'),
(245, 11, 16, 0, 0, 0, '2017-02-07 05:39:06'),
(246, 12, 16, 0, 0, 0, '2017-02-07 05:39:06'),
(247, 13, 16, 1, 1, 0, '2017-02-07 05:39:06'),
(248, 14, 16, 0, 0, 0, '2017-02-07 05:39:06'),
(249, 15, 16, 0, 0, 0, '2017-02-07 05:39:06'),
(250, 16, 16, 0, 0, 0, '2017-02-07 05:39:06'),
(251, 17, 16, 0, 0, 0, '2017-02-07 05:39:06'),
(252, 18, 16, 0, 0, 0, '2017-02-07 05:39:06'),
(253, 1, 17, 1, 0, 0, '2017-02-07 05:39:29'),
(254, 2, 17, 0, 0, 0, '2017-02-07 05:39:29'),
(255, 3, 17, 1, 0, 0, '2017-02-07 05:39:29'),
(256, 4, 17, 1, 0, 0, '2017-02-07 05:39:29'),
(257, 5, 17, 1, 0, 0, '2017-02-07 05:39:29'),
(258, 6, 17, 1, 0, 0, '2017-02-07 05:39:29'),
(259, 7, 17, 1, 0, 0, '2017-02-07 05:39:29'),
(260, 8, 17, 0, 0, 0, '2017-02-07 05:39:29'),
(261, 9, 17, 0, 0, 0, '2017-02-07 05:39:29'),
(262, 10, 17, 0, 0, 0, '2017-02-07 05:39:29'),
(263, 11, 17, 0, 0, 0, '2017-02-07 05:39:29'),
(264, 12, 17, 1, 0, 0, '2017-02-07 05:39:29'),
(265, 13, 17, 1, 0, 0, '2017-02-07 05:39:29'),
(266, 14, 17, 0, 0, 0, '2017-02-07 05:39:29'),
(267, 15, 17, 0, 0, 0, '2017-02-07 05:39:29'),
(268, 16, 17, 0, 0, 0, '2017-02-07 05:39:29'),
(269, 17, 17, 0, 0, 0, '2017-02-07 05:39:29'),
(270, 18, 17, 0, 0, 0, '2017-02-07 05:39:29'),
(271, 1, 19, 0, 0, 0, '2017-02-07 05:39:49'),
(272, 2, 19, 0, 0, 0, '2017-02-07 05:39:49'),
(273, 3, 19, 0, 0, 0, '2017-02-07 05:39:49'),
(274, 4, 19, 0, 0, 0, '2017-02-07 05:39:49'),
(275, 5, 19, 1, 1, 0, '2017-02-07 05:39:49'),
(276, 6, 19, 1, 1, 0, '2017-02-07 05:39:49');
INSERT INTO `tb_hak_akses` (`IDAccess`, `IDModule`, `IDMember`, `Read`, `Write`, `Delete`, `DateModified`) VALUES
(277, 7, 19, 1, 1, 0, '2017-02-07 05:39:49'),
(278, 8, 19, 0, 0, 0, '2017-02-07 05:39:49'),
(279, 9, 19, 0, 0, 0, '2017-02-07 05:39:49'),
(280, 10, 19, 0, 0, 0, '2017-02-07 05:39:49'),
(281, 11, 19, 0, 0, 0, '2017-02-07 05:39:49'),
(282, 12, 19, 0, 0, 0, '2017-02-07 05:39:49'),
(283, 13, 19, 1, 1, 0, '2017-02-07 05:39:49'),
(284, 14, 19, 0, 0, 0, '2017-02-07 05:39:49'),
(285, 15, 19, 0, 0, 0, '2017-02-07 05:39:49'),
(286, 16, 19, 0, 0, 0, '2017-02-07 05:39:49'),
(287, 17, 19, 0, 0, 0, '2017-02-07 05:39:49'),
(288, 18, 19, 0, 0, 0, '2017-02-07 05:39:49'),
(289, 1, 21, 1, 1, 0, '2017-02-07 05:40:08'),
(290, 2, 21, 0, 0, 0, '2017-02-07 05:40:08'),
(291, 3, 21, 1, 1, 0, '2017-02-07 05:40:08'),
(292, 4, 21, 1, 1, 0, '2017-02-07 05:40:08'),
(293, 5, 21, 1, 1, 0, '2017-02-07 05:40:08'),
(294, 6, 21, 1, 1, 0, '2017-02-07 05:40:08'),
(295, 7, 21, 1, 1, 0, '2017-02-07 05:40:08'),
(296, 8, 21, 0, 0, 0, '2017-02-07 05:40:08'),
(297, 9, 21, 0, 0, 0, '2017-02-07 05:40:08'),
(298, 10, 21, 1, 1, 0, '2017-02-07 05:40:08'),
(299, 11, 21, 1, 1, 0, '2017-02-07 05:40:08'),
(300, 12, 21, 0, 0, 0, '2017-02-07 05:40:08'),
(301, 13, 21, 1, 1, 0, '2017-02-07 05:40:08'),
(302, 14, 21, 0, 0, 0, '2017-02-07 05:40:08'),
(303, 15, 21, 0, 0, 0, '2017-02-07 05:40:08'),
(304, 16, 21, 0, 0, 0, '2017-02-07 05:40:08'),
(305, 17, 21, 0, 0, 0, '2017-02-07 05:40:08'),
(306, 18, 21, 1, 1, 0, '2017-02-07 05:40:08'),
(307, 1, 22, 1, 0, 0, '2017-02-07 05:40:33'),
(308, 2, 22, 0, 0, 0, '2017-02-07 05:40:33'),
(309, 3, 22, 1, 0, 0, '2017-02-07 05:40:33'),
(310, 4, 22, 1, 0, 0, '2017-02-07 05:40:33'),
(311, 5, 22, 1, 0, 0, '2017-02-07 05:40:33'),
(312, 6, 22, 0, 0, 0, '2017-02-07 05:40:33'),
(313, 7, 22, 0, 0, 0, '2017-02-07 05:40:33'),
(314, 8, 22, 0, 0, 0, '2017-02-07 05:40:33'),
(315, 9, 22, 0, 0, 0, '2017-02-07 05:40:33'),
(316, 10, 22, 0, 0, 0, '2017-02-07 05:40:33'),
(317, 11, 22, 0, 0, 0, '2017-02-07 05:40:33'),
(318, 12, 22, 1, 0, 0, '2017-02-07 05:40:33'),
(319, 13, 22, 0, 0, 0, '2017-02-07 05:40:33'),
(320, 14, 22, 0, 0, 0, '2017-02-07 05:40:33'),
(321, 15, 22, 0, 0, 0, '2017-02-07 05:40:33'),
(322, 16, 22, 0, 0, 0, '2017-02-07 05:40:33'),
(323, 17, 22, 0, 0, 0, '2017-02-07 05:40:33'),
(324, 18, 22, 0, 0, 0, '2017-02-07 05:40:33'),
(325, 1, 23, 1, 1, 0, '2017-02-07 05:40:53'),
(326, 2, 23, 0, 0, 0, '2017-02-07 05:40:53'),
(327, 3, 23, 1, 1, 0, '2017-02-07 05:40:53'),
(328, 4, 23, 1, 1, 0, '2017-02-07 05:40:53'),
(329, 5, 23, 1, 1, 0, '2017-02-07 05:40:53'),
(330, 6, 23, 1, 1, 0, '2017-02-07 05:40:53'),
(331, 7, 23, 1, 1, 0, '2017-02-07 05:40:53'),
(332, 8, 23, 1, 1, 0, '2017-02-07 05:40:53'),
(333, 9, 23, 1, 1, 0, '2017-02-07 05:40:53'),
(334, 10, 23, 0, 0, 0, '2017-02-07 05:40:53'),
(335, 11, 23, 1, 1, 0, '2017-02-07 05:40:53'),
(336, 12, 23, 0, 0, 0, '2017-02-07 05:40:53'),
(337, 13, 23, 1, 1, 0, '2017-02-07 05:40:53'),
(338, 14, 23, 1, 1, 0, '2017-02-07 05:40:53'),
(339, 15, 23, 0, 0, 0, '2017-02-07 05:40:53'),
(340, 16, 23, 1, 1, 0, '2017-02-07 05:40:53'),
(341, 17, 23, 1, 1, 0, '2017-02-07 05:40:53'),
(342, 18, 23, 0, 0, 0, '2017-02-07 05:40:53'),
(343, 1, 24, 1, 0, 0, '2017-02-07 05:41:09'),
(344, 2, 24, 1, 1, 0, '2017-02-07 05:41:09'),
(345, 3, 24, 1, 1, 0, '2017-02-07 05:41:09'),
(346, 4, 24, 1, 0, 0, '2017-02-07 05:41:09'),
(347, 5, 24, 1, 1, 0, '2017-02-07 05:41:09'),
(348, 6, 24, 1, 1, 0, '2017-02-07 05:41:09'),
(349, 7, 24, 1, 1, 0, '2017-02-07 05:41:09'),
(350, 8, 24, 1, 0, 0, '2017-02-07 05:41:09'),
(351, 9, 24, 1, 0, 0, '2017-02-07 05:41:09'),
(352, 10, 24, 1, 0, 0, '2017-02-07 05:41:09'),
(353, 11, 24, 1, 0, 0, '2017-02-07 05:41:09'),
(354, 12, 24, 1, 1, 0, '2017-02-07 05:41:09'),
(355, 13, 24, 1, 1, 0, '2017-02-07 05:41:09'),
(356, 14, 24, 1, 0, 0, '2017-02-07 05:41:09'),
(357, 15, 24, 1, 0, 0, '2017-02-07 05:41:09'),
(358, 16, 24, 1, 0, 0, '2017-02-07 05:41:09'),
(359, 17, 24, 1, 1, 0, '2017-02-07 05:41:09'),
(360, 18, 24, 0, 0, 0, '2017-02-07 05:41:09'),
(361, 1, 25, 0, 0, 0, '2017-02-07 05:41:30'),
(362, 2, 25, 0, 0, 0, '2017-02-07 05:41:30'),
(363, 3, 25, 0, 0, 0, '2017-02-07 05:41:30'),
(364, 4, 25, 0, 0, 0, '2017-02-07 05:41:30'),
(365, 5, 25, 0, 0, 0, '2017-02-07 05:41:30'),
(366, 6, 25, 0, 0, 0, '2017-02-07 05:41:30'),
(367, 7, 25, 0, 0, 0, '2017-02-07 05:41:30'),
(368, 8, 25, 1, 0, 0, '2017-02-07 05:41:30'),
(369, 9, 25, 0, 0, 0, '2017-02-07 05:41:30'),
(370, 10, 25, 0, 0, 0, '2017-02-07 05:41:30'),
(371, 11, 25, 0, 0, 0, '2017-02-07 05:41:30'),
(372, 12, 25, 0, 0, 0, '2017-02-07 05:41:30'),
(373, 13, 25, 0, 0, 0, '2017-02-07 05:41:30'),
(374, 14, 25, 0, 0, 0, '2017-02-07 05:41:30'),
(375, 15, 25, 0, 0, 0, '2017-02-07 05:41:30'),
(376, 16, 25, 0, 0, 0, '2017-02-07 05:41:30'),
(377, 17, 25, 0, 0, 0, '2017-02-07 05:41:30'),
(378, 18, 25, 0, 0, 0, '2017-02-07 05:41:30'),
(379, 1, 26, 0, 0, 0, '2017-02-07 05:41:48'),
(380, 2, 26, 0, 0, 0, '2017-02-07 05:41:48'),
(381, 3, 26, 0, 0, 0, '2017-02-07 05:41:48'),
(382, 4, 26, 0, 0, 0, '2017-02-07 05:41:48'),
(383, 5, 26, 0, 0, 0, '2017-02-07 05:41:48'),
(384, 6, 26, 0, 0, 0, '2017-02-07 05:41:48'),
(385, 7, 26, 0, 0, 0, '2017-02-07 05:41:48'),
(386, 8, 26, 0, 0, 0, '2017-02-07 05:41:48'),
(387, 9, 26, 0, 0, 0, '2017-02-07 05:41:48'),
(388, 10, 26, 0, 0, 0, '2017-02-07 05:41:48'),
(389, 11, 26, 0, 0, 0, '2017-02-07 05:41:48'),
(390, 12, 26, 0, 0, 0, '2017-02-07 05:41:48'),
(391, 13, 26, 0, 0, 0, '2017-02-07 05:41:48'),
(392, 14, 26, 0, 0, 0, '2017-02-07 05:41:48'),
(393, 15, 26, 0, 0, 0, '2017-02-07 05:41:48'),
(394, 16, 26, 0, 0, 0, '2017-02-07 05:41:48'),
(395, 17, 26, 0, 0, 0, '2017-02-07 05:41:48'),
(396, 18, 26, 0, 0, 0, '2017-02-07 05:41:48'),
(397, 1, 27, 1, 0, 0, '2017-02-07 05:42:03'),
(398, 2, 27, 1, 0, 0, '2017-02-07 05:42:03'),
(399, 3, 27, 1, 1, 0, '2017-02-07 05:42:03'),
(400, 4, 27, 1, 0, 0, '2017-02-07 05:42:03'),
(401, 5, 27, 1, 1, 0, '2017-02-07 05:42:03'),
(402, 6, 27, 0, 0, 0, '2017-02-07 05:42:03'),
(403, 7, 27, 0, 0, 0, '2017-02-07 05:42:03'),
(404, 8, 27, 0, 0, 0, '2017-02-07 05:42:03'),
(405, 9, 27, 0, 0, 0, '2017-02-07 05:42:03'),
(406, 10, 27, 1, 1, 0, '2017-02-07 05:42:03'),
(407, 11, 27, 1, 0, 0, '2017-02-07 05:42:03'),
(408, 12, 27, 0, 0, 0, '2017-02-07 05:42:03'),
(409, 13, 27, 1, 1, 0, '2017-02-07 05:42:03'),
(410, 14, 27, 0, 0, 0, '2017-02-07 05:42:03'),
(411, 15, 27, 0, 0, 0, '2017-02-07 05:42:03'),
(412, 16, 27, 0, 0, 0, '2017-02-07 05:42:03'),
(413, 17, 27, 0, 0, 0, '2017-02-07 05:42:03'),
(414, 18, 27, 0, 0, 0, '2017-02-07 05:42:03'),
(415, 1, 28, 0, 0, 0, '2017-02-07 05:42:41'),
(416, 2, 28, 0, 0, 0, '2017-02-07 05:42:41'),
(417, 3, 28, 0, 0, 0, '2017-02-07 05:42:41'),
(418, 4, 28, 0, 0, 0, '2017-02-07 05:42:41'),
(419, 5, 28, 1, 1, 0, '2017-02-07 05:42:41'),
(420, 6, 28, 1, 1, 0, '2017-02-07 05:42:41'),
(421, 7, 28, 1, 1, 0, '2017-02-07 05:42:41'),
(422, 8, 28, 0, 0, 0, '2017-02-07 05:42:41'),
(423, 9, 28, 0, 0, 0, '2017-02-07 05:42:41'),
(424, 10, 28, 0, 0, 0, '2017-02-07 05:42:41'),
(425, 11, 28, 0, 0, 0, '2017-02-07 05:42:41'),
(426, 12, 28, 0, 0, 0, '2017-02-07 05:42:41'),
(427, 13, 28, 1, 1, 0, '2017-02-07 05:42:41'),
(428, 14, 28, 0, 0, 0, '2017-02-07 05:42:41'),
(429, 15, 28, 0, 0, 0, '2017-02-07 05:42:41'),
(430, 16, 28, 0, 0, 0, '2017-02-07 05:42:41'),
(431, 17, 28, 0, 0, 0, '2017-02-07 05:42:41'),
(432, 18, 28, 0, 0, 0, '2017-02-07 05:42:41'),
(433, 1, 29, 0, 0, 0, '2017-02-07 05:42:58'),
(434, 2, 29, 0, 0, 0, '2017-02-07 05:42:58'),
(435, 3, 29, 0, 0, 0, '2017-02-07 05:42:58'),
(436, 4, 29, 0, 0, 0, '2017-02-07 05:42:58'),
(437, 5, 29, 1, 1, 0, '2017-02-07 05:42:58'),
(438, 6, 29, 1, 1, 0, '2017-02-07 05:42:58'),
(439, 7, 29, 1, 1, 0, '2017-02-07 05:42:58'),
(440, 8, 29, 0, 0, 0, '2017-02-07 05:42:58'),
(441, 9, 29, 0, 0, 0, '2017-02-07 05:42:58'),
(442, 10, 29, 0, 0, 0, '2017-02-07 05:42:58'),
(443, 11, 29, 0, 0, 0, '2017-02-07 05:42:58'),
(444, 12, 29, 0, 0, 0, '2017-02-07 05:42:58'),
(445, 13, 29, 1, 1, 0, '2017-02-07 05:42:58'),
(446, 14, 29, 0, 0, 0, '2017-02-07 05:42:58'),
(447, 15, 29, 0, 0, 0, '2017-02-07 05:42:58'),
(448, 16, 29, 0, 0, 0, '2017-02-07 05:42:58'),
(449, 17, 29, 0, 0, 0, '2017-02-07 05:42:58'),
(450, 18, 29, 0, 0, 0, '2017-02-07 05:42:58'),
(451, 1, 30, 0, 0, 0, '2017-02-07 05:43:19'),
(452, 2, 30, 0, 0, 0, '2017-02-07 05:43:19'),
(453, 3, 30, 0, 0, 0, '2017-02-07 05:43:19'),
(454, 4, 30, 0, 0, 0, '2017-02-07 05:43:19'),
(455, 5, 30, 1, 1, 0, '2017-02-07 05:43:19'),
(456, 6, 30, 1, 1, 0, '2017-02-07 05:43:19'),
(457, 7, 30, 1, 1, 0, '2017-02-07 05:43:19'),
(458, 8, 30, 0, 0, 0, '2017-02-07 05:43:19'),
(459, 9, 30, 0, 0, 0, '2017-02-07 05:43:19'),
(460, 10, 30, 0, 0, 0, '2017-02-07 05:43:19'),
(461, 11, 30, 0, 0, 0, '2017-02-07 05:43:19'),
(462, 12, 30, 0, 0, 0, '2017-02-07 05:43:19'),
(463, 13, 30, 1, 1, 0, '2017-02-07 05:43:19'),
(464, 14, 30, 0, 0, 0, '2017-02-07 05:43:19'),
(465, 15, 30, 0, 0, 0, '2017-02-07 05:43:19'),
(466, 16, 30, 0, 0, 0, '2017-02-07 05:43:19'),
(467, 17, 30, 0, 0, 0, '2017-02-07 05:43:19'),
(468, 18, 30, 0, 0, 0, '2017-02-07 05:43:19'),
(469, 1, 31, 0, 0, 0, '2017-02-07 05:43:43'),
(470, 2, 31, 0, 0, 0, '2017-02-07 05:43:43'),
(471, 3, 31, 0, 0, 0, '2017-02-07 05:43:43'),
(472, 4, 31, 0, 0, 0, '2017-02-07 05:43:43'),
(473, 5, 31, 1, 1, 0, '2017-02-07 05:43:43'),
(474, 6, 31, 1, 1, 0, '2017-02-07 05:43:43'),
(475, 7, 31, 1, 1, 0, '2017-02-07 05:43:43'),
(476, 8, 31, 1, 0, 0, '2017-02-07 05:43:43'),
(477, 9, 31, 0, 0, 0, '2017-02-07 05:43:43'),
(478, 10, 31, 0, 0, 0, '2017-02-07 05:43:43'),
(479, 11, 31, 0, 0, 0, '2017-02-07 05:43:43'),
(480, 12, 31, 0, 0, 0, '2017-02-07 05:43:43'),
(481, 13, 31, 1, 1, 0, '2017-02-07 05:43:43'),
(482, 14, 31, 0, 0, 0, '2017-02-07 05:43:43'),
(483, 15, 31, 0, 0, 0, '2017-02-07 05:43:43'),
(484, 16, 31, 0, 0, 0, '2017-02-07 05:43:43'),
(485, 17, 31, 0, 0, 0, '2017-02-07 05:43:43'),
(486, 18, 31, 0, 0, 0, '2017-02-07 05:43:43'),
(487, 1, 32, 0, 0, 0, '2017-02-07 05:44:09'),
(488, 2, 32, 0, 0, 0, '2017-02-07 05:44:09'),
(489, 3, 32, 0, 0, 0, '2017-02-07 05:44:09'),
(490, 4, 32, 0, 0, 0, '2017-02-07 05:44:09'),
(491, 5, 32, 0, 0, 0, '2017-02-07 05:44:09'),
(492, 6, 32, 0, 0, 0, '2017-02-07 05:44:09'),
(493, 7, 32, 0, 0, 0, '2017-02-07 05:44:09'),
(494, 8, 32, 0, 0, 0, '2017-02-07 05:44:09'),
(495, 9, 32, 0, 0, 0, '2017-02-07 05:44:09'),
(496, 10, 32, 0, 0, 0, '2017-02-07 05:44:09'),
(497, 11, 32, 0, 0, 0, '2017-02-07 05:44:09'),
(498, 12, 32, 0, 0, 0, '2017-02-07 05:44:09'),
(499, 13, 32, 0, 0, 0, '2017-02-07 05:44:09'),
(500, 14, 32, 0, 0, 0, '2017-02-07 05:44:09'),
(501, 15, 32, 0, 0, 0, '2017-02-07 05:44:09'),
(502, 16, 32, 0, 0, 0, '2017-02-07 05:44:09'),
(503, 17, 32, 0, 0, 0, '2017-02-07 05:44:09'),
(504, 18, 32, 0, 0, 0, '2017-02-07 05:44:09'),
(505, 1, 33, 0, 0, 0, '2017-02-07 05:44:27'),
(506, 2, 33, 0, 0, 0, '2017-02-07 05:44:27'),
(507, 3, 33, 0, 0, 0, '2017-02-07 05:44:27'),
(508, 4, 33, 0, 0, 0, '2017-02-07 05:44:27'),
(509, 5, 33, 1, 1, 0, '2017-02-07 05:44:27'),
(510, 6, 33, 1, 1, 0, '2017-02-07 05:44:27'),
(511, 7, 33, 1, 1, 0, '2017-02-07 05:44:27'),
(512, 8, 33, 0, 0, 0, '2017-02-07 05:44:27'),
(513, 9, 33, 0, 0, 0, '2017-02-07 05:44:27'),
(514, 10, 33, 0, 0, 0, '2017-02-07 05:44:27'),
(515, 11, 33, 0, 0, 0, '2017-02-07 05:44:27'),
(516, 12, 33, 0, 0, 0, '2017-02-07 05:44:27'),
(517, 13, 33, 1, 1, 0, '2017-02-07 05:44:27'),
(518, 14, 33, 0, 0, 0, '2017-02-07 05:44:27'),
(519, 15, 33, 0, 0, 0, '2017-02-07 05:44:27'),
(520, 16, 33, 0, 0, 0, '2017-02-07 05:44:27'),
(521, 17, 33, 0, 0, 0, '2017-02-07 05:44:27'),
(522, 18, 33, 0, 0, 0, '2017-02-07 05:44:27'),
(523, 1, 34, 0, 0, 0, '2017-02-07 05:44:43'),
(524, 2, 34, 0, 0, 0, '2017-02-07 05:44:43'),
(525, 3, 34, 0, 0, 0, '2017-02-07 05:44:43'),
(526, 4, 34, 0, 0, 0, '2017-02-07 05:44:43'),
(527, 5, 34, 0, 0, 0, '2017-02-07 05:44:43'),
(528, 6, 34, 0, 0, 0, '2017-02-07 05:44:43'),
(529, 7, 34, 0, 0, 0, '2017-02-07 05:44:43'),
(530, 8, 34, 0, 0, 0, '2017-02-07 05:44:43'),
(531, 9, 34, 0, 0, 0, '2017-02-07 05:44:43'),
(532, 10, 34, 0, 0, 0, '2017-02-07 05:44:43'),
(533, 11, 34, 0, 0, 0, '2017-02-07 05:44:43'),
(534, 12, 34, 0, 0, 0, '2017-02-07 05:44:43'),
(535, 13, 34, 0, 0, 0, '2017-02-07 05:44:43'),
(536, 14, 34, 0, 0, 0, '2017-02-07 05:44:43'),
(537, 15, 34, 0, 0, 0, '2017-02-07 05:44:43'),
(538, 16, 34, 0, 0, 0, '2017-02-07 05:44:43'),
(539, 17, 34, 0, 0, 0, '2017-02-07 05:44:43'),
(540, 18, 34, 0, 0, 0, '2017-02-07 05:44:43'),
(541, 1, 36, 0, 0, 0, '2017-02-07 05:45:03'),
(542, 2, 36, 0, 0, 0, '2017-02-07 05:45:03'),
(543, 3, 36, 0, 0, 0, '2017-02-07 05:45:03'),
(544, 4, 36, 0, 0, 0, '2017-02-07 05:45:03'),
(545, 5, 36, 0, 0, 0, '2017-02-07 05:45:03'),
(546, 6, 36, 0, 0, 0, '2017-02-07 05:45:03'),
(547, 7, 36, 0, 0, 0, '2017-02-07 05:45:03'),
(548, 8, 36, 0, 0, 0, '2017-02-07 05:45:03'),
(549, 9, 36, 0, 0, 0, '2017-02-07 05:45:03'),
(550, 10, 36, 0, 0, 0, '2017-02-07 05:45:03'),
(551, 11, 36, 0, 0, 0, '2017-02-07 05:45:03'),
(552, 12, 36, 0, 0, 0, '2017-02-07 05:45:03'),
(553, 13, 36, 0, 0, 0, '2017-02-07 05:45:03'),
(554, 14, 36, 0, 0, 0, '2017-02-07 05:45:03'),
(555, 15, 36, 0, 0, 0, '2017-02-07 05:45:03'),
(556, 16, 36, 0, 0, 0, '2017-02-07 05:45:03'),
(557, 17, 36, 0, 0, 0, '2017-02-07 05:45:03'),
(558, 18, 36, 0, 0, 0, '2017-02-07 05:45:03'),
(559, 1, 37, 0, 0, 0, '2017-02-07 05:45:25'),
(560, 2, 37, 0, 0, 0, '2017-02-07 05:45:25'),
(561, 3, 37, 0, 0, 0, '2017-02-07 05:45:25'),
(562, 4, 37, 0, 0, 0, '2017-02-07 05:45:25'),
(563, 5, 37, 1, 1, 0, '2017-02-07 05:45:25'),
(564, 6, 37, 1, 1, 0, '2017-02-07 05:45:25'),
(565, 7, 37, 1, 1, 0, '2017-02-07 05:45:25'),
(566, 8, 37, 0, 0, 0, '2017-02-07 05:45:25'),
(567, 9, 37, 0, 0, 0, '2017-02-07 05:45:25'),
(568, 10, 37, 0, 0, 0, '2017-02-07 05:45:25'),
(569, 11, 37, 0, 0, 0, '2017-02-07 05:45:25'),
(570, 12, 37, 0, 0, 0, '2017-02-07 05:45:25'),
(571, 13, 37, 1, 1, 0, '2017-02-07 05:45:25'),
(572, 14, 37, 0, 0, 0, '2017-02-07 05:45:25'),
(573, 15, 37, 0, 0, 0, '2017-02-07 05:45:25'),
(574, 16, 37, 0, 0, 0, '2017-02-07 05:45:25'),
(575, 17, 37, 0, 0, 0, '2017-02-07 05:45:25'),
(576, 18, 37, 0, 0, 0, '2017-02-07 05:45:25'),
(577, 1, 38, 1, 0, 0, '2017-02-07 05:45:39'),
(578, 2, 38, 0, 0, 0, '2017-02-07 05:45:39'),
(579, 3, 38, 1, 0, 0, '2017-02-07 05:45:39'),
(580, 4, 38, 1, 0, 0, '2017-02-07 05:45:39'),
(581, 5, 38, 1, 1, 0, '2017-02-07 05:45:39'),
(582, 6, 38, 1, 1, 0, '2017-02-07 05:45:39'),
(583, 7, 38, 1, 1, 0, '2017-02-07 05:45:39'),
(584, 8, 38, 1, 0, 0, '2017-02-07 05:45:39'),
(585, 9, 38, 0, 0, 0, '2017-02-07 05:45:39'),
(586, 10, 38, 0, 0, 0, '2017-02-07 05:45:39'),
(587, 11, 38, 0, 0, 0, '2017-02-07 05:45:39'),
(588, 12, 38, 0, 0, 0, '2017-02-07 05:45:39'),
(589, 13, 38, 1, 1, 0, '2017-02-07 05:45:39'),
(590, 14, 38, 0, 0, 0, '2017-02-07 05:45:39'),
(591, 15, 38, 0, 0, 0, '2017-02-07 05:45:39'),
(592, 16, 38, 0, 0, 0, '2017-02-07 05:45:39'),
(593, 17, 38, 0, 0, 0, '2017-02-07 05:45:39'),
(594, 18, 38, 0, 0, 0, '2017-02-07 05:45:39'),
(595, 1, 39, 1, 0, 0, '2017-02-07 05:46:00'),
(596, 2, 39, 1, 0, 0, '2017-02-07 05:46:00'),
(597, 3, 39, 1, 1, 0, '2017-02-07 05:46:00'),
(598, 4, 39, 1, 0, 0, '2017-02-07 05:46:00'),
(599, 5, 39, 1, 1, 0, '2017-02-07 05:46:00'),
(600, 6, 39, 1, 1, 0, '2017-02-07 05:46:00'),
(601, 7, 39, 1, 1, 0, '2017-02-07 05:46:00'),
(602, 8, 39, 1, 0, 0, '2017-02-07 05:46:00'),
(603, 9, 39, 1, 0, 0, '2017-02-07 05:46:00'),
(604, 10, 39, 0, 0, 0, '2017-02-07 05:46:00'),
(605, 11, 39, 1, 0, 0, '2017-02-07 05:46:00'),
(606, 12, 39, 0, 0, 0, '2017-02-07 05:46:00'),
(607, 13, 39, 1, 1, 0, '2017-02-07 05:46:00'),
(608, 14, 39, 1, 0, 0, '2017-02-07 05:46:00'),
(609, 15, 39, 1, 0, 0, '2017-02-07 05:46:00'),
(610, 16, 39, 1, 0, 0, '2017-02-07 05:46:00'),
(611, 17, 39, 0, 0, 0, '2017-02-07 05:46:00'),
(612, 18, 39, 0, 0, 0, '2017-02-07 05:46:00'),
(613, 1, 40, 1, 0, 0, '2017-02-07 05:46:16'),
(614, 2, 40, 0, 0, 0, '2017-02-07 05:46:16'),
(615, 3, 40, 1, 0, 0, '2017-02-07 05:46:16'),
(616, 4, 40, 0, 0, 0, '2017-02-07 05:46:16'),
(617, 5, 40, 0, 0, 0, '2017-02-07 05:46:16'),
(618, 6, 40, 0, 0, 0, '2017-02-07 05:46:16'),
(619, 7, 40, 0, 0, 0, '2017-02-07 05:46:16'),
(620, 8, 40, 0, 0, 0, '2017-02-07 05:46:16'),
(621, 9, 40, 0, 0, 0, '2017-02-07 05:46:16'),
(622, 10, 40, 1, 1, 0, '2017-02-07 05:46:16'),
(623, 11, 40, 0, 0, 0, '2017-02-07 05:46:16');
INSERT INTO `tb_hak_akses` (`IDAccess`, `IDModule`, `IDMember`, `Read`, `Write`, `Delete`, `DateModified`) VALUES
(624, 12, 40, 0, 0, 0, '2017-02-07 05:46:16'),
(625, 13, 40, 0, 0, 0, '2017-02-07 05:46:16'),
(626, 14, 40, 0, 0, 0, '2017-02-07 05:46:16'),
(627, 15, 40, 0, 0, 0, '2017-02-07 05:46:16'),
(628, 16, 40, 0, 0, 0, '2017-02-07 05:46:16'),
(629, 17, 40, 0, 0, 0, '2017-02-07 05:46:16'),
(630, 18, 40, 0, 0, 0, '2017-02-07 05:46:16'),
(631, 1, 41, 1, 0, 0, '2017-02-07 05:46:34'),
(632, 2, 41, 0, 0, 0, '2017-02-07 05:46:34'),
(633, 3, 41, 1, 0, 0, '2017-02-07 05:46:34'),
(634, 4, 41, 1, 0, 0, '2017-02-07 05:46:34'),
(635, 5, 41, 1, 1, 0, '2017-02-07 05:46:34'),
(636, 6, 41, 1, 1, 0, '2017-02-07 05:46:34'),
(637, 7, 41, 1, 1, 0, '2017-02-07 05:46:34'),
(638, 8, 41, 1, 0, 0, '2017-02-07 05:46:34'),
(639, 9, 41, 1, 0, 0, '2017-02-07 05:46:34'),
(640, 10, 41, 1, 0, 0, '2017-02-07 05:46:34'),
(641, 11, 41, 1, 0, 0, '2017-02-07 05:46:34'),
(642, 12, 41, 0, 0, 0, '2017-02-07 05:46:34'),
(643, 13, 41, 1, 1, 0, '2017-02-07 05:46:34'),
(644, 14, 41, 1, 1, 0, '2017-02-07 05:46:34'),
(645, 15, 41, 1, 1, 0, '2017-02-07 05:46:34'),
(646, 16, 41, 1, 1, 0, '2017-02-07 05:46:34'),
(647, 17, 41, 0, 0, 0, '2017-02-07 05:46:34'),
(648, 18, 41, 0, 0, 0, '2017-02-07 05:46:34'),
(649, 1, 42, 1, 0, 0, '2017-02-07 05:46:54'),
(650, 2, 42, 1, 0, 0, '2017-02-07 05:46:54'),
(651, 3, 42, 0, 0, 0, '2017-02-07 05:46:54'),
(652, 4, 42, 0, 0, 0, '2017-02-07 05:46:54'),
(653, 5, 42, 1, 1, 0, '2017-02-07 05:46:54'),
(654, 6, 42, 1, 1, 0, '2017-02-07 05:46:54'),
(655, 7, 42, 1, 1, 0, '2017-02-07 05:46:54'),
(656, 8, 42, 0, 0, 0, '2017-02-07 05:46:54'),
(657, 9, 42, 0, 0, 0, '2017-02-07 05:46:54'),
(658, 10, 42, 0, 0, 0, '2017-02-07 05:46:54'),
(659, 11, 42, 0, 0, 0, '2017-02-07 05:46:54'),
(660, 12, 42, 0, 0, 0, '2017-02-07 05:46:54'),
(661, 13, 42, 1, 1, 0, '2017-02-07 05:46:54'),
(662, 14, 42, 0, 0, 0, '2017-02-07 05:46:54'),
(663, 15, 42, 0, 0, 0, '2017-02-07 05:46:54'),
(664, 16, 42, 0, 0, 0, '2017-02-07 05:46:54'),
(665, 17, 42, 0, 0, 0, '2017-02-07 05:46:54'),
(666, 18, 42, 0, 0, 0, '2017-02-07 05:46:54'),
(667, 1, 43, 0, 0, 0, '2017-02-07 05:48:27'),
(668, 2, 43, 0, 0, 0, '2017-02-07 05:48:27'),
(669, 3, 43, 0, 0, 0, '2017-02-07 05:48:27'),
(670, 4, 43, 0, 0, 0, '2017-02-07 05:48:27'),
(671, 5, 43, 1, 1, 0, '2017-02-07 05:48:27'),
(672, 6, 43, 1, 1, 0, '2017-02-07 05:48:27'),
(673, 7, 43, 1, 1, 0, '2017-02-07 05:48:27'),
(674, 8, 43, 0, 0, 0, '2017-02-07 05:48:27'),
(675, 9, 43, 0, 0, 0, '2017-02-07 05:48:27'),
(676, 10, 43, 0, 0, 0, '2017-02-07 05:48:27'),
(677, 11, 43, 0, 0, 0, '2017-02-07 05:48:27'),
(678, 12, 43, 0, 0, 0, '2017-02-07 05:48:27'),
(679, 13, 43, 1, 1, 0, '2017-02-07 05:48:27'),
(680, 14, 43, 0, 0, 0, '2017-02-07 05:48:27'),
(681, 15, 43, 0, 0, 0, '2017-02-07 05:48:27'),
(682, 16, 43, 0, 0, 0, '2017-02-07 05:48:27'),
(683, 17, 43, 0, 0, 0, '2017-02-07 05:48:27'),
(684, 18, 43, 0, 0, 0, '2017-02-07 05:48:27'),
(685, 1, 44, 0, 0, 0, '2017-02-07 05:48:46'),
(686, 2, 44, 0, 0, 0, '2017-02-07 05:48:46'),
(687, 3, 44, 0, 0, 0, '2017-02-07 05:48:46'),
(688, 4, 44, 0, 0, 0, '2017-02-07 05:48:46'),
(689, 5, 44, 0, 0, 0, '2017-02-07 05:48:46'),
(690, 6, 44, 0, 0, 0, '2017-02-07 05:48:46'),
(691, 7, 44, 0, 0, 0, '2017-02-07 05:48:46'),
(692, 8, 44, 0, 0, 0, '2017-02-07 05:48:46'),
(693, 9, 44, 0, 0, 0, '2017-02-07 05:48:46'),
(694, 10, 44, 0, 0, 0, '2017-02-07 05:48:46'),
(695, 11, 44, 0, 0, 0, '2017-02-07 05:48:46'),
(696, 12, 44, 0, 0, 0, '2017-02-07 05:48:46'),
(697, 13, 44, 0, 0, 0, '2017-02-07 05:48:46'),
(698, 14, 44, 0, 0, 0, '2017-02-07 05:48:46'),
(699, 15, 44, 0, 0, 0, '2017-02-07 05:48:46'),
(700, 16, 44, 0, 0, 0, '2017-02-07 05:48:46'),
(701, 17, 44, 0, 0, 0, '2017-02-07 05:48:46'),
(702, 18, 44, 0, 0, 0, '2017-02-07 05:48:46'),
(703, 1, 45, 0, 0, 0, '2017-02-07 05:49:04'),
(704, 2, 45, 0, 0, 0, '2017-02-07 05:49:04'),
(705, 3, 45, 1, 1, 0, '2017-02-07 05:49:04'),
(706, 4, 45, 0, 0, 0, '2017-02-07 05:49:04'),
(707, 5, 45, 1, 1, 0, '2017-02-07 05:49:04'),
(708, 6, 45, 1, 1, 0, '2017-02-07 05:49:04'),
(709, 7, 45, 1, 1, 0, '2017-02-07 05:49:04'),
(710, 8, 45, 0, 0, 0, '2017-02-07 05:49:04'),
(711, 9, 45, 0, 0, 0, '2017-02-07 05:49:04'),
(712, 10, 45, 0, 0, 0, '2017-02-07 05:49:04'),
(713, 11, 45, 0, 0, 0, '2017-02-07 05:49:04'),
(714, 12, 45, 0, 0, 0, '2017-02-07 05:49:04'),
(715, 13, 45, 1, 1, 0, '2017-02-07 05:49:04'),
(716, 14, 45, 0, 0, 0, '2017-02-07 05:49:04'),
(717, 15, 45, 0, 0, 0, '2017-02-07 05:49:04'),
(718, 16, 45, 0, 0, 0, '2017-02-07 05:49:04'),
(719, 17, 45, 0, 0, 0, '2017-02-07 05:49:04'),
(720, 18, 45, 0, 0, 0, '2017-02-07 05:49:04'),
(721, 1, 46, 0, 0, 0, '2017-02-07 05:49:23'),
(722, 2, 46, 0, 0, 0, '2017-02-07 05:49:23'),
(723, 3, 46, 0, 0, 0, '2017-02-07 05:49:23'),
(724, 4, 46, 0, 0, 0, '2017-02-07 05:49:23'),
(725, 5, 46, 0, 0, 0, '2017-02-07 05:49:23'),
(726, 6, 46, 0, 0, 0, '2017-02-07 05:49:23'),
(727, 7, 46, 0, 0, 0, '2017-02-07 05:49:23'),
(728, 8, 46, 0, 0, 0, '2017-02-07 05:49:23'),
(729, 9, 46, 0, 0, 0, '2017-02-07 05:49:23'),
(730, 10, 46, 0, 0, 0, '2017-02-07 05:49:23'),
(731, 11, 46, 0, 0, 0, '2017-02-07 05:49:23'),
(732, 12, 46, 0, 0, 0, '2017-02-07 05:49:23'),
(733, 13, 46, 0, 0, 0, '2017-02-07 05:49:23'),
(734, 14, 46, 0, 0, 0, '2017-02-07 05:49:23'),
(735, 15, 46, 0, 0, 0, '2017-02-07 05:49:23'),
(736, 16, 46, 0, 1, 0, '2017-02-07 05:49:23'),
(737, 17, 46, 0, 0, 0, '2017-02-07 05:49:23'),
(738, 18, 46, 0, 0, 0, '2017-02-07 05:49:23'),
(739, 1, 48, 1, 1, 0, '2017-02-07 05:50:13'),
(740, 2, 48, 1, 1, 0, '2017-02-07 05:50:13'),
(741, 3, 48, 1, 1, 0, '2017-02-07 05:50:13'),
(742, 4, 48, 1, 1, 0, '2017-02-07 05:50:13'),
(743, 5, 48, 1, 1, 0, '2017-02-07 05:50:13'),
(744, 6, 48, 1, 1, 0, '2017-02-07 05:50:13'),
(745, 7, 48, 1, 1, 0, '2017-02-07 05:50:13'),
(746, 8, 48, 1, 1, 0, '2017-02-07 05:50:13'),
(747, 9, 48, 0, 0, 0, '2017-02-07 05:50:13'),
(748, 10, 48, 0, 0, 0, '2017-02-07 05:50:13'),
(749, 11, 48, 0, 0, 0, '2017-02-07 05:50:13'),
(750, 12, 48, 1, 0, 0, '2017-02-07 05:50:13'),
(751, 13, 48, 1, 1, 0, '2017-02-07 05:50:13'),
(752, 14, 48, 1, 0, 0, '2017-02-07 05:50:13'),
(753, 15, 48, 1, 0, 0, '2017-02-07 05:50:13'),
(754, 16, 48, 1, 0, 0, '2017-02-07 05:50:13'),
(755, 17, 48, 1, 1, 0, '2017-02-07 05:50:13'),
(756, 18, 48, 0, 0, 0, '2017-02-07 05:50:13'),
(757, 1, 49, 1, 1, 0, '2017-02-07 05:50:35'),
(758, 2, 49, 0, 0, 0, '2017-02-07 05:50:35'),
(759, 3, 49, 1, 1, 0, '2017-02-07 05:50:35'),
(760, 4, 49, 1, 1, 0, '2017-02-07 05:50:35'),
(761, 5, 49, 1, 1, 0, '2017-02-07 05:50:35'),
(762, 6, 49, 1, 1, 0, '2017-02-07 05:50:35'),
(763, 7, 49, 1, 1, 0, '2017-02-07 05:50:35'),
(764, 8, 49, 1, 1, 0, '2017-02-07 05:50:35'),
(765, 9, 49, 1, 1, 0, '2017-02-07 05:50:35'),
(766, 10, 49, 0, 0, 0, '2017-02-07 05:50:35'),
(767, 11, 49, 1, 1, 0, '2017-02-07 05:50:35'),
(768, 12, 49, 1, 0, 0, '2017-02-07 05:50:35'),
(769, 13, 49, 1, 1, 0, '2017-02-07 05:50:35'),
(770, 14, 49, 1, 1, 0, '2017-02-07 05:50:35'),
(771, 15, 49, 1, 1, 0, '2017-02-07 05:50:35'),
(772, 16, 49, 1, 1, 0, '2017-02-07 05:50:35'),
(773, 17, 49, 1, 1, 0, '2017-02-07 05:50:35'),
(774, 18, 49, 0, 0, 0, '2017-02-07 05:50:35'),
(775, 19, 1, 1, 1, 0, '2017-03-08 08:31:06'),
(776, 15, 51, 0, 0, 0, '2017-05-05 16:34:07'),
(777, 1, 52, 0, 0, 0, '2017-05-05 16:36:04'),
(778, 3, 52, 0, 0, 0, '2017-05-05 16:36:10'),
(779, 4, 52, 0, 0, 0, '2017-05-05 16:36:13'),
(780, 5, 52, 0, 0, 0, '2017-05-05 16:36:15'),
(781, 7, 52, 0, 0, 0, '2017-05-05 16:36:20'),
(782, 1, 51, 1, 0, 0, '2017-05-05 16:36:29'),
(783, 3, 51, 1, 0, 0, '2017-05-05 16:36:34'),
(784, 4, 51, 1, 0, 0, '2017-05-05 16:36:40'),
(785, 5, 51, 1, 0, 0, '2017-05-05 16:36:42'),
(786, 7, 51, 1, 0, 0, '2017-05-05 16:36:45'),
(787, 16, 51, 1, 1, 0, '2017-05-05 16:37:09'),
(788, 19, 24, 0, 1, 0, '2017-05-05 16:40:25'),
(789, 20, 1, 1, 1, 0, '2017-05-20 11:37:11'),
(790, 20, 6, 1, 1, 0, '2017-05-20 11:37:13'),
(791, 21, 6, 1, 1, 0, '2017-05-20 11:37:15'),
(792, 21, 1, 1, 1, 0, '2017-05-20 11:37:16'),
(793, 22, 6, 1, 1, 0, '2017-05-20 11:37:18'),
(794, 22, 1, 1, 1, 0, '2017-05-20 11:37:18'),
(795, 23, 6, 1, 1, 0, '2017-05-20 11:37:20'),
(796, 23, 1, 1, 1, 0, '2017-05-20 11:37:21'),
(797, 24, 6, 1, 1, 0, '2017-05-20 11:37:23'),
(798, 24, 1, 1, 1, 0, '2017-05-20 11:37:23'),
(799, 25, 6, 1, 1, 0, '2017-05-20 11:37:25'),
(800, 25, 1, 1, 1, 0, '2017-05-20 11:37:26'),
(801, 25, 51, 1, 1, 0, '2017-05-20 11:37:54'),
(802, 24, 51, 0, 0, 0, '2017-05-20 11:37:56'),
(803, 23, 51, 1, 1, 0, '2017-05-20 11:37:58'),
(804, 22, 51, 1, 1, 0, '2017-05-20 11:38:00'),
(805, 21, 51, 1, 1, 0, '2017-05-20 11:38:01'),
(806, 20, 51, 1, 1, 0, '2017-05-20 11:38:03'),
(807, 20, 41, 1, 0, 0, '2017-05-20 11:38:53'),
(808, 21, 41, 1, 0, 0, '2017-05-20 11:38:54'),
(809, 22, 41, 1, 0, 0, '2017-05-20 11:39:03'),
(810, 23, 41, 1, 0, 0, '2017-05-20 11:39:04'),
(811, 24, 41, 1, 0, 0, '2017-05-20 11:39:06'),
(812, 25, 41, 1, 0, 0, '2017-05-20 11:39:09'),
(813, 20, 23, 1, 1, 0, '2017-06-03 15:06:32'),
(814, 21, 23, 1, 1, 0, '2017-06-03 15:06:34'),
(815, 22, 23, 1, 1, 0, '2017-06-03 15:06:36'),
(816, 25, 23, 1, 1, 0, '2017-06-03 15:06:44'),
(817, 9, 51, 1, 1, 0, '2017-06-03 15:07:15'),
(818, 10, 51, 1, 1, 0, '2017-06-03 15:07:16'),
(819, 11, 51, 1, 1, 0, '2017-06-03 15:07:17'),
(820, 14, 51, 1, 1, 0, '2017-06-03 15:07:22'),
(821, 3, 50, 0, 0, 0, '2017-06-03 15:11:16'),
(822, 10, 50, 0, 0, 0, '2017-06-03 15:11:29'),
(823, 11, 50, 0, 0, 0, '2017-06-03 15:11:39'),
(824, 20, 50, 0, 0, 0, '2017-06-03 15:11:48'),
(825, 21, 50, 0, 0, 0, '2017-06-03 15:11:50'),
(826, 20, 40, 0, 1, 0, '2017-06-03 15:12:18'),
(827, 21, 40, 1, 1, 0, '2017-06-03 15:12:20'),
(828, 20, 27, 1, 1, 0, '2017-06-03 15:13:23'),
(829, 21, 27, 1, 1, 0, '2017-06-03 15:13:25'),
(830, 23, 27, 1, 0, 0, '2017-06-03 15:13:28'),
(831, 22, 27, 1, 0, 0, '2017-06-03 15:13:29'),
(832, 25, 27, 1, 1, 0, '2017-06-03 15:13:33'),
(833, 23, 40, 0, 0, 0, '2017-06-03 15:14:04'),
(834, 23, 50, 0, 0, 0, '2017-06-03 15:14:21'),
(835, 11, 52, 0, 0, 0, '2017-06-03 15:14:50'),
(836, 13, 52, 0, 0, 0, '2017-06-03 15:14:56'),
(837, 20, 52, 0, 0, 0, '2017-06-03 15:15:02'),
(838, 21, 52, 0, 0, 0, '2017-06-03 15:15:06'),
(839, 22, 52, 0, 0, 0, '2017-06-03 15:15:16'),
(840, 23, 52, 0, 0, 0, '2017-06-03 15:15:16'),
(841, 1, 55, 0, 0, 0, '2017-06-03 15:15:37'),
(842, 2, 55, 1, 1, 0, '2017-06-03 15:15:39'),
(843, 3, 55, 1, 1, 0, '2017-06-03 15:15:41'),
(844, 4, 55, 0, 0, 0, '2017-06-03 15:15:43'),
(845, 5, 55, 0, 0, 0, '2017-06-03 15:15:45'),
(846, 18, 55, 1, 1, 0, '2017-06-03 15:15:56'),
(847, 20, 21, 1, 1, 0, '2017-06-03 15:17:05'),
(848, 21, 21, 1, 1, 0, '2017-06-03 15:17:08'),
(849, 22, 21, 1, 1, 0, '2017-06-03 15:17:09'),
(850, 23, 21, 1, 1, 0, '2017-06-03 15:17:12'),
(851, 24, 21, 1, 1, 0, '2017-06-03 15:17:18'),
(852, 18, 52, 0, 0, 0, '2017-06-03 15:17:34'),
(853, 26, 1, 1, 1, 0, '2017-06-24 04:20:53'),
(854, 27, 1, 1, 1, 0, '2017-06-24 04:20:55'),
(855, 6, 51, 1, 0, 0, '2017-06-28 16:19:17'),
(856, 8, 51, 0, 0, 0, '2017-06-28 16:19:22'),
(857, 27, 47, 1, 1, 0, '2017-06-28 16:20:09'),
(858, 27, 24, 1, 1, 0, '2017-06-28 16:20:25'),
(859, 23, 23, 1, 1, 0, '2017-06-28 16:20:59'),
(860, 24, 23, 0, 0, 0, '2017-06-28 16:21:02'),
(861, 25, 21, 1, 1, 0, '2017-06-28 16:21:26'),
(862, 26, 6, 1, 1, 0, '2017-06-28 16:23:31'),
(863, 27, 6, 1, 1, 0, '2017-06-28 16:23:33'),
(864, 19, 6, 0, 1, 0, '2017-06-28 16:23:55'),
(865, 2, 54, 0, 0, 0, '2017-09-27 09:03:08'),
(866, 2, 53, 0, 0, 0, '2017-09-27 09:03:09'),
(867, 2, 52, 0, 0, 0, '2017-09-27 09:03:10'),
(868, 2, 51, 0, 0, 0, '2017-09-27 09:03:11'),
(869, 2, 50, 0, 0, 0, '2017-09-27 09:03:12'),
(870, 1, 63, 1, 0, 0, '2017-10-02 02:20:27'),
(871, 2, 63, 1, 0, 0, '2017-10-02 02:20:29'),
(872, 3, 63, 1, 0, 0, '2017-10-02 02:20:31'),
(873, 4, 63, 1, 0, 0, '2017-10-02 02:20:33'),
(874, 5, 63, 1, 0, 0, '2017-10-02 02:20:34'),
(875, 6, 63, 1, 0, 0, '2017-10-02 02:20:36'),
(876, 7, 63, 1, 0, 0, '2017-10-02 02:20:41'),
(877, 8, 63, 1, 0, 0, '2017-10-02 02:20:46'),
(878, 9, 63, 1, 0, 0, '2017-10-02 02:20:49'),
(879, 11, 63, 1, 0, 0, '2017-10-02 02:20:51'),
(880, 13, 63, 1, 0, 0, '2017-10-02 02:20:58'),
(881, 14, 63, 1, 0, 0, '2017-10-02 02:21:00'),
(882, 15, 63, 1, 0, 0, '2017-10-02 02:21:02'),
(883, 16, 63, 1, 0, 0, '2017-10-02 02:21:03'),
(884, 1, 73, 1, 1, 0, '2017-10-03 07:55:09'),
(885, 2, 73, 0, 0, 0, '2017-10-03 07:55:12'),
(886, 3, 73, 1, 1, 0, '2017-10-03 07:55:13'),
(887, 4, 73, 1, 1, 0, '2017-10-03 07:55:17'),
(888, 1, 54, 0, 0, 0, '2017-10-03 07:55:47'),
(889, 3, 54, 0, 0, 0, '2017-10-03 07:55:48'),
(890, 4, 54, 0, 0, 0, '2017-10-03 07:55:50'),
(891, 5, 54, 0, 0, 0, '2017-10-03 07:55:51'),
(892, 21, 45, 1, 1, 0, '2017-10-05 08:13:12'),
(893, 20, 45, 1, 1, 0, '2017-10-05 08:13:23'),
(894, 1, 80, 1, 1, 0, '2017-11-04 11:49:08'),
(895, 3, 80, 1, 0, 0, '2017-11-04 11:49:12'),
(896, 2, 80, 1, 0, 0, '2017-11-04 11:49:13'),
(897, 4, 80, 1, 1, 0, '2017-11-04 11:49:14'),
(898, 5, 80, 1, 0, 0, '2017-11-04 11:49:16'),
(899, 6, 80, 1, 0, 0, '2017-11-04 11:49:18'),
(900, 7, 80, 1, 0, 0, '2017-11-04 11:49:19'),
(901, 8, 80, 1, 0, 0, '2017-11-04 11:49:21'),
(902, 11, 80, 1, 0, 0, '2017-11-04 11:49:34'),
(903, 1, 83, 1, 1, 0, '2017-11-04 11:50:16'),
(904, 2, 83, 1, 0, 0, '2017-11-04 11:50:18'),
(905, 3, 83, 1, 1, 0, '2017-11-04 11:50:19'),
(906, 4, 83, 1, 1, 0, '2017-11-04 11:50:22'),
(907, 5, 83, 1, 1, 0, '2017-11-04 11:50:23'),
(908, 6, 83, 1, 1, 0, '2017-11-04 11:50:24'),
(909, 7, 83, 1, 1, 0, '2017-11-04 11:50:26'),
(910, 8, 83, 1, 1, 0, '2017-11-04 11:50:27'),
(911, 11, 83, 1, 0, 0, '2017-11-04 11:50:37'),
(912, 9, 83, 1, 0, 0, '2017-12-19 14:59:12'),
(913, 14, 83, 0, 0, 0, '2017-12-19 14:59:25'),
(914, 1, 84, 1, 1, 0, '2017-12-19 14:59:55'),
(915, 2, 84, 0, 0, 0, '2017-12-19 14:59:57'),
(916, 3, 84, 1, 1, 0, '2017-12-19 15:00:00'),
(917, 4, 84, 1, 1, 0, '2017-12-19 15:00:02'),
(918, 5, 84, 1, 1, 0, '2017-12-19 15:00:05'),
(919, 6, 84, 1, 1, 0, '2017-12-19 15:00:07'),
(920, 7, 84, 1, 1, 0, '2017-12-19 15:00:11'),
(921, 8, 84, 1, 1, 0, '2017-12-19 15:00:17'),
(922, 9, 84, 0, 0, 0, '2017-12-19 15:00:19'),
(923, 11, 84, 1, 1, 0, '2017-12-19 15:00:24'),
(924, 14, 84, 0, 0, 0, '2017-12-19 15:00:31'),
(925, 9, 80, 1, 0, 0, '2017-12-19 15:01:11'),
(926, 1, 67, 1, 1, 0, '2017-12-19 15:02:16'),
(927, 2, 67, 0, 0, 0, '2017-12-19 15:02:17'),
(928, 3, 67, 1, 1, 0, '2017-12-19 15:02:20'),
(929, 4, 67, 1, 1, 0, '2017-12-19 15:02:23'),
(930, 5, 67, 1, 1, 0, '2017-12-19 15:02:25'),
(931, 6, 67, 1, 1, 0, '2017-12-19 15:02:33'),
(932, 7, 67, 1, 1, 0, '2017-12-19 15:02:35'),
(933, 8, 67, 1, 0, 0, '2017-12-19 15:02:41'),
(934, 9, 67, 0, 0, 0, '2017-12-19 15:02:43'),
(935, 1, 86, 1, 1, 0, '2017-12-28 16:04:53'),
(936, 2, 86, 1, 0, 0, '2017-12-28 16:04:57'),
(937, 3, 86, 1, 1, 0, '2017-12-28 16:04:58'),
(938, 4, 86, 1, 1, 0, '2017-12-28 16:05:01'),
(939, 5, 86, 1, 1, 0, '2017-12-28 16:05:04'),
(940, 6, 86, 1, 1, 0, '2017-12-28 16:05:06'),
(941, 7, 86, 1, 1, 0, '2017-12-28 16:05:09'),
(942, 8, 86, 1, 1, 0, '2017-12-28 16:05:18'),
(943, 9, 86, 1, 1, 0, '2017-12-28 16:05:20'),
(944, 11, 86, 1, 1, 0, '2017-12-28 16:05:23'),
(945, 13, 86, 1, 0, 0, '2017-12-28 16:05:29'),
(946, 14, 86, 1, 0, 0, '2017-12-28 16:10:31'),
(947, 15, 86, 1, 0, 0, '2017-12-28 16:10:32'),
(948, 1, 92, 0, 0, 0, '2018-05-04 11:10:10'),
(949, 2, 92, 0, 0, 0, '2018-05-04 11:10:11'),
(950, 3, 92, 0, 0, 0, '2018-05-04 11:10:13'),
(951, 4, 92, 0, 0, 0, '2018-05-04 11:10:15'),
(952, 5, 92, 0, 0, 0, '2018-05-04 11:10:17'),
(953, 6, 92, 0, 0, 0, '2018-05-04 11:10:18'),
(954, 7, 92, 0, 0, 0, '2018-05-04 11:10:20'),
(955, 8, 92, 1, 0, 0, '2018-05-04 11:10:21'),
(956, 11, 92, 1, 0, 0, '2018-05-04 11:10:27'),
(957, 9, 92, 1, 0, 0, '2018-05-04 11:10:39'),
(958, 1, 82, 0, 0, 0, '2018-06-02 15:57:11'),
(959, 2, 82, 0, 0, 0, '2018-06-02 15:57:13'),
(960, 3, 82, 0, 0, 0, '2018-06-02 15:57:15'),
(961, 4, 82, 0, 0, 0, '2018-06-02 15:57:17'),
(962, 5, 82, 0, 0, 0, '2018-06-02 15:57:18'),
(963, 6, 82, 0, 0, 0, '2018-06-02 15:57:20'),
(964, 7, 82, 0, 0, 0, '2018-06-02 15:57:21'),
(965, 8, 82, 1, 0, 0, '2018-06-02 15:57:23'),
(966, 9, 82, 0, 0, 0, '2018-06-02 15:57:31'),
(967, 10, 82, 0, 0, 0, '2018-06-02 15:57:33'),
(968, 11, 82, 1, 1, 0, '2018-06-02 15:57:34'),
(969, 13, 82, 1, 1, 0, '2018-06-02 15:57:39'),
(970, 14, 82, 0, 0, 0, '2018-06-02 15:57:41'),
(971, 15, 82, 0, 0, 0, '2018-06-02 15:57:43'),
(972, 16, 82, 0, 0, 0, '2018-06-02 15:57:48'),
(973, 17, 82, 0, 0, 0, '2018-06-02 15:57:51'),
(974, 18, 82, 0, 0, 0, '2018-06-02 15:57:53'),
(975, 22, 82, 0, 0, 0, '2018-06-04 14:30:04'),
(976, 20, 82, 0, 0, 0, '2018-06-04 14:30:09'),
(977, 23, 82, 0, 0, 0, '2018-06-04 14:30:11'),
(978, 24, 82, 0, 0, 0, '2018-06-04 14:30:13'),
(979, 25, 82, 0, 0, 0, '2018-06-04 14:30:14'),
(980, 12, 82, 1, 0, 0, '2018-07-09 15:13:42'),
(981, 21, 82, 0, 0, 0, '2018-07-09 15:14:01'),
(982, 26, 82, 0, 0, 0, '2018-07-09 15:14:11'),
(983, 27, 82, 0, 0, 0, '2018-07-09 15:14:13'),
(984, 1, 94, 0, 0, 0, '2018-08-09 16:04:22'),
(985, 2, 94, 0, 0, 0, '2018-08-09 16:04:28'),
(986, 3, 94, 0, 0, 0, '2018-08-09 16:04:28'),
(987, 4, 94, 0, 0, 0, '2018-08-09 16:04:31'),
(988, 5, 94, 0, 0, 0, '2018-08-09 16:04:34'),
(989, 6, 94, 0, 0, 0, '2018-08-09 16:04:40'),
(990, 7, 94, 0, 0, 0, '2018-08-09 16:04:42'),
(991, 8, 94, 0, 0, 0, '2018-08-09 16:04:44'),
(992, 9, 94, 0, 0, 0, '2018-08-09 16:04:53'),
(993, 11, 94, 0, 0, 0, '2018-08-09 16:04:57'),
(994, 13, 94, 0, 0, 0, '2018-08-09 16:05:02'),
(995, 11, 67, 1, 1, 0, '2018-08-09 16:07:01'),
(996, 1, 95, 1, 0, 0, '2018-08-13 10:07:43'),
(997, 2, 95, 1, 0, 0, '2018-08-13 10:07:49'),
(998, 3, 95, 1, 1, 0, '2018-08-13 10:07:50'),
(999, 4, 95, 1, 0, 0, '2018-08-13 10:07:52'),
(1000, 5, 95, 1, 1, 0, '2018-08-13 10:08:03'),
(1001, 10, 95, 1, 1, 0, '2018-08-13 10:08:29'),
(1002, 11, 95, 1, 0, 0, '2018-08-13 10:08:32'),
(1003, 13, 95, 1, 1, 0, '2018-08-13 10:08:34'),
(1004, 20, 95, 1, 1, 0, '2018-08-13 10:08:49'),
(1005, 21, 95, 1, 1, 0, '2018-08-13 10:08:49'),
(1006, 22, 95, 1, 0, 0, '2018-08-13 10:08:51'),
(1007, 23, 95, 1, 0, 0, '2018-08-13 10:08:53'),
(1008, 25, 95, 1, 1, 0, '2018-08-13 10:08:57'),
(1009, 12, 94, 0, 0, 0, '2018-09-03 09:46:46'),
(1010, 8, 96, 1, 1, 0, '2018-11-05 14:30:32'),
(1011, 5, 96, 1, 1, 0, '2018-11-05 14:30:39'),
(1012, 9, 96, 1, 1, 0, '2018-11-05 14:30:45'),
(1013, 10, 96, 1, 1, 0, '2018-11-05 14:30:46'),
(1014, 11, 96, 1, 1, 0, '2018-11-05 14:30:52'),
(1015, 14, 96, 1, 1, 0, '2018-11-05 14:30:59'),
(1016, 15, 96, 1, 1, 0, '2018-11-05 14:31:02'),
(1017, 16, 96, 1, 0, 0, '2018-11-05 14:31:06'),
(1018, 24, 96, 1, 1, 0, '2018-11-05 14:31:18'),
(1019, 25, 96, 1, 1, 0, '2018-11-05 14:31:21'),
(1020, 1, 96, 1, 0, 0, '2018-11-05 15:50:51'),
(1021, 3, 96, 1, 0, 0, '2018-11-05 15:50:53'),
(1022, 4, 96, 1, 0, 0, '2018-11-05 15:50:53'),
(1023, 20, 96, 1, 0, 0, '2018-11-05 15:51:14'),
(1024, 21, 96, 1, 0, 0, '2018-11-05 15:51:15'),
(1025, 22, 96, 1, 0, 0, '2018-11-05 15:51:16'),
(1026, 18, 95, 1, 1, 0, '2018-11-22 12:38:02'),
(1027, 1, 98, 0, 0, 0, '2019-01-23 16:27:59'),
(1028, 5, 98, 0, 0, 0, '2019-01-23 16:28:05'),
(1029, 7, 98, 0, 0, 0, '2019-01-23 16:28:08'),
(1030, 1, 108, 1, 1, 0, '2019-01-23 16:28:37'),
(1031, 3, 108, 1, 1, 0, '2019-01-23 16:28:42'),
(1032, 4, 108, 1, 1, 0, '2019-01-23 16:28:44'),
(1033, 5, 108, 1, 1, 0, '2019-01-23 16:28:58'),
(1034, 7, 108, 1, 1, 0, '2019-01-23 16:29:03'),
(1035, 8, 108, 1, 1, 0, '2019-01-23 16:29:07'),
(1036, 9, 108, 1, 1, 0, '2019-01-23 16:29:10'),
(1037, 10, 108, 1, 1, 0, '2019-01-23 16:29:22'),
(1038, 11, 108, 1, 1, 0, '2019-01-23 16:29:25'),
(1039, 20, 108, 1, 1, 0, '2019-01-23 16:29:34'),
(1040, 21, 108, 1, 1, 0, '2019-01-23 16:29:37'),
(1041, 22, 108, 1, 1, 0, '2019-01-23 16:29:40'),
(1042, 23, 108, 1, 1, 0, '2019-01-23 16:29:43'),
(1043, 24, 108, 0, 0, 0, '2019-01-23 16:29:44'),
(1044, 25, 108, 1, 1, 0, '2019-01-23 16:29:49'),
(1045, 3, 98, 0, 0, 0, '2019-01-23 16:32:07'),
(1046, 4, 98, 0, 0, 0, '2019-01-23 16:32:10'),
(1047, 6, 98, 0, 0, 0, '2019-01-23 16:32:20'),
(1048, 8, 98, 0, 0, 0, '2019-01-23 16:32:27'),
(1049, 21, 97, 0, 0, 0, '2019-03-25 11:04:46'),
(1050, 22, 97, 0, 0, 0, '2019-03-25 11:04:49'),
(1051, 1, 97, 0, 0, 0, '2019-07-10 11:26:03'),
(1052, 3, 97, 0, 0, 0, '2019-07-10 11:26:08'),
(1053, 4, 97, 0, 0, 0, '2019-07-10 11:26:10'),
(1054, 5, 97, 0, 0, 0, '2019-07-10 11:26:15'),
(1055, 20, 97, 0, 0, 0, '2019-07-10 11:26:30'),
(1056, 8, 73, 1, 1, 0, '2019-07-12 17:17:46'),
(1057, 2, 98, 0, 0, 0, '2019-07-20 14:26:45'),
(1058, 12, 98, 0, 0, 0, '2019-07-29 13:54:22'),
(1059, 1, 126, 1, 0, 0, '2019-07-29 16:40:06'),
(1060, 3, 126, 1, 0, 0, '2019-07-29 16:40:24'),
(1061, 4, 126, 1, 0, 0, '2019-07-29 16:40:27'),
(1062, 5, 126, 1, 0, 0, '2019-07-29 16:40:35'),
(1063, 6, 126, 1, 0, 0, '2019-07-29 16:40:47'),
(1064, 7, 126, 1, 0, 0, '2019-07-29 16:40:49'),
(1065, 8, 126, 1, 0, 0, '2019-07-29 16:40:56'),
(1066, 13, 126, 1, 0, 0, '2019-07-29 16:41:17'),
(1067, 17, 126, 1, 0, 0, '2019-07-29 16:41:25'),
(1068, 1, 127, 1, 0, 0, '2019-07-29 16:41:55'),
(1069, 1, 131, 1, 0, 0, '2019-07-29 16:41:56'),
(1070, 1, 133, 1, 0, 0, '2019-07-29 16:41:57'),
(1071, 1, 134, 1, 0, 0, '2019-07-29 16:41:59'),
(1072, 1, 136, 0, 0, 0, '2019-07-29 16:42:00'),
(1073, 3, 131, 1, 0, 0, '2019-07-29 16:42:37'),
(1074, 3, 133, 1, 0, 0, '2019-07-29 16:42:38'),
(1075, 3, 134, 1, 0, 0, '2019-07-29 16:42:39'),
(1076, 4, 131, 1, 0, 0, '2019-07-29 16:42:42'),
(1077, 4, 133, 1, 0, 0, '2019-07-29 16:42:43'),
(1078, 4, 134, 1, 0, 0, '2019-07-29 16:42:44'),
(1079, 5, 131, 1, 0, 0, '2019-07-29 16:42:46'),
(1080, 5, 133, 1, 0, 0, '2019-07-29 16:42:50'),
(1081, 5, 134, 1, 0, 0, '2019-07-29 16:42:51'),
(1082, 6, 131, 1, 0, 0, '2019-07-29 16:42:55'),
(1083, 6, 133, 1, 0, 0, '2019-07-29 16:42:57'),
(1084, 6, 134, 1, 0, 0, '2019-07-29 16:42:58'),
(1085, 7, 131, 1, 0, 0, '2019-07-29 16:42:59'),
(1086, 7, 133, 1, 0, 0, '2019-07-29 16:43:00'),
(1087, 7, 134, 1, 0, 0, '2019-07-29 16:43:01'),
(1088, 8, 131, 0, 0, 0, '2019-07-29 16:43:04'),
(1089, 8, 133, 0, 0, 0, '2019-07-29 16:43:05'),
(1090, 8, 134, 0, 0, 0, '2019-07-29 16:43:05'),
(1091, 13, 131, 1, 0, 0, '2019-07-29 16:43:19'),
(1092, 13, 133, 1, 0, 0, '2019-07-29 16:43:21'),
(1093, 13, 134, 1, 0, 0, '2019-07-29 16:43:21'),
(1094, 1, 118, 1, 0, 0, '2019-07-29 16:43:41'),
(1095, 2, 118, 0, 0, 0, '2019-07-29 16:43:42'),
(1096, 3, 118, 1, 0, 0, '2019-07-29 16:43:45'),
(1097, 4, 118, 1, 0, 0, '2019-07-29 16:43:48'),
(1098, 5, 118, 1, 0, 0, '2019-07-29 16:43:50'),
(1099, 6, 118, 1, 0, 0, '2019-07-29 16:43:52'),
(1100, 7, 118, 1, 0, 0, '2019-07-29 16:43:54'),
(1101, 8, 118, 0, 0, 0, '2019-07-29 16:44:01'),
(1102, 13, 118, 1, 0, 0, '2019-07-29 16:44:07'),
(1103, 12, 51, 1, 0, 0, '2019-07-29 16:57:54'),
(1104, 12, 53, 1, 0, 0, '2019-07-29 16:57:56'),
(1105, 12, 54, 0, 0, 0, '2019-07-29 16:57:57'),
(1106, 12, 56, 1, 0, 0, '2019-07-29 16:57:58'),
(1107, 12, 61, 1, 0, 0, '2019-07-29 16:58:00'),
(1108, 12, 64, 1, 0, 0, '2019-07-29 16:58:00'),
(1109, 12, 66, 1, 0, 0, '2019-07-29 16:58:02'),
(1110, 12, 70, 1, 0, 0, '2019-07-29 16:58:04'),
(1111, 12, 72, 1, 0, 0, '2019-07-29 16:58:04'),
(1112, 12, 73, 1, 0, 0, '2019-07-29 16:58:06'),
(1113, 12, 84, 1, 0, 0, '2019-07-29 16:58:17'),
(1114, 12, 88, 1, 0, 0, '2019-07-29 16:58:19'),
(1115, 12, 97, 0, 0, 0, '2019-07-29 16:58:20'),
(1116, 12, 99, 1, 0, 0, '2019-07-29 16:58:29'),
(1117, 12, 106, 1, 0, 0, '2019-07-29 16:58:30'),
(1118, 12, 108, 1, 0, 0, '2019-07-29 16:58:32'),
(1119, 12, 111, 1, 0, 0, '2019-07-29 16:58:33'),
(1120, 12, 112, 1, 0, 0, '2019-07-29 16:58:34'),
(1121, 12, 114, 1, 0, 0, '2019-07-29 16:58:35'),
(1122, 12, 115, 1, 0, 0, '2019-07-29 16:58:50'),
(1123, 12, 116, 1, 0, 0, '2019-07-29 16:58:51'),
(1124, 12, 118, 1, 0, 0, '2019-07-29 16:58:52'),
(1125, 12, 120, 1, 0, 0, '2019-07-29 16:58:53');
INSERT INTO `tb_hak_akses` (`IDAccess`, `IDModule`, `IDMember`, `Read`, `Write`, `Delete`, `DateModified`) VALUES
(1126, 12, 121, 1, 0, 0, '2019-07-29 16:58:54'),
(1127, 12, 126, 1, 0, 0, '2019-07-29 16:58:55'),
(1128, 12, 127, 1, 0, 0, '2019-07-29 16:58:56'),
(1129, 12, 131, 1, 0, 0, '2019-07-29 16:58:57'),
(1130, 12, 133, 1, 0, 0, '2019-07-29 16:59:11'),
(1131, 12, 134, 1, 0, 0, '2019-07-29 16:59:12'),
(1132, 12, 136, 1, 0, 0, '2019-07-29 16:59:18'),
(1133, 1, 121, 1, 0, 0, '2019-07-29 16:59:39'),
(1134, 2, 121, 0, 0, 0, '2019-07-29 16:59:41'),
(1135, 3, 121, 1, 0, 0, '2019-07-29 16:59:43'),
(1136, 4, 121, 1, 0, 0, '2019-07-29 16:59:44'),
(1137, 5, 121, 1, 0, 0, '2019-07-29 16:59:46'),
(1138, 6, 121, 1, 0, 0, '2019-07-29 16:59:48'),
(1139, 7, 121, 1, 0, 0, '2019-07-29 16:59:49'),
(1140, 8, 121, 0, 0, 0, '2019-07-29 16:59:55'),
(1141, 13, 121, 1, 0, 0, '2019-07-29 17:00:04'),
(1142, 17, 98, 0, 0, 0, '2019-08-01 14:43:46'),
(1143, 12, 159, 1, 1, 0, '2020-01-24 16:49:49'),
(1144, 2, 169, 1, 1, 0, '2020-02-10 09:43:25'),
(1145, 12, 169, 1, 1, 0, '2020-02-10 09:43:34'),
(1146, 1, 170, 0, 0, 0, '2020-02-26 08:53:24'),
(1147, 3, 170, 0, 0, 0, '2020-02-26 08:53:29'),
(1148, 4, 170, 0, 0, 0, '2020-02-26 08:53:33'),
(1149, 5, 170, 0, 0, 0, '2020-02-26 08:53:36'),
(1150, 6, 170, 0, 0, 0, '2020-02-26 08:53:39'),
(1151, 7, 170, 0, 0, 0, '2020-02-26 08:53:41'),
(1152, 8, 170, 0, 0, 0, '2020-02-26 08:53:43'),
(1153, 9, 170, 0, 0, 0, '2020-02-26 08:53:48'),
(1154, 14, 170, 0, 0, 0, '2020-02-26 08:53:57'),
(1155, 15, 170, 0, 0, 0, '2020-02-26 08:53:59'),
(1156, 16, 170, 0, 0, 0, '2020-02-26 08:54:02'),
(1157, 17, 170, 0, 0, 0, '2020-02-26 08:54:05'),
(1158, 10, 170, 0, 0, 0, '2020-02-26 08:55:23'),
(1159, 11, 170, 0, 0, 0, '2020-02-26 08:55:26'),
(1160, 13, 170, 0, 0, 0, '2020-02-26 08:55:30'),
(1161, 8, 54, 0, 0, 0, '2020-03-03 09:49:17'),
(1162, 20, 173, 1, 1, 0, '2020-04-21 10:25:00'),
(1163, 21, 173, 1, 1, 0, '2020-04-21 10:25:02'),
(1164, 18, 173, 0, 0, 0, '2020-04-21 10:27:28'),
(1165, 22, 173, 0, 0, 0, '2020-04-21 10:32:28'),
(1166, 23, 173, 0, 0, 0, '2020-04-21 10:32:30'),
(1167, 3, 173, 1, 1, 0, '2020-04-21 10:35:30'),
(1168, 20, 174, 1, 1, 0, '2020-04-24 15:03:51'),
(1169, 21, 174, 1, 1, 0, '2020-04-24 15:03:53'),
(1170, 18, 174, 1, 1, 0, '2020-04-24 15:03:56'),
(1171, 1, 174, 1, 1, 0, '2020-04-24 15:04:16'),
(1172, 3, 174, 1, 1, 0, '2020-04-24 15:04:20'),
(1173, 4, 174, 1, 1, 0, '2020-04-24 15:04:23'),
(1174, 5, 174, 1, 1, 0, '2020-04-24 15:04:26'),
(1175, 19, 41, 1, 1, 0, '2020-05-13 06:16:55'),
(1176, 1, 164, 0, 0, 0, '2020-12-02 14:04:16'),
(1177, 14, 199, 0, 0, 0, '2020-12-23 12:14:40'),
(1178, 15, 199, 0, 0, 0, '2020-12-23 12:14:42'),
(1179, 16, 199, 0, 0, 0, '2020-12-23 12:14:50'),
(1180, 1, 64, 1, 1, 0, '2020-12-23 12:16:15'),
(1181, 3, 64, 1, 1, 0, '2020-12-23 12:16:24'),
(1182, 3, 127, 1, 0, 0, '2020-12-23 12:17:10'),
(1183, 4, 127, 1, 0, 0, '2020-12-23 12:17:18'),
(1184, 5, 127, 1, 0, 0, '2020-12-23 12:17:22'),
(1185, 1, 191, 1, 1, 0, '2020-12-23 12:18:03'),
(1186, 1, 195, 1, 1, 0, '2020-12-23 12:18:10'),
(1187, 1, 199, 1, 1, 0, '2020-12-23 12:18:15'),
(1188, 3, 199, 1, 1, 0, '2020-12-23 12:18:19'),
(1189, 4, 199, 1, 1, 0, '2020-12-23 12:18:20'),
(1190, 5, 199, 1, 1, 0, '2020-12-23 12:18:22'),
(1191, 3, 195, 1, 1, 0, '2020-12-23 12:18:27'),
(1192, 4, 195, 1, 1, 0, '2020-12-23 12:18:29'),
(1193, 5, 195, 1, 1, 0, '2020-12-23 12:18:30'),
(1194, 2, 191, 0, 0, 0, '2020-12-23 12:18:32'),
(1195, 3, 191, 1, 1, 0, '2020-12-23 12:18:35'),
(1196, 4, 191, 1, 1, 0, '2020-12-23 12:18:36'),
(1197, 5, 191, 1, 1, 0, '2020-12-23 12:18:37'),
(1198, 1, 173, 1, 1, 0, '2020-12-23 12:18:48'),
(1199, 4, 173, 1, 1, 0, '2020-12-23 12:18:52'),
(1200, 5, 173, 1, 1, 0, '2020-12-23 12:18:55'),
(1201, 1, 190, 1, 1, 0, '2020-12-23 12:21:44'),
(1202, 3, 190, 1, 1, 0, '2020-12-23 12:21:45'),
(1203, 4, 190, 1, 1, 0, '2020-12-23 12:21:46'),
(1204, 5, 190, 1, 1, 0, '2020-12-23 12:21:47'),
(1205, 6, 127, 1, 0, 0, '2020-12-23 12:22:33'),
(1206, 7, 127, 1, 0, 0, '2020-12-23 12:22:34'),
(1207, 9, 199, 1, 1, 0, '2020-12-23 12:43:46'),
(1208, 22, 40, 1, 1, 0, '2021-01-06 15:41:24'),
(1209, 25, 40, 1, 1, 0, '2021-01-06 15:41:29'),
(1210, 28, 41, 1, 1, 1, '2021-01-09 12:50:04'),
(1211, 28, 6, 1, 1, 0, '2021-01-09 12:50:23'),
(1212, 28, 1, 1, 1, 0, '2021-01-09 12:50:25'),
(1213, 26, 41, 1, 1, 0, '2021-01-09 13:00:21'),
(1214, 22, 209, 1, 1, 1, '2021-01-19 14:07:49'),
(1215, 21, 209, 1, 1, 1, '2021-01-19 14:07:52'),
(1216, 20, 209, 1, 1, 1, '2021-01-19 14:07:54'),
(1217, 25, 209, 1, 1, 1, '2021-01-19 14:08:07'),
(1218, 20, 215, 1, 1, 1, '2021-01-19 14:09:21'),
(1219, 21, 215, 1, 1, 1, '2021-01-19 14:09:26'),
(1220, 22, 215, 1, 1, 1, '2021-01-19 14:09:29'),
(1221, 25, 215, 1, 1, 1, '2021-01-19 14:09:49'),
(1222, 28, 10, 1, 1, 1, '2021-02-10 13:32:14'),
(1223, 28, 24, 1, 1, 1, '2021-02-10 15:53:31'),
(1224, 1, 240, 1, 1, 0, '2021-05-31 11:13:08'),
(1225, 3, 240, 1, 1, 0, '2021-05-31 11:13:13'),
(1226, 4, 240, 1, 1, 0, '2021-05-31 11:13:15'),
(1227, 5, 240, 1, 1, 0, '2021-05-31 11:13:18'),
(1228, 6, 240, 1, 1, 0, '2021-05-31 11:13:22'),
(1229, 7, 240, 1, 1, 0, '2021-05-31 11:13:24'),
(1230, 8, 240, 1, 1, 0, '2021-05-31 11:13:26'),
(1231, 9, 240, 1, 1, 0, '2021-05-31 11:13:29'),
(1232, 14, 240, 1, 0, 0, '2021-05-31 11:16:51'),
(1233, 15, 240, 1, 0, 0, '2021-05-31 11:16:52'),
(1234, 16, 240, 1, 0, 0, '2021-05-31 11:17:15'),
(1235, 1, 239, 1, 1, 0, '2021-06-09 14:50:42'),
(1236, 3, 239, 1, 1, 0, '2021-06-09 14:50:47'),
(1237, 4, 239, 1, 1, 0, '2021-06-09 14:51:17'),
(1238, 5, 239, 1, 1, 0, '2021-06-09 14:51:20'),
(1239, 6, 239, 1, 1, 0, '2021-06-09 14:51:22'),
(1240, 9, 239, 1, 1, 0, '2021-06-09 14:52:12'),
(1241, 7, 239, 1, 1, 0, '2021-06-09 14:52:17'),
(1242, 10, 239, 1, 1, 0, '2021-06-09 14:52:22'),
(1243, 11, 239, 1, 1, 0, '2021-06-09 14:52:24'),
(1244, 13, 239, 1, 1, 0, '2021-06-09 14:52:28'),
(1245, 20, 239, 1, 1, 0, '2021-06-09 14:52:37'),
(1246, 21, 239, 1, 1, 0, '2021-06-09 14:52:41'),
(1247, 22, 239, 1, 1, 0, '2021-06-09 14:52:43'),
(1248, 23, 239, 1, 1, 0, '2021-06-09 14:52:47'),
(1249, 25, 239, 1, 1, 0, '2021-06-09 14:55:12'),
(1250, 8, 239, 1, 1, 0, '2021-06-15 09:34:40'),
(1251, 11, 240, 1, 1, 0, '2021-06-15 09:34:45'),
(1252, 14, 239, 1, 1, 0, '2021-06-15 09:34:55'),
(1253, 15, 239, 1, 1, 0, '2021-06-15 09:34:56'),
(1254, 16, 239, 1, 1, 0, '2021-06-15 09:34:59'),
(1255, 24, 239, 1, 1, 0, '2021-06-15 09:35:08'),
(1256, 1, 242, 0, 0, 0, '2021-06-19 09:46:41'),
(1257, 3, 242, 0, 0, 0, '2021-06-19 09:46:43'),
(1258, 4, 242, 0, 0, 0, '2021-06-19 09:46:45'),
(1259, 5, 242, 0, 0, 0, '2021-06-19 09:46:48'),
(1260, 7, 242, 1, 1, 0, '2021-06-19 09:46:50'),
(1261, 9, 242, 1, 1, 0, '2021-06-19 09:46:53'),
(1262, 10, 242, 1, 1, 0, '2021-06-19 09:46:55'),
(1263, 11, 242, 1, 1, 0, '2021-06-19 09:46:58'),
(1264, 12, 242, 1, 0, 0, '2021-06-19 09:46:59'),
(1265, 20, 242, 1, 1, 0, '2021-06-19 09:47:04'),
(1266, 21, 242, 1, 1, 0, '2021-06-19 09:47:05'),
(1267, 22, 242, 1, 1, 0, '2021-06-19 09:47:06'),
(1268, 23, 242, 1, 1, 0, '2021-06-19 09:47:08'),
(1269, 24, 242, 0, 0, 0, '2021-06-19 09:47:10'),
(1270, 25, 242, 1, 1, 0, '2021-06-19 09:47:12'),
(1271, 1, 243, 1, 1, 0, '2021-06-19 09:47:23'),
(1272, 3, 243, 1, 1, 0, '2021-06-19 09:47:25'),
(1273, 4, 243, 1, 1, 0, '2021-06-19 09:47:26'),
(1274, 5, 243, 1, 1, 0, '2021-06-19 09:47:27'),
(1275, 7, 243, 1, 1, 0, '2021-06-19 09:47:29'),
(1276, 9, 243, 0, 0, 0, '2021-06-19 09:47:30'),
(1277, 11, 243, 0, 0, 0, '2021-06-19 09:47:35'),
(1278, 12, 243, 1, 1, 0, '2021-06-19 09:47:37'),
(1279, 15, 243, 0, 0, 0, '2021-06-19 09:47:41'),
(1280, 16, 243, 0, 0, 0, '2021-06-19 09:47:45'),
(1281, 1, 168, 1, 1, 0, '2021-07-09 09:40:54'),
(1282, 2, 168, 0, 0, 0, '2021-07-09 09:40:57'),
(1283, 3, 168, 1, 1, 0, '2021-07-09 09:41:00'),
(1284, 4, 168, 1, 1, 0, '2021-07-09 09:41:02'),
(1285, 5, 168, 1, 1, 0, '2021-07-09 09:41:06'),
(1286, 10, 168, 1, 1, 0, '2021-07-09 09:41:15'),
(1287, 11, 168, 1, 1, 0, '2021-07-09 09:41:16'),
(1288, 20, 168, 1, 1, 0, '2021-07-09 09:41:23'),
(1289, 21, 168, 1, 1, 0, '2021-07-09 09:41:27'),
(1290, 22, 168, 1, 1, 0, '2021-07-09 09:41:29'),
(1291, 8, 243, 0, 0, 0, '2021-07-23 10:30:51'),
(1292, 17, 239, 1, 1, 0, '2021-08-23 12:08:05'),
(1293, 1, 258, 1, 0, 0, '2021-09-03 14:44:43'),
(1294, 2, 258, 1, 0, 0, '2021-09-03 14:44:46'),
(1295, 3, 258, 1, 0, 0, '2021-09-03 14:44:49'),
(1296, 4, 258, 1, 0, 0, '2021-09-03 14:44:52'),
(1297, 5, 258, 1, 0, 0, '2021-09-03 14:44:58'),
(1298, 6, 258, 1, 0, 0, '2021-09-03 14:44:59'),
(1299, 7, 258, 1, 0, 0, '2021-09-03 14:45:03'),
(1300, 12, 258, 1, 0, 0, '2021-09-03 14:45:09'),
(1301, 13, 258, 1, 0, 0, '2021-09-03 14:45:13'),
(1302, 1, 255, 1, 0, 0, '2021-09-03 14:45:26'),
(1303, 2, 255, 1, 0, 0, '2021-09-03 14:45:27'),
(1304, 3, 255, 1, 0, 0, '2021-09-03 14:45:28'),
(1305, 4, 255, 1, 0, 0, '2021-09-03 14:45:30'),
(1306, 5, 255, 1, 0, 0, '2021-09-03 14:45:32'),
(1307, 6, 255, 1, 0, 0, '2021-09-03 14:45:33'),
(1308, 7, 255, 1, 0, 0, '2021-09-03 14:45:34'),
(1309, 12, 255, 1, 0, 0, '2021-09-03 14:45:38'),
(1310, 13, 255, 1, 0, 0, '2021-09-03 14:45:39'),
(1311, 1, 257, 1, 1, 0, '2021-09-07 06:40:52'),
(1312, 3, 257, 1, 1, 0, '2021-09-07 06:40:57'),
(1313, 4, 257, 1, 1, 0, '2021-09-07 06:42:47'),
(1314, 5, 257, 1, 1, 0, '2021-09-07 06:42:49'),
(1315, 6, 257, 1, 1, 0, '2021-09-07 06:42:52'),
(1316, 7, 257, 1, 1, 0, '2021-09-07 06:42:54'),
(1317, 8, 257, 1, 1, 0, '2021-09-07 06:42:57'),
(1318, 9, 257, 1, 1, 0, '2021-09-07 06:42:59'),
(1319, 10, 257, 1, 1, 0, '2021-09-07 06:43:02'),
(1320, 11, 257, 1, 1, 0, '2021-09-07 06:43:04'),
(1321, 13, 257, 1, 1, 0, '2021-09-07 06:43:52'),
(1322, 14, 257, 1, 1, 0, '2021-09-07 06:43:55'),
(1323, 15, 257, 1, 1, 0, '2021-09-07 06:43:56'),
(1324, 16, 257, 1, 1, 0, '2021-09-07 06:43:58'),
(1325, 17, 257, 1, 1, 0, '2021-09-07 06:44:01'),
(1326, 18, 257, 1, 1, 0, '2021-09-07 06:44:03'),
(1327, 20, 257, 1, 1, 0, '2021-09-07 06:44:11'),
(1328, 21, 257, 1, 1, 0, '2021-09-07 06:44:14'),
(1329, 22, 257, 1, 1, 0, '2021-09-07 06:44:16'),
(1330, 23, 257, 1, 1, 0, '2021-09-07 06:44:18'),
(1331, 24, 257, 1, 1, 0, '2021-09-07 06:44:22'),
(1332, 25, 257, 1, 1, 0, '2021-09-07 06:44:24'),
(1333, 26, 257, 0, 0, 0, '2021-09-07 06:44:26'),
(1334, 13, 84, 1, 1, 0, '2021-09-07 15:15:36'),
(1335, 4, 64, 1, 1, 0, '2021-09-07 15:17:03'),
(1336, 5, 64, 1, 1, 0, '2021-09-07 15:17:06'),
(1337, 6, 64, 1, 1, 0, '2021-09-07 15:17:09'),
(1338, 7, 64, 1, 1, 0, '2021-09-07 15:17:11'),
(1339, 8, 64, 1, 1, 0, '2021-09-07 15:17:17'),
(1340, 13, 64, 1, 1, 0, '2021-09-07 15:17:25'),
(1341, 1, 219, 1, 1, 0, '2021-10-27 16:21:40'),
(1342, 3, 219, 1, 1, 0, '2021-10-27 16:21:43'),
(1343, 4, 219, 1, 1, 0, '2021-10-27 16:21:46'),
(1344, 5, 219, 1, 1, 0, '2021-10-27 16:21:47'),
(1345, 6, 219, 1, 1, 0, '2021-10-27 16:21:50'),
(1346, 7, 219, 1, 1, 0, '2021-10-27 16:21:53'),
(1347, 8, 219, 1, 1, 0, '2021-10-27 16:21:55'),
(1348, 11, 219, 1, 1, 0, '2021-10-27 16:22:01'),
(1349, 13, 219, 1, 1, 0, '2021-10-27 16:23:58'),
(1350, 28, 48, 1, 1, 0, '2022-01-06 14:48:24'),
(1351, 1, 290, 1, 1, 0, '2022-01-07 16:11:03'),
(1352, 2, 290, 0, 0, 0, '2022-01-07 16:11:05'),
(1353, 3, 290, 1, 1, 0, '2022-01-07 16:11:44'),
(1354, 4, 290, 1, 1, 0, '2022-01-07 16:11:47'),
(1355, 5, 290, 1, 1, 0, '2022-01-07 16:11:49'),
(1356, 6, 290, 1, 1, 0, '2022-01-07 16:11:51'),
(1357, 7, 290, 1, 1, 0, '2022-01-07 16:11:54'),
(1358, 8, 290, 1, 0, 0, '2022-01-07 16:11:58'),
(1359, 1, 259, 1, 1, 0, '2022-01-07 16:12:30'),
(1360, 2, 259, 0, 0, 0, '2022-01-07 16:12:33'),
(1361, 3, 259, 1, 1, 0, '2022-01-07 16:12:34'),
(1362, 4, 259, 1, 1, 0, '2022-01-07 16:12:42'),
(1363, 5, 259, 1, 1, 0, '2022-01-07 16:12:44'),
(1364, 6, 259, 1, 1, 0, '2022-01-07 16:12:46'),
(1365, 7, 259, 1, 1, 0, '2022-01-07 16:12:50'),
(1366, 8, 259, 1, 1, 0, '2022-01-07 16:12:53'),
(1367, 11, 290, 1, 1, 0, '2022-01-07 16:13:52'),
(1368, 13, 290, 1, 1, 0, '2022-01-07 16:13:56'),
(1369, 1, 208, 1, 1, 0, '2022-01-07 16:15:36'),
(1370, 3, 208, 1, 1, 0, '2022-01-07 16:15:50'),
(1371, 4, 208, 1, 1, 0, '2022-01-07 16:15:58'),
(1372, 5, 208, 1, 1, 0, '2022-01-07 16:16:00'),
(1373, 8, 191, 1, 1, 0, '2022-01-07 16:16:11'),
(1374, 8, 195, 1, 1, 0, '2022-01-07 16:16:13'),
(1375, 8, 199, 1, 1, 0, '2022-01-07 16:16:15'),
(1376, 8, 208, 1, 1, 0, '2022-01-07 16:16:17'),
(1377, 13, 199, 1, 1, 0, '2022-01-07 16:16:36'),
(1378, 13, 195, 1, 1, 0, '2022-01-07 16:16:38'),
(1379, 13, 191, 1, 1, 0, '2022-01-07 16:16:40'),
(1380, 6, 208, 1, 1, 0, '2022-01-07 16:17:18'),
(1381, 7, 208, 1, 1, 0, '2022-01-07 16:17:20'),
(1382, 11, 208, 1, 1, 0, '2022-01-07 16:17:32'),
(1383, 13, 208, 1, 1, 0, '2022-01-07 16:17:36'),
(1384, 6, 195, 1, 1, 0, '2022-01-07 16:17:50'),
(1385, 6, 199, 1, 1, 0, '2022-01-07 16:17:52'),
(1386, 7, 195, 1, 1, 0, '2022-01-07 16:17:54'),
(1387, 7, 199, 1, 1, 0, '2022-01-07 16:17:56'),
(1388, 6, 190, 1, 1, 0, '2022-01-07 16:18:08'),
(1389, 6, 191, 1, 1, 0, '2022-01-07 16:18:11'),
(1390, 7, 190, 1, 1, 0, '2022-01-07 16:18:13'),
(1391, 7, 191, 1, 1, 0, '2022-01-07 16:18:15'),
(1392, 8, 190, 1, 1, 0, '2022-01-07 16:18:17'),
(1393, 13, 190, 1, 1, 0, '2022-01-07 16:18:26'),
(1394, 5, 73, 1, 1, 0, '2022-01-07 16:19:10'),
(1395, 6, 73, 1, 1, 0, '2022-01-07 16:19:15'),
(1396, 7, 73, 1, 1, 0, '2022-01-07 16:19:19'),
(1397, 11, 73, 1, 1, 0, '2022-01-07 16:20:28'),
(1398, 13, 73, 1, 1, 0, '2022-01-07 16:20:33'),
(1399, 28, 23, 1, 1, 1, '2022-01-19 19:00:56'),
(1400, 26, 23, 1, 1, 0, '2022-01-19 19:03:15'),
(1401, 2, 243, 1, 1, 0, '2022-02-09 08:21:08'),
(1402, 17, 243, 1, 1, 0, '2022-02-09 08:21:25'),
(1403, 6, 243, 1, 1, 0, '2022-02-09 08:21:56'),
(1404, 1, 291, 1, 0, 0, '2022-05-17 08:19:53'),
(1405, 2, 291, 0, 0, 0, '2022-05-17 08:19:53'),
(1406, 3, 291, 1, 0, 0, '2022-05-17 08:19:54'),
(1407, 4, 291, 1, 0, 0, '2022-05-17 08:19:57'),
(1408, 5, 291, 1, 0, 0, '2022-05-17 08:19:58'),
(1409, 7, 291, 1, 0, 0, '2022-05-17 08:20:00'),
(1410, 8, 291, 1, 0, 0, '2022-05-17 08:20:01'),
(1411, 9, 291, 1, 0, 0, '2022-05-17 08:20:02'),
(1412, 14, 291, 1, 1, 0, '2022-05-17 08:20:09'),
(1413, 15, 291, 1, 1, 0, '2022-05-17 08:20:10'),
(1414, 16, 291, 1, 1, 0, '2022-05-17 08:20:14'),
(1415, 13, 240, 1, 1, 0, '2022-05-28 13:38:50'),
(1416, 17, 240, 1, 0, 0, '2022-05-28 13:42:14'),
(1417, 20, 24, 1, 0, 0, '2022-09-03 07:18:23'),
(1418, 21, 24, 1, 0, 0, '2022-09-03 07:18:24'),
(1419, 22, 24, 1, 0, 0, '2022-09-03 07:18:27'),
(1420, 23, 24, 1, 0, 0, '2022-09-03 07:18:28'),
(1421, 24, 24, 1, 0, 0, '2022-09-03 07:18:30'),
(1422, 25, 24, 1, 0, 0, '2022-09-03 07:18:32'),
(1423, 20, 354, 1, 1, 0, '2022-09-09 13:45:03'),
(1424, 21, 354, 1, 1, 0, '2022-09-09 13:45:05'),
(1425, 29, 1, 1, 1, 1, '2022-09-25 21:39:53'),
(1426, 29, 243, 1, 1, 0, '2022-09-25 21:40:05'),
(1427, 17, 73, 1, 0, 0, '2022-12-12 20:35:39'),
(1428, 10, 409, 1, 1, 0, '2022-12-15 09:56:48'),
(1429, 11, 409, 1, 1, 0, '2022-12-15 09:56:50'),
(1430, 12, 409, 0, 0, 0, '2022-12-15 09:56:56'),
(1431, 13, 409, 0, 0, 0, '2022-12-15 09:56:58'),
(1432, 20, 409, 1, 1, 0, '2022-12-15 09:57:05'),
(1433, 21, 409, 1, 1, 0, '2022-12-15 09:57:08'),
(1434, 22, 409, 1, 1, 0, '2022-12-15 09:57:10'),
(1435, 23, 409, 1, 1, 0, '2022-12-15 09:57:13'),
(1436, 25, 409, 1, 1, 0, '2022-12-15 09:57:18'),
(1437, 1, 409, 1, 1, 0, '2022-12-15 09:58:29'),
(1438, 3, 409, 1, 1, 0, '2022-12-15 09:58:33'),
(1439, 4, 409, 1, 1, 0, '2022-12-15 09:58:34'),
(1440, 9, 73, 1, 0, 0, '2023-02-16 19:02:31'),
(1441, 25, 457, 1, 1, 0, '2023-03-08 09:55:57'),
(1442, 24, 457, 1, 1, 0, '2023-03-08 09:55:58'),
(1443, 23, 457, 1, 1, 0, '2023-03-08 09:55:59'),
(1444, 22, 457, 1, 0, 0, '2023-03-08 09:56:01'),
(1445, 21, 457, 1, 0, 0, '2023-03-08 09:56:04'),
(1446, 20, 457, 1, 0, 0, '2023-03-08 09:56:06'),
(1447, 10, 457, 1, 0, 0, '2023-03-08 09:56:14'),
(1448, 9, 457, 1, 0, 0, '2023-03-08 09:56:18'),
(1449, 3, 457, 1, 0, 0, '2023-03-08 09:56:35'),
(1450, 1, 457, 1, 0, 0, '2023-03-08 09:56:36'),
(1451, 4, 457, 1, 0, 0, '2023-03-08 09:56:38'),
(1452, 5, 457, 1, 0, 0, '2023-03-08 09:56:41'),
(1453, 1, 338, 1, 0, 0, '2023-04-30 10:00:36'),
(1454, 3, 338, 1, 0, 0, '2023-04-30 10:00:39'),
(1455, 4, 338, 1, 0, 0, '2023-04-30 10:00:44'),
(1456, 5, 338, 1, 0, 0, '2023-04-30 10:00:49'),
(1457, 6, 338, 1, 0, 0, '2023-04-30 10:00:50'),
(1458, 7, 338, 1, 0, 0, '2023-04-30 10:00:53'),
(1459, 8, 338, 1, 0, 0, '2023-04-30 10:00:55'),
(1460, 9, 338, 1, 0, 0, '2023-04-30 10:00:58'),
(1461, 10, 338, 0, 0, 0, '2023-04-30 10:01:09'),
(1462, 11, 338, 1, 0, 0, '2023-04-30 10:01:16'),
(1463, 13, 338, 0, 0, 0, '2023-04-30 10:01:17'),
(1464, 14, 338, 0, 0, 0, '2023-04-30 10:01:24'),
(1465, 15, 338, 1, 1, 0, '2023-04-30 10:01:26'),
(1466, 16, 338, 1, 1, 0, '2023-04-30 10:01:35'),
(1467, 17, 338, 1, 0, 0, '2023-04-30 10:01:36'),
(1468, 18, 338, 0, 0, 0, '2023-04-30 10:01:44'),
(1469, 20, 338, 0, 0, 0, '2023-04-30 10:01:48'),
(1470, 21, 338, 0, 0, 0, '2023-04-30 10:01:54'),
(1471, 22, 338, 0, 0, 0, '2023-04-30 10:01:55'),
(1472, 23, 338, 0, 0, 0, '2023-04-30 10:01:56'),
(1473, 24, 338, 0, 0, 0, '2023-04-30 10:02:04'),
(1474, 25, 338, 0, 0, 0, '2023-04-30 10:02:05'),
(1475, 1, 469, 1, 0, 0, '2023-04-30 10:02:34'),
(1476, 2, 469, 0, 0, 0, '2023-04-30 10:02:36'),
(1477, 3, 469, 1, 0, 0, '2023-04-30 10:02:37'),
(1478, 4, 469, 1, 0, 0, '2023-04-30 10:02:38'),
(1479, 5, 469, 1, 0, 0, '2023-04-30 10:02:40'),
(1480, 7, 469, 1, 0, 0, '2023-04-30 10:02:41'),
(1481, 8, 469, 1, 0, 0, '2023-04-30 10:02:43'),
(1482, 9, 469, 1, 0, 0, '2023-04-30 10:02:44'),
(1483, 10, 469, 0, 0, 0, '2023-04-30 10:02:48'),
(1484, 11, 469, 1, 0, 0, '2023-04-30 10:02:49'),
(1485, 13, 469, 0, 0, 0, '2023-04-30 10:02:51'),
(1486, 14, 469, 1, 1, 0, '2023-04-30 10:02:52'),
(1487, 15, 469, 1, 1, 0, '2023-04-30 10:02:53'),
(1488, 16, 469, 1, 1, 0, '2023-04-30 10:02:55'),
(1489, 17, 469, 1, 0, 0, '2023-04-30 10:02:56'),
(1490, 20, 469, 0, 0, 0, '2023-04-30 10:03:02'),
(1491, 21, 469, 0, 0, 0, '2023-04-30 10:03:03'),
(1492, 22, 469, 0, 0, 0, '2023-04-30 10:03:04'),
(1493, 23, 469, 0, 0, 0, '2023-04-30 10:03:06'),
(1494, 24, 469, 0, 0, 0, '2023-04-30 10:03:09'),
(1495, 25, 469, 0, 0, 0, '2023-04-30 10:03:11'),
(1496, 1, 476, 1, 1, 0, '2023-04-30 10:03:31'),
(1497, 2, 476, 1, 1, 0, '2023-04-30 10:03:32'),
(1498, 3, 476, 1, 1, 0, '2023-04-30 10:03:33'),
(1499, 4, 476, 1, 1, 0, '2023-04-30 10:03:35'),
(1500, 5, 476, 1, 1, 0, '2023-04-30 10:03:36'),
(1501, 6, 476, 1, 1, 0, '2023-04-30 10:03:38'),
(1502, 7, 476, 1, 1, 0, '2023-04-30 10:03:40'),
(1503, 8, 476, 1, 1, 0, '2023-04-30 10:03:41'),
(1504, 9, 476, 1, 1, 0, '2023-04-30 10:03:45'),
(1505, 11, 476, 1, 1, 0, '2023-04-30 10:03:47'),
(1506, 12, 476, 0, 0, 0, '2023-04-30 10:03:48'),
(1507, 10, 476, 1, 1, 0, '2023-04-30 10:03:49'),
(1508, 13, 476, 1, 1, 0, '2023-04-30 10:03:52'),
(1509, 14, 476, 1, 1, 0, '2023-04-30 10:03:54'),
(1510, 15, 476, 1, 1, 0, '2023-04-30 10:03:57'),
(1511, 16, 476, 1, 1, 0, '2023-04-30 10:03:59'),
(1512, 17, 476, 1, 1, 0, '2023-04-30 10:04:01'),
(1513, 20, 476, 1, 1, 0, '2023-04-30 10:04:04'),
(1514, 21, 476, 1, 1, 0, '2023-04-30 10:04:06'),
(1515, 22, 476, 1, 1, 0, '2023-04-30 10:04:08'),
(1516, 23, 476, 1, 1, 0, '2023-04-30 10:04:09'),
(1517, 24, 476, 1, 1, 0, '2023-04-30 10:04:10'),
(1518, 25, 476, 1, 1, 0, '2023-04-30 10:04:12'),
(1519, 6, 469, 1, 0, 0, '2023-04-30 10:05:24'),
(1520, 25, 467, 1, 1, 0, '2023-05-02 12:01:35'),
(1521, 24, 467, 1, 1, 0, '2023-05-02 12:01:37'),
(1522, 23, 467, 1, 0, 0, '2023-05-02 12:01:40'),
(1523, 22, 467, 1, 1, 0, '2023-05-02 12:01:43'),
(1524, 21, 467, 1, 1, 0, '2023-05-02 12:01:48'),
(1525, 20, 467, 1, 1, 0, '2023-05-02 12:01:52'),
(1526, 1, 349, 1, 1, 0, '2023-05-02 12:05:46'),
(1527, 4, 349, 1, 1, 0, '2023-05-02 12:05:50'),
(1528, 3, 349, 1, 1, 0, '2023-05-02 12:05:52'),
(1529, 5, 349, 1, 1, 0, '2023-05-02 12:05:56'),
(1530, 7, 349, 1, 1, 0, '2023-05-02 12:06:00'),
(1531, 8, 349, 1, 1, 0, '2023-05-02 12:06:02'),
(1532, 9, 349, 1, 1, 0, '2023-05-02 12:06:05'),
(1533, 1, 471, 1, 1, 0, '2023-05-02 13:55:30'),
(1534, 3, 471, 1, 1, 0, '2023-05-02 13:55:33'),
(1535, 4, 471, 1, 1, 0, '2023-05-02 13:55:37'),
(1536, 5, 471, 1, 1, 0, '2023-05-02 13:55:40'),
(1537, 7, 471, 1, 1, 0, '2023-05-02 13:55:44'),
(1538, 10, 471, 1, 1, 0, '2023-05-02 13:55:49'),
(1539, 11, 471, 1, 1, 0, '2023-05-02 13:55:52'),
(1540, 20, 471, 1, 1, 0, '2023-05-02 13:55:58'),
(1541, 21, 471, 1, 1, 0, '2023-05-02 13:56:00'),
(1542, 22, 471, 1, 1, 0, '2023-05-02 13:56:03'),
(1543, 23, 471, 1, 1, 0, '2023-05-02 13:56:05'),
(1544, 24, 471, 1, 1, 0, '2023-05-02 13:56:08'),
(1545, 25, 471, 1, 1, 0, '2023-05-02 13:56:11'),
(1546, 18, 471, 1, 1, 0, '2023-05-10 11:39:50'),
(1547, 6, 471, 1, 1, 0, '2023-05-10 11:40:21'),
(1548, 8, 471, 1, 1, 0, '2023-05-10 11:40:30'),
(1549, 9, 471, 1, 1, 0, '2023-05-10 11:40:32'),
(1550, 13, 471, 1, 1, 0, '2023-05-10 11:40:42'),
(1551, 13, 51, 1, 0, 0, '2023-05-10 11:46:22'),
(1552, 18, 51, 1, 1, 0, '2023-05-10 11:46:27'),
(1553, 6, 108, 1, 1, 0, '2023-05-10 11:46:52'),
(1554, 13, 108, 1, 1, 0, '2023-05-10 11:47:05'),
(1555, 18, 108, 1, 1, 0, '2023-05-10 11:47:30'),
(1556, 16, 108, 1, 0, 0, '2023-05-10 11:47:36'),
(1557, 1, 140, 1, 0, 0, '2023-06-05 16:41:23'),
(1558, 2, 140, 0, 0, 0, '2023-06-05 16:41:25'),
(1559, 3, 140, 1, 0, 0, '2023-06-05 16:41:27'),
(1560, 4, 140, 1, 0, 0, '2023-06-05 16:41:28'),
(1561, 5, 140, 1, 0, 0, '2023-06-05 16:41:31'),
(1562, 7, 140, 1, 0, 0, '2023-06-05 16:41:34'),
(1563, 8, 140, 1, 0, 0, '2023-06-05 16:41:35'),
(1564, 9, 140, 1, 0, 0, '2023-06-05 16:41:39'),
(1565, 1, 452, 1, 0, 0, '2023-06-05 16:42:09'),
(1566, 3, 452, 1, 0, 0, '2023-06-05 16:42:12'),
(1567, 4, 452, 1, 0, 0, '2023-06-05 16:42:13'),
(1568, 5, 452, 1, 0, 0, '2023-06-05 16:42:20'),
(1569, 7, 452, 1, 0, 0, '2023-06-05 16:42:24'),
(1570, 6, 452, 1, 0, 0, '2023-06-05 16:42:25'),
(1571, 8, 452, 1, 0, 0, '2023-06-05 16:42:27'),
(1572, 9, 452, 1, 0, 0, '2023-06-05 16:42:34'),
(1573, 1, 485, 1, 0, 0, '2023-06-24 09:43:01'),
(1574, 2, 485, 1, 1, 1, '2023-06-24 09:43:04'),
(1575, 3, 485, 1, 0, 0, '2023-06-24 09:43:09'),
(1576, 4, 485, 1, 0, 0, '2023-06-24 09:43:11'),
(1577, 5, 485, 1, 0, 0, '2023-06-24 09:43:14'),
(1578, 6, 485, 1, 0, 0, '2023-06-24 09:43:17'),
(1579, 7, 485, 1, 0, 0, '2023-06-24 09:43:18'),
(1580, 8, 485, 1, 0, 0, '2023-06-24 09:43:20'),
(1581, 9, 485, 1, 0, 0, '2023-06-24 09:43:23'),
(1582, 10, 485, 1, 0, 0, '2023-06-24 09:43:26'),
(1583, 11, 485, 1, 0, 0, '2023-06-24 09:43:27'),
(1584, 12, 485, 1, 1, 0, '2023-06-24 09:43:29'),
(1585, 13, 485, 1, 0, 0, '2023-06-24 09:43:31'),
(1586, 14, 485, 0, 0, 0, '2023-06-24 09:43:35'),
(1587, 17, 485, 1, 1, 0, '2023-06-24 09:43:44'),
(1588, 20, 485, 1, 0, 0, '2023-06-24 09:44:19'),
(1589, 21, 485, 1, 0, 0, '2023-06-24 09:44:20'),
(1590, 22, 485, 1, 0, 0, '2023-06-24 09:44:23'),
(1591, 23, 485, 0, 0, 0, '2023-06-24 09:44:25'),
(1592, 25, 485, 1, 0, 0, '2023-06-24 09:44:30'),
(1593, 29, 485, 1, 1, 0, '2023-06-24 09:44:35'),
(1594, 28, 485, 1, 1, 0, '2023-06-24 09:44:38'),
(1595, 27, 485, 1, 0, 0, '2023-06-24 09:44:43'),
(1596, 14, 73, 1, 0, 0, '2023-07-03 21:49:24'),
(1597, 30, 1, 1, 1, 1, '2023-09-17 08:48:16'),
(1598, 31, 1, 1, 1, 1, '2023-09-23 07:09:47'),
(1599, 32, 1, 1, 1, 1, '2023-09-23 07:09:49'),
(1600, 31, 112, 1, 0, 0, '2023-10-23 05:34:20'),
(1601, 32, 112, 1, 1, 0, '2023-10-23 05:34:21'),
(1602, 31, 61, 1, 0, 0, '2023-10-23 05:46:42'),
(1603, 32, 61, 1, 1, 0, '2023-10-23 05:46:43'),
(1604, 33, 1, 1, 1, 0, '2024-01-10 08:30:24'),
(1605, 33, 6, 1, 1, 0, '2024-01-10 08:30:26');

INSERT INTO `tb_history_jabatan` (`IDHistory`, `IDKaryawan`, `PeriodeAwal`, `PeriodeAkhir`, `IDJabatan`) VALUES
(1, 51, 'APR 2017', 'SEKARANG', 2);
INSERT INTO `tb_history_jabatan` (`IDHistory`, `IDKaryawan`, `PeriodeAwal`, `PeriodeAkhir`, `IDJabatan`) VALUES
(2, 112, 'DES 2016', 'SEKARANG', 15);
INSERT INTO `tb_history_jabatan` (`IDHistory`, `IDKaryawan`, `PeriodeAwal`, `PeriodeAkhir`, `IDJabatan`) VALUES
(3, 61, 'MAR 2012', 'SEKARANG', 15);
INSERT INTO `tb_history_jabatan` (`IDHistory`, `IDKaryawan`, `PeriodeAwal`, `PeriodeAkhir`, `IDJabatan`) VALUES
(4, 409, 'NOV 2022', 'SEKARANG', 9),
(5, 488, 'JAN 2024', 'SEKARANG', 9);





INSERT INTO `tb_jabatan` (`IDJabatan`, `Jabatan`, `SystemRequired`) VALUES
(1, 'Direktur', 1);
INSERT INTO `tb_jabatan` (`IDJabatan`, `Jabatan`, `SystemRequired`) VALUES
(2, 'Accounting', 1);
INSERT INTO `tb_jabatan` (`IDJabatan`, `Jabatan`, `SystemRequired`) VALUES
(3, 'HRD', 1);
INSERT INTO `tb_jabatan` (`IDJabatan`, `Jabatan`, `SystemRequired`) VALUES
(4, 'Cost Control', 0),
(5, 'Admin HRD', 0),
(6, 'Office Girl', 0),
(7, 'Supir', 0),
(8, 'Admin Engineering', 0),
(9, 'MMS Marketing / Sales', 1),
(10, 'MMS Administrasi', 0),
(11, 'MMS Engineering', 0),
(12, 'Marketing Digital', 0),
(13, 'Skill', 0),
(14, 'Semi Skill', 0),
(15, 'Teknisi', 0),
(16, 'OB', 0),
(17, 'Helper', 0),
(18, 'Engineering', 0);

INSERT INTO `tb_jenis_material` (`IDMaterial`, `Parent`, `IsParent`, `Nama`, `IDDepartement`) VALUES
(174, 0, 1, 'OUTDOOR HEAT PUMP', 1);
INSERT INTO `tb_jenis_material` (`IDMaterial`, `Parent`, `IsParent`, `Nama`, `IDDepartement`) VALUES
(173, 165, 0, 'PIPA PVC', 1);
INSERT INTO `tb_jenis_material` (`IDMaterial`, `Parent`, `IsParent`, `Nama`, `IDDepartement`) VALUES
(170, 0, 0, 'MATERIAL', 1);
INSERT INTO `tb_jenis_material` (`IDMaterial`, `Parent`, `IsParent`, `Nama`, `IDDepartement`) VALUES
(169, 0, 0, 'FITTING PVC', 1),
(172, 165, 0, 'PIPA REFRIGERANT', 1),
(171, 165, 0, 'PIPA PPR', 1),
(166, 0, 0, 'FITTING PPR', 1),
(164, 0, 0, 'AKSESORIS', 1),
(165, 0, 1, 'PIPA', 1),
(163, 0, 0, 'PANEL', 1),
(162, 0, 0, 'SUPREME', 1),
(161, 0, 0, 'VOKSEL', 1),
(160, 0, 0, 'TANGKI', 1),
(183, 0, 0, 'DATA ASESORIES', 1),
(184, 0, 0, 'PAKETAN', 1),
(185, 0, 1, 'WIKA SWH', 1),
(188, 0, 0, 'AMP', 1),
(189, 0, 0, 'IKLAN', 1),
(190, 0, 0, 'PANGKON', 1),
(191, 0, 0, 'UPVC', 1),
(192, 0, 0, 'VALVE - VALVE', 1),
(193, 0, 0, 'BOX PANEL PLASTIK', 1),
(194, 0, 0, 'AKOMODASI', 1),
(195, 0, 0, 'TRANSPORTASI', 1),
(196, 0, 0, 'BIAYA LAIN', 1),
(203, 0, 0, 'KARTU NAMA', 1),
(204, 0, 0, 'KACA', 1),
(205, 0, 0, 'AC', 1),
(207, 0, 0, 'SERVICE', 1),
(209, 0, 0, 'RENOVASI SHOWROOM MMS', 1),
(210, 0, 0, 'UPV DOOR WINDOW', 1),
(211, 0, 0, 'VOUCHER', 1),
(212, 0, 0, 'ALAT- ALAT', 1),
(220, 0, 0, 'EXPEDISI', 1),
(221, 0, 1, 'SERAGAM', 1),
(222, 0, 0, 'AIR CURTAIN (FAN)', 1),
(223, 0, 1, 'EXTERNA', 1),
(225, 0, 1, 'CCTV', 1),
(226, 0, 1, 'INSTALASI CCTV', 1),
(228, 0, 1, 'LAMPU PV', 1),
(238, 0, 1, 'PAMERAN', 1),
(239, 0, 1, 'HANGER', 1),
(240, 0, 1, 'POMPA', 1),
(241, 0, 1, 'TREATMENT ANTI RAYAP', 1),
(236, 0, 0, 'SOCK DRAT DALAM 1/2\" (FOR PRESS GAUGE)', 1),
(245, 0, 0, 'BONGKAR PASANG', 1),
(246, 0, 0, 'KARANGAN BUNGA', 1),
(247, 0, 0, 'FEE PENJUALAN', 1),
(249, 0, 0, 'PUMP OIL CITOR', 1),
(250, 0, 1, 'PIPA REHAU', 1),
(251, 0, 0, 'FITTING REHAU', 1),
(252, 0, 0, 'PEMASANGAN SWH', 1),
(254, 0, 0, 'BATA', 1),
(255, 0, 0, 'SOUVENIR', 1),
(258, 0, 1, 'PENDAPATAN LAIN-LAIN', 1),
(259, 0, 1, 'PRINTER', 1),
(262, 0, 1, 'FEE TEKNISI', 1),
(263, 0, 1, 'FEE MARKETING', 1),
(264, 0, 0, 'MATERIAL BANTU', 1),
(265, 0, 1, 'SPARE PART', 1),
(268, 0, 1, 'BIAYA MARKETING', 1),
(273, 0, 1, 'BANK', 1),
(281, 0, 1, 'KABEL AMP', 1),
(285, 0, 1, 'MOTOR', 1),
(286, 0, 1, 'LAMPU', 1),
(288, 0, 0, 'LAIN - LAIN', 1),
(289, 0, 1, 'PEMADAM PORTABLE', 1),
(344, 0, 1, 'ARISTON GAS WATER HEATER', 2),
(295, 0, 1, 'WIKA EWH', 1),
(296, 0, 1, 'ARISTON ELECTRIC WATER HEATER', 1),
(298, 0, 1, 'ARISTON SOLAR WATER HEATER', 1),
(301, 0, 1, 'RINNAI', 1),
(302, 0, 0, 'SHARP', 1),
(309, 0, 1, 'OFFICE LIGHTING', 1),
(308, 0, 1, 'DOWNLIGHT', 1),
(310, 0, 1, 'GARDEN LAMP', 1),
(311, 0, 1, 'WALL LAMP', 1),
(312, 0, 1, 'SPOTLITE', 1),
(313, 0, 1, 'UNDERWATERLIGHT', 1),
(314, 0, 1, 'EMERGENCY LIGHT', 1),
(315, 0, 1, 'UPLIGHT', 1),
(316, 0, 1, 'KAP INDUSTRI', 1),
(317, 0, 1, 'FLOOD LIGHT', 1),
(318, 0, 1, 'CONTINOUS LAMP', 1),
(319, 0, 1, 'BOHLAM T5', 1),
(320, 0, 1, 'TRAFO', 1),
(321, 0, 1, 'BOHLAM PHILLIPS', 1),
(322, 0, 1, 'OSRAM', 1),
(323, 0, 1, 'HONEYWELL', 1),
(324, 0, 1, 'ONDA', 1),
(325, 165, 1, 'PIPA GAS', 1),
(326, 0, 1, 'KABEL', 1),
(337, 0, 1, 'GAMBAR SHOP DRAWING', 1),
(338, 0, 1, 'BOX PANEL PLAT', 1),
(346, 0, 0, 'INSTALASI', 2),
(345, 0, 1, 'ARISTON HEATPUMP WATER HEATER', 2);

INSERT INTO `tb_jurnal` (`IDJurnal`, `IDDepartement`, `NoJurnal`, `NoBukti`, `NoRef`, `Tipe`, `Tanggal`, `Keterangan`, `Debet`, `Kredit`, `Status`, `MetodePembayaran`, `SubPembayaran`, `NoBG`, `BGJatuhTempo`, `KeteranganLain`, `NoKwitansi`, `TanggalKwitansi`, `TipePembayaran`, `Bank`, `NoBank`, `TanggalPembayaran`, `CreatedBy`, `DateCreated`, `ModifiedBy`, `DateModified`) VALUES
(1, 0, '01-20240100001', NULL, NULL, NULL, NULL, NULL, NULL, NULL, 1, NULL, NULL, NULL, NULL, NULL, NULL, NULL, NULL, NULL, NULL, NULL, 1, '2024-01-10 15:26:40', NULL, NULL);
INSERT INTO `tb_jurnal` (`IDJurnal`, `IDDepartement`, `NoJurnal`, `NoBukti`, `NoRef`, `Tipe`, `Tanggal`, `Keterangan`, `Debet`, `Kredit`, `Status`, `MetodePembayaran`, `SubPembayaran`, `NoBG`, `BGJatuhTempo`, `KeteranganLain`, `NoKwitansi`, `TanggalKwitansi`, `TipePembayaran`, `Bank`, `NoBank`, `TanggalPembayaran`, `CreatedBy`, `DateCreated`, `ModifiedBy`, `DateModified`) VALUES
(2, 0, '01-20240100002', NULL, NULL, NULL, NULL, NULL, NULL, NULL, 1, NULL, NULL, NULL, NULL, NULL, NULL, NULL, NULL, NULL, NULL, NULL, 1, '2024-01-10 15:28:52', NULL, NULL);
INSERT INTO `tb_jurnal` (`IDJurnal`, `IDDepartement`, `NoJurnal`, `NoBukti`, `NoRef`, `Tipe`, `Tanggal`, `Keterangan`, `Debet`, `Kredit`, `Status`, `MetodePembayaran`, `SubPembayaran`, `NoBG`, `BGJatuhTempo`, `KeteranganLain`, `NoKwitansi`, `TanggalKwitansi`, `TipePembayaran`, `Bank`, `NoBank`, `TanggalPembayaran`, `CreatedBy`, `DateCreated`, `ModifiedBy`, `DateModified`) VALUES
(3, 0, '01-20240100003', NULL, NULL, NULL, '2024-01-03', NULL, NULL, NULL, 1, NULL, NULL, NULL, NULL, NULL, NULL, NULL, NULL, NULL, NULL, NULL, 1, '2024-01-10 15:30:03', NULL, NULL);
INSERT INTO `tb_jurnal` (`IDJurnal`, `IDDepartement`, `NoJurnal`, `NoBukti`, `NoRef`, `Tipe`, `Tanggal`, `Keterangan`, `Debet`, `Kredit`, `Status`, `MetodePembayaran`, `SubPembayaran`, `NoBG`, `BGJatuhTempo`, `KeteranganLain`, `NoKwitansi`, `TanggalKwitansi`, `TipePembayaran`, `Bank`, `NoBank`, `TanggalPembayaran`, `CreatedBy`, `DateCreated`, `ModifiedBy`, `DateModified`) VALUES
(4, 0, '01-20240100004', NULL, NULL, NULL, '2024-01-10', NULL, NULL, NULL, 1, NULL, NULL, NULL, NULL, NULL, NULL, NULL, NULL, NULL, NULL, NULL, 1, '2024-01-10 15:31:06', NULL, NULL),
(5, 0, '01-20240100005', NULL, NULL, NULL, '2024-01-03', NULL, NULL, NULL, 1, NULL, NULL, NULL, NULL, NULL, NULL, NULL, NULL, NULL, NULL, NULL, 1, '2024-01-10 15:31:56', NULL, NULL),
(6, 0, '01-20240100006', NULL, NULL, NULL, '2024-01-04', NULL, NULL, NULL, 1, NULL, NULL, NULL, NULL, NULL, NULL, NULL, NULL, NULL, NULL, NULL, 1, '2024-01-10 15:33:24', NULL, NULL),
(7, 0, '01-20240100007', NULL, NULL, NULL, '2024-01-01', NULL, NULL, NULL, 1, NULL, NULL, NULL, NULL, NULL, NULL, NULL, NULL, NULL, NULL, NULL, 1, '2024-01-10 15:36:15', NULL, NULL),
(8, 0, '01-20240100008', NULL, NULL, NULL, '2024-01-09', NULL, NULL, NULL, 1, NULL, NULL, NULL, NULL, NULL, NULL, NULL, NULL, NULL, NULL, NULL, 1, '2024-01-10 15:37:03', NULL, NULL),
(9, 0, '01-20240100009', NULL, NULL, NULL, NULL, NULL, NULL, NULL, 1, NULL, NULL, NULL, NULL, NULL, NULL, NULL, NULL, NULL, NULL, NULL, 1, '2024-01-12 09:52:47', NULL, NULL),
(10, 0, '01-20240100010', NULL, NULL, NULL, NULL, NULL, NULL, NULL, 1, NULL, NULL, NULL, NULL, NULL, NULL, NULL, NULL, NULL, NULL, NULL, 1, '2024-01-12 09:54:28', NULL, NULL),
(11, 0, '01-20240100011', NULL, NULL, NULL, NULL, NULL, NULL, NULL, 1, NULL, NULL, NULL, NULL, NULL, NULL, NULL, NULL, NULL, NULL, NULL, 1, '2024-01-12 09:54:39', NULL, NULL),
(12, 0, '01-20240100012', NULL, NULL, NULL, '2024-01-01', NULL, NULL, NULL, 1, NULL, NULL, NULL, NULL, NULL, NULL, NULL, NULL, NULL, NULL, NULL, 1, '2024-01-12 12:06:40', NULL, NULL),
(13, 0, '01-20240100013', NULL, NULL, NULL, '2024-01-11', NULL, NULL, NULL, 1, NULL, NULL, NULL, NULL, NULL, NULL, NULL, NULL, NULL, NULL, NULL, 1, '2024-01-12 12:07:56', NULL, NULL),
(14, 0, '01-20240100014', NULL, NULL, NULL, '2024-01-01', NULL, NULL, NULL, 1, NULL, NULL, NULL, NULL, NULL, NULL, NULL, NULL, NULL, NULL, NULL, 1, '2024-01-12 14:53:45', NULL, NULL),
(15, 0, '01-20240100015', NULL, NULL, NULL, '2024-01-01', NULL, NULL, NULL, 1, NULL, NULL, NULL, NULL, NULL, NULL, NULL, NULL, NULL, NULL, NULL, 1, '2024-01-12 14:53:59', NULL, NULL),
(16, 0, '01-20240100016', NULL, NULL, NULL, '2024-01-01', NULL, NULL, NULL, 1, NULL, NULL, NULL, NULL, NULL, NULL, NULL, NULL, NULL, NULL, NULL, 1, '2024-01-12 15:01:07', NULL, NULL),
(17, 0, '01-20240100017', NULL, NULL, NULL, NULL, NULL, NULL, NULL, 1, NULL, NULL, NULL, NULL, NULL, NULL, NULL, NULL, NULL, NULL, NULL, 1, '2024-01-13 09:12:24', NULL, NULL),
(18, 0, '01-20240100018', NULL, NULL, NULL, NULL, NULL, NULL, NULL, 1, NULL, NULL, NULL, NULL, NULL, NULL, NULL, NULL, NULL, NULL, NULL, 1, '2024-01-15 11:41:04', NULL, NULL);

INSERT INTO `tb_jurnal_detail` (`IDJurnalDetail`, `IDJurnal`, `IDRekening`, `JurnalRef`, `NoRef`, `Tanggal`, `Pos`, `Keterangan`, `Debet`, `Kredit`, `Closing`, `MataUang`, `Kurs`, `DateCreated`) VALUES
(6, 1, 257, 'BCASP01', NULL, '2024-01-03', 'Kredit', 'Pelanggan: TELLY SAVITRI DEWI DAMAYANTI, IBU; No. Invoice: INV/SPN/2024/01/001; No. SPB: SPB/ASC/2024/01/0001', 0.00, 185000.00, 0.00, 1, 0.00, '2024-01-10 15:31:55');
INSERT INTO `tb_jurnal_detail` (`IDJurnalDetail`, `IDJurnal`, `IDRekening`, `JurnalRef`, `NoRef`, `Tanggal`, `Pos`, `Keterangan`, `Debet`, `Kredit`, `Closing`, `MataUang`, `Kurs`, `DateCreated`) VALUES
(5, 1, 128, 'BCASP01', NULL, '2024-01-03', 'Debet', 'Pelanggan: TELLY SAVITRI DEWI DAMAYANTI, IBU; No. Invoice: INV/SPN/2024/01/001; No. SPB: SPB/ASC/2024/01/0001', 185000.00, 0.00, 0.00, 1, 0.00, '2024-01-10 15:31:55');
INSERT INTO `tb_jurnal_detail` (`IDJurnalDetail`, `IDJurnal`, `IDRekening`, `JurnalRef`, `NoRef`, `Tanggal`, `Pos`, `Keterangan`, `Debet`, `Kredit`, `Closing`, `MataUang`, `Kurs`, `DateCreated`) VALUES
(7, 3, 229, 'BCASP04', NULL, '2024-01-04', 'Kredit', 'Pelanggan: GLOBAL TEHNIK; No. Invoice: INV/SPN/2024/01/009; No. SPB: SPB/ARIS/2024/01/0001 - ARISTON', 0.00, 2000000.00, 0.00, 1, 0.00, '2024-01-10 15:33:23');
INSERT INTO `tb_jurnal_detail` (`IDJurnalDetail`, `IDJurnal`, `IDRekening`, `JurnalRef`, `NoRef`, `Tanggal`, `Pos`, `Keterangan`, `Debet`, `Kredit`, `Closing`, `MataUang`, `Kurs`, `DateCreated`) VALUES
(8, 3, 128, 'BCASP04', NULL, '2024-01-04', 'Debet', 'Pelanggan: GLOBAL TEHNIK; No. Invoice: INV/SPN/2024/01/009; No. SPB: SPB/ARIS/2024/01/0001 - ARISTON', 2000000.00, 0.00, 0.00, 1, 0.00, '2024-01-10 15:33:23'),
(9, 7, 257, 'BCASP06', NULL, '2024-01-09', 'Kredit', 'Pelanggan: DOAN, BAPAK; No. Invoice: INV/SPN/2024/01/012; No. SPB: SPB/ASC/2024/01/0003 - SERVIS', 0.00, 270000.00, 0.00, 1, 0.00, '2024-01-10 15:37:01'),
(10, 7, 128, 'BCASP06', NULL, '2024-01-09', 'Debet', 'Pelanggan: DOAN, BAPAK; No. Invoice: INV/SPN/2024/01/012; No. SPB: SPB/ASC/2024/01/0003 - SERVIS', 270000.00, 0.00, 0.00, 1, 0.00, '2024-01-10 15:37:01'),
(11, 12, 229, 'BCASP09', NULL, '2024-01-11', 'Kredit', 'Pelanggan: YUNI, IBU; No. Invoice: INV/SPN/2024/01/026; No. SPB: SPB/ARIS/2024/01/0002', 0.00, 14821000.00, 0.00, 1, 0.00, '2024-01-12 12:07:55'),
(12, 12, 128, 'BCASP09', NULL, '2024-01-11', 'Debet', 'Pelanggan: YUNI, IBU; No. Invoice: INV/SPN/2024/01/026; No. SPB: SPB/ARIS/2024/01/0002', 14821000.00, 0.00, 0.00, 1, 0.00, '2024-01-12 12:07:55');



INSERT INTO `tb_kartu_stok_gudang` (`IDKartuStok`, `IDGudang`, `IDBarang`, `Tanggal`, `Tipe`, `Source`, `NoFaktur`, `StokPenyesuaian`, `StokAkhir`, `SN`, `HPP`, `SubTotalHPP`, `Keterangan`, `DateCreated`, `CreatedBy`) VALUES
(1, 1, 4, '2024-01-01', 1, 1, 'PB/SPN/2024/01/001', 3, 3, NULL, 1362957, 4088871, 'Penerimaan Barang; No. Faktur PB/SPN/2024/01/001; Tgl. 01/01/2024', '2024-01-09 15:55:48', 1);
INSERT INTO `tb_kartu_stok_gudang` (`IDKartuStok`, `IDGudang`, `IDBarang`, `Tanggal`, `Tipe`, `Source`, `NoFaktur`, `StokPenyesuaian`, `StokAkhir`, `SN`, `HPP`, `SubTotalHPP`, `Keterangan`, `DateCreated`, `CreatedBy`) VALUES
(2, 1, 5, '2024-01-01', 1, 1, 'PB/SPN/2024/01/001', 3, 3, NULL, 1633541, 4900623, 'Penerimaan Barang; No. Faktur PB/SPN/2024/01/001; Tgl. 01/01/2024', '2024-01-09 15:55:48', 1);
INSERT INTO `tb_kartu_stok_gudang` (`IDKartuStok`, `IDGudang`, `IDBarang`, `Tanggal`, `Tipe`, `Source`, `NoFaktur`, `StokPenyesuaian`, `StokAkhir`, `SN`, `HPP`, `SubTotalHPP`, `Keterangan`, `DateCreated`, `CreatedBy`) VALUES
(3, 1, 89, '2024-01-01', 1, 1, 'PB/SPN/2024/01/001', 2, 2, NULL, 2988300, 5976600, 'Penerimaan Barang; No. Faktur PB/SPN/2024/01/001; Tgl. 01/01/2024', '2024-01-09 15:55:48', 1);
INSERT INTO `tb_kartu_stok_gudang` (`IDKartuStok`, `IDGudang`, `IDBarang`, `Tanggal`, `Tipe`, `Source`, `NoFaktur`, `StokPenyesuaian`, `StokAkhir`, `SN`, `HPP`, `SubTotalHPP`, `Keterangan`, `DateCreated`, `CreatedBy`) VALUES
(4, 1, 6, '2024-01-01', 1, 1, 'PB/SPN/2024/01/001', 3, 3, NULL, 2106630, 6319890, 'Penerimaan Barang; No. Faktur PB/SPN/2024/01/001; Tgl. 01/01/2024', '2024-01-09 15:55:48', 1),
(5, 1, 22, '2024-01-01', 1, 1, 'PB/SPN/2024/01/001', 9, 9, NULL, 2939710, 26457390, 'Penerimaan Barang; No. Faktur PB/SPN/2024/01/001; Tgl. 01/01/2024', '2024-01-09 15:55:48', 1),
(6, 1, 20, '2024-01-01', 1, 1, 'PB/SPN/2024/01/001', 1, 1, NULL, 2303178, 2303178, 'Penerimaan Barang; No. Faktur PB/SPN/2024/01/001; Tgl. 01/01/2024', '2024-01-09 15:55:48', 1),
(7, 1, 21, '2024-01-01', 1, 1, 'PB/SPN/2024/01/001', 8, 8, NULL, 2672464, 21379712, 'Penerimaan Barang; No. Faktur PB/SPN/2024/01/001; Tgl. 01/01/2024', '2024-01-09 15:55:48', 1),
(8, 1, 49, '2024-01-01', 1, 1, 'PB/SPN/2024/01/001', 3, 3, NULL, 33745615, 101236845, 'Penerimaan Barang; No. Faktur PB/SPN/2024/01/001; Tgl. 01/01/2024', '2024-01-09 15:55:48', 1),
(9, 1, 48, '2024-01-01', 1, 1, 'PB/SPN/2024/01/001', 2, 2, NULL, 17945673, 35891346, 'Penerimaan Barang; No. Faktur PB/SPN/2024/01/001; Tgl. 01/01/2024', '2024-01-09 15:55:48', 1),
(10, 1, 91, '2024-01-01', 1, 1, 'PB/SPN/2024/01/001', 3, 3, NULL, 23622415, 70867245, 'Penerimaan Barang; No. Faktur PB/SPN/2024/01/001; Tgl. 01/01/2024', '2024-01-09 15:55:48', 1),
(11, 1, 37, '2024-01-01', 1, 1, 'PB/SPN/2024/01/001', 2, 2, NULL, 8519956, 17039912, 'Penerimaan Barang; No. Faktur PB/SPN/2024/01/001; Tgl. 01/01/2024', '2024-01-09 15:55:48', 1),
(12, 1, 36, '2024-01-01', 1, 1, 'PB/SPN/2024/01/001', 2, 2, NULL, 6908236, 13816472, 'Penerimaan Barang; No. Faktur PB/SPN/2024/01/001; Tgl. 01/01/2024', '2024-01-09 15:55:48', 1),
(13, 1, 38, '2024-01-01', 1, 1, 'PB/SPN/2024/01/001', 2, 2, NULL, 19713600, 39427200, 'Penerimaan Barang; No. Faktur PB/SPN/2024/01/001; Tgl. 01/01/2024', '2024-01-09 15:55:48', 1),
(14, 1, 27, '2024-01-01', 1, 1, 'PB/SPN/2024/01/001', 5, 5, NULL, 3833770, 19168850, 'Penerimaan Barang; No. Faktur PB/SPN/2024/01/001; Tgl. 01/01/2024', '2024-01-09 15:55:48', 1),
(15, 1, 25, '2024-01-01', 1, 1, 'PB/SPN/2024/01/001', 8, 8, NULL, 3289560, 26316480, 'Penerimaan Barang; No. Faktur PB/SPN/2024/01/001; Tgl. 01/01/2024', '2024-01-09 15:55:48', 1),
(16, 1, 24, '2024-01-01', 1, 1, 'PB/SPN/2024/01/001', 6, 6, NULL, 2998019, 17988114, 'Penerimaan Barang; No. Faktur PB/SPN/2024/01/001; Tgl. 01/01/2024', '2024-01-09 15:55:48', 1),
(17, 1, 49, '2024-01-01', 1, 1, 'PB/SPN/2024/01/002', 1, 4, NULL, 30933480, 30933480, 'Penerimaan Barang; No. Faktur PB/SPN/2024/01/002; Tgl. 01/01/2024', '2024-01-09 15:57:50', 1),
(18, 1, 91, '2024-01-01', 1, 1, 'PB/SPN/2024/01/002', 2, 5, NULL, 21653880, 43307760, 'Penerimaan Barang; No. Faktur PB/SPN/2024/01/002; Tgl. 01/01/2024', '2024-01-09 15:57:50', 1),
(19, 1, 37, '2024-01-01', 1, 1, 'PB/SPN/2024/01/002', 2, 4, NULL, 7454961, 14909922, 'Penerimaan Barang; No. Faktur PB/SPN/2024/01/002; Tgl. 01/01/2024', '2024-01-09 15:57:50', 1),
(20, 1, 38, '2024-01-01', 1, 1, 'PB/SPN/2024/01/002', 1, 3, NULL, 17249400, 17249400, 'Penerimaan Barang; No. Faktur PB/SPN/2024/01/002; Tgl. 01/01/2024', '2024-01-09 15:57:50', 1),
(21, 1, 5, '2024-01-04', 2, 6, 'DO/MMS/2024/01/001', -1, 2, NULL, 1633541, -1633541, 'Surat Jalan; No. Faktur DO/MMS/2024/01/001; Tgl. 04/01/2024', '2024-01-09 16:25:03', 1),
(22, 1, 22, '2024-01-05', 2, 6, 'DO/MMS/2024/01/002', -4, 5, NULL, 2939710, -11758840, 'Surat Jalan; No. Faktur DO/MMS/2024/01/002; Tgl. 05/01/2024', '2024-01-09 16:30:42', 1),
(23, 1, 22, '2024-01-05', 2, 6, 'DO/MMS/2024/01/003', -1, 4, NULL, 2939710, -2939710, 'Surat Jalan; No. Faktur DO/MMS/2024/01/003; Tgl. 05/01/2024', '2024-01-10 10:37:10', 1),
(24, 1, 36, '2024-01-11', 2, 6, 'DO/MMS/2024/01/005', -2, 0, NULL, 6908236, -13816472, 'Surat Jalan; No. Faktur DO/MMS/2024/01/005; Tgl. 11/01/2024', '2024-01-11 08:57:11', 1),
(25, 1, 24, '2024-01-11', 2, 6, 'DO/MMS/2024/01/006', -1, 5, NULL, 2998019, -2998019, 'Surat Jalan; No. Faktur DO/MMS/2024/01/006; Tgl. 11/01/2024', '2024-01-11 09:06:06', 1),
(26, 1, 36, '2024-01-11', 1, 36, 'DO/MMS/2024/01/005', 2, 2, NULL, 6908236, 13816472, 'Pembatalan Surat Jalan; No. Faktur DO/MMS/2024/01/005; Tgl. 11/01/2024', '2024-01-11 10:04:17', 1),
(27, 1, 36, '2024-01-11', 2, 6, 'DO/MMS/2024/01/007', -2, 0, NULL, 6908236, -13816472, 'Surat Jalan; No. Faktur DO/MMS/2024/01/007; Tgl. 11/01/2024', '2024-01-11 10:09:12', 1),
(28, 1, 102, '2024-01-11', 1, 1, 'PB/SPN/2024/01/006', 3, 3, NULL, 167913, 503739, 'Penerimaan Barang; No. Faktur PB/SPN/2024/01/006; Tgl. 11/01/2024', '2024-01-11 14:11:10', 1),
(29, 1, 103, '2024-01-11', 1, 1, 'PB/SPN/2024/01/006', 2, 2, NULL, 308126, 616252, 'Penerimaan Barang; No. Faktur PB/SPN/2024/01/006; Tgl. 11/01/2024', '2024-01-11 14:11:10', 1),
(30, 1, 104, '2024-01-11', 1, 1, 'PB/SPN/2024/01/006', 4, 4, NULL, 71040, 284160, 'Penerimaan Barang; No. Faktur PB/SPN/2024/01/006; Tgl. 11/01/2024', '2024-01-11 14:11:10', 1),
(31, 1, 105, '2024-01-11', 1, 1, 'PB/SPN/2024/01/006', 1, 1, NULL, 173475, 173475, 'Penerimaan Barang; No. Faktur PB/SPN/2024/01/006; Tgl. 11/01/2024', '2024-01-11 14:11:10', 1),
(32, 1, 106, '2024-01-11', 1, 1, 'PB/SPN/2024/01/006', 2, 2, NULL, 121428, 242856, 'Penerimaan Barang; No. Faktur PB/SPN/2024/01/006; Tgl. 11/01/2024', '2024-01-11 14:11:10', 1),
(33, 1, 107, '2024-01-11', 1, 1, 'PB/SPN/2024/01/006', 2, 2, NULL, 290231, 580462, 'Penerimaan Barang; No. Faktur PB/SPN/2024/01/006; Tgl. 11/01/2024', '2024-01-11 14:11:10', 1),
(34, 1, 108, '2024-01-11', 1, 1, 'PB/SPN/2024/01/006', 1, 1, NULL, 202399, 202399, 'Penerimaan Barang; No. Faktur PB/SPN/2024/01/006; Tgl. 11/01/2024', '2024-01-11 14:11:10', 1),
(35, 1, 109, '2024-01-11', 1, 1, 'PB/SPN/2024/01/006', 1, 1, NULL, 68953, 68953, 'Penerimaan Barang; No. Faktur PB/SPN/2024/01/006; Tgl. 11/01/2024', '2024-01-11 14:11:10', 1),
(36, 1, 110, '2024-01-11', 1, 1, 'PB/SPN/2024/01/006', 1, 1, NULL, 27561, 27561, 'Penerimaan Barang; No. Faktur PB/SPN/2024/01/006; Tgl. 11/01/2024', '2024-01-11 14:11:10', 1),
(37, 1, 111, '2024-01-11', 1, 1, 'PB/SPN/2024/01/006', 3, 3, NULL, 113163, 339489, 'Penerimaan Barang; No. Faktur PB/SPN/2024/01/006; Tgl. 11/01/2024', '2024-01-11 14:11:10', 1),
(38, 1, 112, '2024-01-11', 1, 1, 'PB/SPN/2024/01/006', 1, 1, NULL, 264799, 264799, 'Penerimaan Barang; No. Faktur PB/SPN/2024/01/006; Tgl. 11/01/2024', '2024-01-11 14:11:10', 1),
(39, 1, 113, '2024-01-11', 1, 1, 'PB/SPN/2024/01/006', 1, 1, NULL, 233302, 233302, 'Penerimaan Barang; No. Faktur PB/SPN/2024/01/006; Tgl. 11/01/2024', '2024-01-11 14:11:10', 1),
(40, 1, 114, '2024-01-11', 1, 1, 'PB/SPN/2024/01/006', 2, 2, NULL, 293847, 587694, 'Penerimaan Barang; No. Faktur PB/SPN/2024/01/006; Tgl. 11/01/2024', '2024-01-11 14:11:10', 1),
(41, 1, 116, '2024-01-11', 1, 1, 'PB/SPN/2024/01/006', 2, 2, NULL, 469025, 938050, 'Penerimaan Barang; No. Faktur PB/SPN/2024/01/006; Tgl. 11/01/2024', '2024-01-11 14:11:10', 1),
(42, 1, 115, '2024-01-11', 1, 1, 'PB/SPN/2024/01/006', 2, 2, NULL, 232270, 464540, 'Penerimaan Barang; No. Faktur PB/SPN/2024/01/006; Tgl. 11/01/2024', '2024-01-11 14:11:10', 1),
(43, 1, 117, '2024-01-11', 1, 1, 'PB/SPN/2024/01/006', 2, 2, NULL, 168462, 336924, 'Penerimaan Barang; No. Faktur PB/SPN/2024/01/006; Tgl. 11/01/2024', '2024-01-11 14:11:10', 1),
(44, 1, 118, '2024-01-11', 1, 1, 'PB/SPN/2024/01/006', 2, 2, NULL, 98765, 197530, 'Penerimaan Barang; No. Faktur PB/SPN/2024/01/006; Tgl. 11/01/2024', '2024-01-11 14:11:10', 1),
(45, 1, 119, '2024-01-11', 1, 1, 'PB/SPN/2024/01/006', 3, 3, NULL, 96978, 290934, 'Penerimaan Barang; No. Faktur PB/SPN/2024/01/006; Tgl. 11/01/2024', '2024-01-11 14:11:10', 1),
(46, 1, 120, '2024-01-11', 1, 1, 'PB/SPN/2024/01/006', 2, 2, NULL, 479520, 959040, 'Penerimaan Barang; No. Faktur PB/SPN/2024/01/006; Tgl. 11/01/2024', '2024-01-11 14:11:10', 1),
(47, 1, 67, '2024-01-11', 1, 1, 'PB/SPN/2024/01/006', 4, 4, NULL, 442000, 1768000, 'Penerimaan Barang; No. Faktur PB/SPN/2024/01/006; Tgl. 11/01/2024', '2024-01-11 14:11:10', 1),
(48, 1, 102, '2024-01-11', 2, 31, 'PB/SPN/2024/01/006', -3, 0, NULL, 167913, -503739, 'Pembatalan Penerimaan Barang; No. Faktur PB/SPN/2024/01/006; Tgl. 11/01/2024', '2024-01-11 15:18:25', 1),
(49, 1, 103, '2024-01-11', 2, 31, 'PB/SPN/2024/01/006', -2, 0, NULL, 308126, -616252, 'Pembatalan Penerimaan Barang; No. Faktur PB/SPN/2024/01/006; Tgl. 11/01/2024', '2024-01-11 15:18:25', 1),
(50, 1, 104, '2024-01-11', 2, 31, 'PB/SPN/2024/01/006', -4, 0, NULL, 71040, -284160, 'Pembatalan Penerimaan Barang; No. Faktur PB/SPN/2024/01/006; Tgl. 11/01/2024', '2024-01-11 15:18:25', 1),
(51, 1, 105, '2024-01-11', 2, 31, 'PB/SPN/2024/01/006', -1, 0, NULL, 173475, -173475, 'Pembatalan Penerimaan Barang; No. Faktur PB/SPN/2024/01/006; Tgl. 11/01/2024', '2024-01-11 15:18:25', 1),
(52, 1, 106, '2024-01-11', 2, 31, 'PB/SPN/2024/01/006', -2, 0, NULL, 121428, -242856, 'Pembatalan Penerimaan Barang; No. Faktur PB/SPN/2024/01/006; Tgl. 11/01/2024', '2024-01-11 15:18:25', 1),
(53, 1, 107, '2024-01-11', 2, 31, 'PB/SPN/2024/01/006', -2, 0, NULL, 290231, -580462, 'Pembatalan Penerimaan Barang; No. Faktur PB/SPN/2024/01/006; Tgl. 11/01/2024', '2024-01-11 15:18:25', 1),
(54, 1, 108, '2024-01-11', 2, 31, 'PB/SPN/2024/01/006', -1, 0, NULL, 202399, -202399, 'Pembatalan Penerimaan Barang; No. Faktur PB/SPN/2024/01/006; Tgl. 11/01/2024', '2024-01-11 15:18:25', 1),
(55, 1, 109, '2024-01-11', 2, 31, 'PB/SPN/2024/01/006', -1, 0, NULL, 68953, -68953, 'Pembatalan Penerimaan Barang; No. Faktur PB/SPN/2024/01/006; Tgl. 11/01/2024', '2024-01-11 15:18:25', 1),
(56, 1, 110, '2024-01-11', 2, 31, 'PB/SPN/2024/01/006', -1, 0, NULL, 27561, -27561, 'Pembatalan Penerimaan Barang; No. Faktur PB/SPN/2024/01/006; Tgl. 11/01/2024', '2024-01-11 15:18:25', 1),
(57, 1, 111, '2024-01-11', 2, 31, 'PB/SPN/2024/01/006', -3, 0, NULL, 113163, -339489, 'Pembatalan Penerimaan Barang; No. Faktur PB/SPN/2024/01/006; Tgl. 11/01/2024', '2024-01-11 15:18:25', 1),
(58, 1, 112, '2024-01-11', 2, 31, 'PB/SPN/2024/01/006', -1, 0, NULL, 264799, -264799, 'Pembatalan Penerimaan Barang; No. Faktur PB/SPN/2024/01/006; Tgl. 11/01/2024', '2024-01-11 15:18:25', 1),
(59, 1, 113, '2024-01-11', 2, 31, 'PB/SPN/2024/01/006', -1, 0, NULL, 233302, -233302, 'Pembatalan Penerimaan Barang; No. Faktur PB/SPN/2024/01/006; Tgl. 11/01/2024', '2024-01-11 15:18:25', 1),
(60, 1, 114, '2024-01-11', 2, 31, 'PB/SPN/2024/01/006', -2, 0, NULL, 293847, -587694, 'Pembatalan Penerimaan Barang; No. Faktur PB/SPN/2024/01/006; Tgl. 11/01/2024', '2024-01-11 15:18:25', 1),
(61, 1, 116, '2024-01-11', 2, 31, 'PB/SPN/2024/01/006', -2, 0, NULL, 469025, -938050, 'Pembatalan Penerimaan Barang; No. Faktur PB/SPN/2024/01/006; Tgl. 11/01/2024', '2024-01-11 15:18:25', 1),
(62, 1, 115, '2024-01-11', 2, 31, 'PB/SPN/2024/01/006', -2, 0, NULL, 232270, -464540, 'Pembatalan Penerimaan Barang; No. Faktur PB/SPN/2024/01/006; Tgl. 11/01/2024', '2024-01-11 15:18:25', 1),
(63, 1, 117, '2024-01-11', 2, 31, 'PB/SPN/2024/01/006', -2, 0, NULL, 168462, -336924, 'Pembatalan Penerimaan Barang; No. Faktur PB/SPN/2024/01/006; Tgl. 11/01/2024', '2024-01-11 15:18:25', 1),
(64, 1, 118, '2024-01-11', 2, 31, 'PB/SPN/2024/01/006', -2, 0, NULL, 98765, -197530, 'Pembatalan Penerimaan Barang; No. Faktur PB/SPN/2024/01/006; Tgl. 11/01/2024', '2024-01-11 15:18:25', 1),
(65, 1, 119, '2024-01-11', 2, 31, 'PB/SPN/2024/01/006', -3, 0, NULL, 96978, -290934, 'Pembatalan Penerimaan Barang; No. Faktur PB/SPN/2024/01/006; Tgl. 11/01/2024', '2024-01-11 15:18:25', 1),
(66, 1, 120, '2024-01-11', 2, 31, 'PB/SPN/2024/01/006', -2, 0, NULL, 479520, -959040, 'Pembatalan Penerimaan Barang; No. Faktur PB/SPN/2024/01/006; Tgl. 11/01/2024', '2024-01-11 15:18:25', 1),
(67, 1, 67, '2024-01-11', 2, 31, 'PB/SPN/2024/01/006', -4, 0, NULL, 442000, -1768000, 'Pembatalan Penerimaan Barang; No. Faktur PB/SPN/2024/01/006; Tgl. 11/01/2024', '2024-01-11 15:18:25', 1),
(68, 1, 37, '2024-01-12', 2, 6, 'DO/MMS/2024/01/008', -2, 2, NULL, 7987458.5, -15974917, 'Surat Jalan; No. Faktur DO/MMS/2024/01/008; Tgl. 12/01/2024', '2024-01-12 08:54:19', 1),
(69, 1, 25, '2024-01-12', 2, 6, 'DO/MMS/2024/01/009', -1, 7, NULL, 3289560, -3289560, 'Surat Jalan; No. Faktur DO/MMS/2024/01/009; Tgl. 12/01/2024', '2024-01-12 08:59:52', 1),
(70, 1, 102, '2024-01-12', 1, 1, 'PB/SPN/2024/01/007', 3, 3, NULL, 167913, 503739, 'Penerimaan Barang; No. Faktur PB/SPN/2024/01/007; Tgl. 12/01/2024', '2024-01-12 11:27:19', 1),
(71, 1, 103, '2024-01-12', 1, 1, 'PB/SPN/2024/01/007', 2, 2, NULL, 308126, 616252, 'Penerimaan Barang; No. Faktur PB/SPN/2024/01/007; Tgl. 12/01/2024', '2024-01-12 11:27:19', 1),
(72, 1, 104, '2024-01-12', 1, 1, 'PB/SPN/2024/01/007', 4, 4, NULL, 71040, 284160, 'Penerimaan Barang; No. Faktur PB/SPN/2024/01/007; Tgl. 12/01/2024', '2024-01-12 11:27:19', 1),
(73, 1, 105, '2024-01-12', 1, 1, 'PB/SPN/2024/01/007', 1, 1, NULL, 173475, 173475, 'Penerimaan Barang; No. Faktur PB/SPN/2024/01/007; Tgl. 12/01/2024', '2024-01-12 11:27:19', 1),
(74, 1, 106, '2024-01-12', 1, 1, 'PB/SPN/2024/01/007', 2, 2, NULL, 121428, 242856, 'Penerimaan Barang; No. Faktur PB/SPN/2024/01/007; Tgl. 12/01/2024', '2024-01-12 11:27:19', 1),
(75, 1, 107, '2024-01-12', 1, 1, 'PB/SPN/2024/01/007', 2, 2, NULL, 290231, 580462, 'Penerimaan Barang; No. Faktur PB/SPN/2024/01/007; Tgl. 12/01/2024', '2024-01-12 11:27:19', 1),
(76, 1, 111, '2024-01-12', 1, 1, 'PB/SPN/2024/01/007', 2, 2, NULL, 113163, 226326, 'Penerimaan Barang; No. Faktur PB/SPN/2024/01/007; Tgl. 12/01/2024', '2024-01-12 11:27:19', 1),
(77, 1, 112, '2024-01-12', 1, 1, 'PB/SPN/2024/01/007', 1, 1, NULL, 264799, 264799, 'Penerimaan Barang; No. Faktur PB/SPN/2024/01/007; Tgl. 12/01/2024', '2024-01-12 11:27:19', 1),
(78, 1, 113, '2024-01-12', 1, 1, 'PB/SPN/2024/01/007', 1, 1, NULL, 233302, 233302, 'Penerimaan Barang; No. Faktur PB/SPN/2024/01/007; Tgl. 12/01/2024', '2024-01-12 11:27:19', 1),
(79, 1, 114, '2024-01-12', 1, 1, 'PB/SPN/2024/01/007', 2, 2, NULL, 293847, 587694, 'Penerimaan Barang; No. Faktur PB/SPN/2024/01/007; Tgl. 12/01/2024', '2024-01-12 11:27:19', 1),
(80, 1, 116, '2024-01-12', 1, 1, 'PB/SPN/2024/01/007', 2, 2, NULL, 469025, 938050, 'Penerimaan Barang; No. Faktur PB/SPN/2024/01/007; Tgl. 12/01/2024', '2024-01-12 11:27:19', 1),
(81, 1, 115, '2024-01-12', 1, 1, 'PB/SPN/2024/01/007', 2, 2, NULL, 232270, 464540, 'Penerimaan Barang; No. Faktur PB/SPN/2024/01/007; Tgl. 12/01/2024', '2024-01-12 11:27:19', 1),
(82, 1, 117, '2024-01-12', 1, 1, 'PB/SPN/2024/01/007', 2, 2, NULL, 168462, 336924, 'Penerimaan Barang; No. Faktur PB/SPN/2024/01/007; Tgl. 12/01/2024', '2024-01-12 11:27:19', 1),
(83, 1, 118, '2024-01-12', 1, 1, 'PB/SPN/2024/01/007', 2, 2, NULL, 98765, 197530, 'Penerimaan Barang; No. Faktur PB/SPN/2024/01/007; Tgl. 12/01/2024', '2024-01-12 11:27:19', 1),
(84, 1, 119, '2024-01-12', 1, 1, 'PB/SPN/2024/01/007', 2, 2, NULL, 96978, 193956, 'Penerimaan Barang; No. Faktur PB/SPN/2024/01/007; Tgl. 12/01/2024', '2024-01-12 11:27:19', 1),
(85, 1, 120, '2024-01-12', 1, 1, 'PB/SPN/2024/01/007', 2, 2, NULL, 479520, 959040, 'Penerimaan Barang; No. Faktur PB/SPN/2024/01/007; Tgl. 12/01/2024', '2024-01-12 11:27:19', 1),
(86, 1, 67, '2024-01-12', 1, 1, 'PB/SPN/2024/01/007', 4, 4, NULL, 442000, 1768000, 'Penerimaan Barang; No. Faktur PB/SPN/2024/01/007; Tgl. 12/01/2024', '2024-01-12 11:27:19', 1),
(87, 1, 117, '2024-01-02', 2, 6, 'DO/MMS/2024/01/010', -1, 1, NULL, 168462, -168462, 'Surat Jalan; No. Faktur DO/MMS/2024/01/010; Tgl. 02/01/2024', '2024-01-12 11:56:24', 1),
(88, 1, 106, '2024-01-02', 2, 6, 'DO/MMS/2024/01/010', -1, 1, NULL, 121428, -121428, 'Surat Jalan; No. Faktur DO/MMS/2024/01/010; Tgl. 02/01/2024', '2024-01-12 11:56:24', 1),
(89, 1, 119, '2024-01-05', 2, 6, 'DO/MMS/2024/01/011', -1, 1, NULL, 96978, -96978, 'Surat Jalan; No. Faktur DO/MMS/2024/01/011; Tgl. 05/01/2024', '2024-01-12 13:26:49', 1),
(90, 1, 106, '2024-01-12', 2, 6, 'DO/MMS/2024/01/012', -1, 0, NULL, 121428, -121428, 'Surat Jalan; No. Faktur DO/MMS/2024/01/012; Tgl. 12/01/2024', '2024-01-12 13:28:05', 1),
(91, 1, 106, '2024-01-12', 1, 36, 'DO/MMS/2024/01/012', 1, 1, NULL, 121428, 121428, 'Pembatalan Surat Jalan; No. Faktur DO/MMS/2024/01/012; Tgl. 12/01/2024', '2024-01-12 13:30:11', 1),
(92, 1, 106, '2024-01-13', 2, 6, 'DO/MMS/2024/01/013', -1, 0, NULL, 121428, -121428, 'Surat Jalan; No. Faktur DO/MMS/2024/01/013; Tgl. 13/01/2024', '2024-01-12 13:30:49', 1),
(93, 1, 27, '2024-01-15', 2, 6, 'DO/MMS/2024/01/014', -1, 4, NULL, 3833770, -3833770, 'Surat Jalan; No. Faktur DO/MMS/2024/01/014; Tgl. 15/01/2024', '2024-01-15 15:39:56', 1),
(94, 1, 38, '2024-01-16', 2, 6, 'DO/MMS/2024/01/015', -1, 2, NULL, 18892200, -18892200, 'Surat Jalan; No. Faktur DO/MMS/2024/01/015; Tgl. 16/01/2024', '2024-01-16 10:17:33', 1),
(95, 1, 38, '2024-01-16', 1, 36, 'DO/MMS/2024/01/015', 1, 3, NULL, 18892200, 18892200, 'Pembatalan Surat Jalan; No. Faktur DO/MMS/2024/01/015; Tgl. 16/01/2024', '2024-01-16 10:22:02', 1),
(96, 1, 25, '2024-01-16', 1, 1, 'PB/SPN/2024/01/010', 7, 14, NULL, 3289559, 23026913, 'Penerimaan Barang; No. Faktur PB/SPN/2024/01/010; Tgl. 16/01/2024', '2024-01-16 11:10:11', 1),
(97, 1, 23, '2024-01-16', 1, 1, 'PB/SPN/2024/01/010', 8, 8, NULL, 2575283, 20602264, 'Penerimaan Barang; No. Faktur PB/SPN/2024/01/010; Tgl. 16/01/2024', '2024-01-16 11:10:11', 1),
(98, 1, 119, '2024-01-16', 2, 6, 'DO/MMS/2024/01/016', -1, 0, NULL, 96978, -96978, 'Surat Jalan; No. Faktur DO/MMS/2024/01/016; Tgl. 16/01/2024', '2024-01-16 14:47:04', 1),
(99, 1, 22, '2024-01-18', 2, 6, 'DO/MMS/2024/01/020', -4, 0, NULL, 2939710, -11758840, 'Surat Jalan; No. Faktur DO/MMS/2024/01/020; Tgl. 18/01/2024', '2024-01-18 10:42:53', 1),
(100, 1, 25, '2024-01-18', 2, 6, 'DO/MMS/2024/01/020', -16, -2, NULL, 3289559.5, -52632952, 'Surat Jalan; No. Faktur DO/MMS/2024/01/020; Tgl. 18/01/2024', '2024-01-18 10:42:53', 1),
(101, 1, 6, '2024-01-18', 2, 6, 'DO/MMS/2024/01/021', -1, 2, NULL, 2106630, -2106630, 'Surat Jalan; No. Faktur DO/MMS/2024/01/021; Tgl. 18/01/2024', '2024-01-18 10:50:33', 1),
(102, 1, 4, '2024-01-18', 1, 1, 'PB/SPN/2024/01/011', 2, 5, NULL, 1362957, 2725914, 'Penerimaan Barang; No. Faktur PB/SPN/2024/01/011; Tgl. 18/01/2024', '2024-01-18 14:34:33', 1),
(103, 1, 5, '2024-01-18', 1, 1, 'PB/SPN/2024/01/011', 7, 9, NULL, 1633541, 11434787, 'Penerimaan Barang; No. Faktur PB/SPN/2024/01/011; Tgl. 18/01/2024', '2024-01-18 14:34:33', 1),
(104, 1, 6, '2024-01-18', 1, 1, 'PB/SPN/2024/01/011', 4, 6, NULL, 2106630, 8426520, 'Penerimaan Barang; No. Faktur PB/SPN/2024/01/011; Tgl. 18/01/2024', '2024-01-18 14:34:33', 1),
(105, 1, 33, '2024-01-18', 1, 1, 'PB/SPN/2024/01/011', 2, 2, NULL, 8491500, 16983000, 'Penerimaan Barang; No. Faktur PB/SPN/2024/01/011; Tgl. 18/01/2024', '2024-01-18 14:34:33', 1),
(106, 1, 38, '2024-01-18', 1, 1, 'PB/SPN/2024/01/011', 1, 4, NULL, 17249400, 17249400, 'Penerimaan Barang; No. Faktur PB/SPN/2024/01/011; Tgl. 18/01/2024', '2024-01-18 14:34:33', 1),
(107, 1, 24, '2024-01-18', 1, 1, 'PB/SPN/2024/01/011', 1, 6, NULL, 2998019, 2998019, 'Penerimaan Barang; No. Faktur PB/SPN/2024/01/011; Tgl. 18/01/2024', '2024-01-18 14:34:33', 1),
(108, 1, 16, '2024-01-18', 1, 1, 'PB/SPN/2024/01/011', 1, 1, NULL, 2619014, 2619014, 'Penerimaan Barang; No. Faktur PB/SPN/2024/01/011; Tgl. 18/01/2024', '2024-01-18 14:34:33', 1),
(109, 1, 33, '2024-01-17', 2, 6, 'DO/MMS/2024/01/022', -2, 0, NULL, 8491500, -16983000, 'Surat Jalan; No. Faktur DO/MMS/2024/01/022; Tgl. 17/01/2024', '2024-01-18 14:48:13', 1),
(110, 1, 38, '2024-01-16', 2, 6, 'DO/MMS/2024/01/023', -1, 3, NULL, 18481500, -18481500, 'Surat Jalan; No. Faktur DO/MMS/2024/01/023; Tgl. 16/01/2024', '2024-01-18 14:55:06', 1),
(111, 1, 95, '2024-01-19', 1, 1, 'PB/SPN/2024/01/012', 5, 5, NULL, 250000, 1250000, 'Penerimaan Barang; No. Faktur PB/SPN/2024/01/012; Tgl. 19/01/2024', '2024-01-19 11:54:01', 1);

INSERT INTO `tb_kartu_stok_purchasing` (`IDKartuStok`, `IDGudang`, `IDPenjualan`, `IDBarang`, `Tanggal`, `Tipe`, `Source`, `NoFaktur`, `StokPenyesuaian`, `StokAkhir`, `SN`, `HPP`, `SubTotalHPP`, `Keterangan`, `DateCreated`, `CreatedBy`) VALUES
(1, 1, 8, 13, '2024-01-09', 1, 1, 'PB/SPN/2024/01/003', 1, 1, NULL, 3460425, 3460425, 'Penerimaan Barang; No. Faktur PB/SPN/2024/01/003; Tgl. 09/01/2024', '2024-01-10 11:00:11', 1);
INSERT INTO `tb_kartu_stok_purchasing` (`IDKartuStok`, `IDGudang`, `IDPenjualan`, `IDBarang`, `Tanggal`, `Tipe`, `Source`, `NoFaktur`, `StokPenyesuaian`, `StokAkhir`, `SN`, `HPP`, `SubTotalHPP`, `Keterangan`, `DateCreated`, `CreatedBy`) VALUES
(2, 1, 8, 13, '2024-01-09', 2, 6, 'DO/MMS/2024/01/004', -1, 0, NULL, 3460425, -3460425, 'Surat Jalan; No. Faktur DO/MMS/2024/01/004; Tgl. 09/01/2024', '2024-01-10 11:01:26', 1);
INSERT INTO `tb_kartu_stok_purchasing` (`IDKartuStok`, `IDGudang`, `IDPenjualan`, `IDBarang`, `Tanggal`, `Tipe`, `Source`, `NoFaktur`, `StokPenyesuaian`, `StokAkhir`, `SN`, `HPP`, `SubTotalHPP`, `Keterangan`, `DateCreated`, `CreatedBy`) VALUES
(3, 1, 15, 95, '2024-01-10', 1, 1, 'PB/SPN/2024/01/004', 2, 2, NULL, 250000, 500000, 'Penerimaan Barang; No. Faktur PB/SPN/2024/01/004; Tgl. 10/01/2024', '2024-01-10 15:49:52', 1);
INSERT INTO `tb_kartu_stok_purchasing` (`IDKartuStok`, `IDGudang`, `IDPenjualan`, `IDBarang`, `Tanggal`, `Tipe`, `Source`, `NoFaktur`, `StokPenyesuaian`, `StokAkhir`, `SN`, `HPP`, `SubTotalHPP`, `Keterangan`, `DateCreated`, `CreatedBy`) VALUES
(4, 1, 16, 95, '2024-01-10', 1, 1, 'PB/SPN/2024/01/005', 2, 2, NULL, 250000, 500000, 'Penerimaan Barang; No. Faktur PB/SPN/2024/01/005; Tgl. 10/01/2024', '2024-01-10 15:50:40', 1),
(5, 1, 16, 95, '2024-01-11', 2, 6, 'DO/MMS/2024/01/005', -2, 0, NULL, 250000, -500000, 'Surat Jalan; No. Faktur DO/MMS/2024/01/005; Tgl. 11/01/2024', '2024-01-11 08:57:11', 1),
(6, 1, 16, 95, '2024-01-11', 1, 36, 'DO/MMS/2024/01/005', 2, 2, NULL, 250000, 500000, 'Pembatalan Surat Jalan; No. Faktur DO/MMS/2024/01/005; Tgl. 11/01/2024', '2024-01-11 10:04:17', 1),
(7, 1, 16, 95, '2024-01-11', 2, 6, 'DO/MMS/2024/01/007', -2, 0, NULL, 250000, -500000, 'Surat Jalan; No. Faktur DO/MMS/2024/01/007; Tgl. 11/01/2024', '2024-01-11 10:09:12', 1),
(8, 1, 15, 95, '2024-01-12', 2, 6, 'DO/MMS/2024/01/008', -2, 0, NULL, 250000, -500000, 'Surat Jalan; No. Faktur DO/MMS/2024/01/008; Tgl. 12/01/2024', '2024-01-12 08:54:19', 1),
(9, 1, 7, 35, '2024-01-16', 1, 1, 'PB/SPN/2024/01/008', 10, 10, NULL, 17690625, 176906250, 'Penerimaan Barang; No. Faktur PB/SPN/2024/01/008; Tgl. 16/01/2024', '2024-01-16 11:07:46', 1),
(10, 1, 6, 25, '2024-01-16', 1, 1, 'PB/SPN/2024/01/009', 13, 13, NULL, 3289559, 42764267, 'Penerimaan Barang; No. Faktur PB/SPN/2024/01/009; Tgl. 16/01/2024', '2024-01-16 11:09:16', 1),
(11, 1, 6, 23, '2024-01-16', 1, 1, 'PB/SPN/2024/01/009', 2, 2, NULL, 2575283, 5150566, 'Penerimaan Barang; No. Faktur PB/SPN/2024/01/009; Tgl. 16/01/2024', '2024-01-16 11:09:16', 1),
(12, 1, 7, 35, '2024-01-17', 2, 6, 'DO/MMS/2024/01/017', -2, 8, NULL, 17690625, -35381250, 'Surat Jalan; No. Faktur DO/MMS/2024/01/017; Tgl. 17/01/2024', '2024-01-16 16:56:05', 1),
(13, 1, 40, 25, '2024-01-17', 2, 6, 'DO/MMS/2024/01/018', -8, -8, NULL, 0, 0, 'Surat Jalan; No. Faktur DO/MMS/2024/01/018; Tgl. 17/01/2024', '2024-01-17 08:55:23', 1),
(14, 1, 41, 25, '2024-01-17', 2, 6, 'DO/MMS/2024/01/019', -1, -1, NULL, 0, 0, 'Surat Jalan; No. Faktur DO/MMS/2024/01/019; Tgl. 17/01/2024', '2024-01-17 09:21:16', 1),
(15, 1, 38, 25, '2024-01-18', 2, 6, 'DO/MMS/2024/01/020', -16, -16, NULL, 0, 0, 'Surat Jalan; No. Faktur DO/MMS/2024/01/020; Tgl. 18/01/2024', '2024-01-18 10:42:53', 1),
(16, 1, 5, 25, '2024-01-17', 2, 6, 'DO/MMS/2024/01/022', -2, -2, NULL, 0, 0, 'Surat Jalan; No. Faktur DO/MMS/2024/01/022; Tgl. 17/01/2024', '2024-01-18 14:48:13', 1);

INSERT INTO `tb_karyawan` (`IDKaryawan`, `IDProyek`, `IDJabatan`, `IDJabatan2`, `IDDepartement`, `NIK`, `NIK_Manual`, `Nama`, `JenisKelamin`, `AlamatSementara`, `AlamatKTP`, `NoTelp`, `EmailPribadi`, `StatusKaryawan`, `MartialStatus`, `Agama`, `StatusLainnya`, `TahunMasuk`, `BulanMasuk`, `TanggalMasuk`, `NamaAyah`, `AlamatAyah`, `NoTelpAyah`, `NamaIbu`, `AlamatIbu`, `NoTelpIbu`, `NamaSuami`, `AlamatSuami`, `NoTelpSuami`, `NamaWali`, `AlamatWali`, `NoTelpWali`, `Foto`, `Usernm`, `Passwd`, `CardNumber`, `NamaBank1`, `NoRekening1`, `NamaBank2`, `NoRekening2`, `Status`, `TempatLahir`, `TglLahir`, `PendidikanTerakhir`, `JumlahAnak`, `NoKTP`, `AbsentID`, `TanggalResign`, `FileSuratLamaran`, `FileKTP`, `FileKartuKeluarga`, `FileIjasah`, `FileSertifikatAsuransi`, `FileBPJSKesehatan`, `FileBPJSKetenagakerjaan`, `FileSertifikatKeteranganKerja`, `ModifiedBy`, `DateModified`) VALUES
(1, NULL, 1, 0, 0, 'ADM', NULL, 'Administrator', NULL, '-', '-', '-', 'lukito@lintasdaya.com', 'Kontrak', 'Lajang', 'Katolik', 'Spesial', '1999', '01', '01', '-', '-', '-', '-', '-', '-', '-', '-', '-', '-', '-', '-', NULL, 'admin', '202cb962ac59075b964b07152d234b70', '', '-', '-', NULL, NULL, 1, '-', '0000-00-00', 'Tidak Sekolah', '-', '-', NULL, NULL, NULL, NULL, NULL, NULL, NULL, NULL, NULL, NULL, NULL, NULL);
INSERT INTO `tb_karyawan` (`IDKaryawan`, `IDProyek`, `IDJabatan`, `IDJabatan2`, `IDDepartement`, `NIK`, `NIK_Manual`, `Nama`, `JenisKelamin`, `AlamatSementara`, `AlamatKTP`, `NoTelp`, `EmailPribadi`, `StatusKaryawan`, `MartialStatus`, `Agama`, `StatusLainnya`, `TahunMasuk`, `BulanMasuk`, `TanggalMasuk`, `NamaAyah`, `AlamatAyah`, `NoTelpAyah`, `NamaIbu`, `AlamatIbu`, `NoTelpIbu`, `NamaSuami`, `AlamatSuami`, `NoTelpSuami`, `NamaWali`, `AlamatWali`, `NoTelpWali`, `Foto`, `Usernm`, `Passwd`, `CardNumber`, `NamaBank1`, `NoRekening1`, `NamaBank2`, `NoRekening2`, `Status`, `TempatLahir`, `TglLahir`, `PendidikanTerakhir`, `JumlahAnak`, `NoKTP`, `AbsentID`, `TanggalResign`, `FileSuratLamaran`, `FileKTP`, `FileKartuKeluarga`, `FileIjasah`, `FileSertifikatAsuransi`, `FileBPJSKesehatan`, `FileBPJSKetenagakerjaan`, `FileSertifikatKeteranganKerja`, `ModifiedBy`, `DateModified`) VALUES
(6, 0, 1, 0, 0, '1999091001', 'null', 'Lukito', 'L', '-', 'Jl Hayam Wuruk 169, Hayam Wuruk Residence Kav-11, Denpasar', '08123806891', 'lukito@lintasdaya.com', 'Tetap', 'Menikah', 'Katolik', 'Spesial', '1999', '09', '01', 'Musaca Pramono', '-', '0231-210882', '-', '-', '-', 'Linda Subrata', '-', '-', '-', '-', '-', '1999091001.jpg', 'lukito', '9ebfb2857f3bcc4fea564e44ccb63dd4', '0210908919', '-', '-', NULL, NULL, 1, 'Cirebon', '1969-07-09', 'Strata 1 / Diploma 4 (S1/D4)', '1', '5171010907690003', 'null', '0000-00-00', '', '20200921101903_ktp_lukito_pramono.pdf', '20200921101904_kartu_keluarga_lukito_pramono.jpg', '', '', '20230421143038_kis_bpjs_kesehatan_~p_lukito.pdf', '20230424115216_download-1.pdf', '', NULL, NULL);
INSERT INTO `tb_karyawan` (`IDKaryawan`, `IDProyek`, `IDJabatan`, `IDJabatan2`, `IDDepartement`, `NIK`, `NIK_Manual`, `Nama`, `JenisKelamin`, `AlamatSementara`, `AlamatKTP`, `NoTelp`, `EmailPribadi`, `StatusKaryawan`, `MartialStatus`, `Agama`, `StatusLainnya`, `TahunMasuk`, `BulanMasuk`, `TanggalMasuk`, `NamaAyah`, `AlamatAyah`, `NoTelpAyah`, `NamaIbu`, `AlamatIbu`, `NoTelpIbu`, `NamaSuami`, `AlamatSuami`, `NoTelpSuami`, `NamaWali`, `AlamatWali`, `NoTelpWali`, `Foto`, `Usernm`, `Passwd`, `CardNumber`, `NamaBank1`, `NoRekening1`, `NamaBank2`, `NoRekening2`, `Status`, `TempatLahir`, `TglLahir`, `PendidikanTerakhir`, `JumlahAnak`, `NoKTP`, `AbsentID`, `TanggalResign`, `FileSuratLamaran`, `FileKTP`, `FileKartuKeluarga`, `FileIjasah`, `FileSertifikatAsuransi`, `FileBPJSKesehatan`, `FileBPJSKetenagakerjaan`, `FileSertifikatKeteranganKerja`, `ModifiedBy`, `DateModified`) VALUES
(7, NULL, 8, NULL, 0, '1999122002', NULL, 'Ni Made Suwanti', NULL, 'Jl. P.Bungin III/5 Pedungan', '617101580080002', '081236451670', 'anisaja18@yahoo.com', 'Tetap', 'Menikah', 'Hindu', 'Kantor', '1999', '12', '01', '-', '-', '-', '-', '-', '-', '-', '-', '-', '-', '-', '-', NULL, 'anis', '202cb962ac59075b964b07152d234b70', NULL, 'MY BANK', '1111164035', NULL, NULL, 0, NULL, '0000-00-00', NULL, NULL, NULL, NULL, NULL, NULL, NULL, NULL, NULL, NULL, NULL, NULL, NULL, NULL, NULL);
INSERT INTO `tb_karyawan` (`IDKaryawan`, `IDProyek`, `IDJabatan`, `IDJabatan2`, `IDDepartement`, `NIK`, `NIK_Manual`, `Nama`, `JenisKelamin`, `AlamatSementara`, `AlamatKTP`, `NoTelp`, `EmailPribadi`, `StatusKaryawan`, `MartialStatus`, `Agama`, `StatusLainnya`, `TahunMasuk`, `BulanMasuk`, `TanggalMasuk`, `NamaAyah`, `AlamatAyah`, `NoTelpAyah`, `NamaIbu`, `AlamatIbu`, `NoTelpIbu`, `NamaSuami`, `AlamatSuami`, `NoTelpSuami`, `NamaWali`, `AlamatWali`, `NoTelpWali`, `Foto`, `Usernm`, `Passwd`, `CardNumber`, `NamaBank1`, `NoRekening1`, `NamaBank2`, `NoRekening2`, `Status`, `TempatLahir`, `TglLahir`, `PendidikanTerakhir`, `JumlahAnak`, `NoKTP`, `AbsentID`, `TanggalResign`, `FileSuratLamaran`, `FileKTP`, `FileKartuKeluarga`, `FileIjasah`, `FileSertifikatAsuransi`, `FileBPJSKesehatan`, `FileBPJSKetenagakerjaan`, `FileSertifikatKeteranganKerja`, `ModifiedBy`, `DateModified`) VALUES
(13, NULL, 23, NULL, 0, '2009022008', NULL, 'Eleonora Emburima', 'P', 'Jl. dewata Gang 2 No 3, Denpasar', '-', '082144168171', 'lora@wikabali.co.id', 'Tetap', 'Lajang', 'Katolik', 'Kantor', '2009', '02', '01', '-', '-', '--', '-', '-', '-', '-', NULL, '-', '-', '-', '-', NULL, 'lora', '202cb962ac59075b964b07152d234b70', NULL, 'My Bank', '1111167133', NULL, NULL, 0, NULL, '0000-00-00', NULL, NULL, NULL, NULL, NULL, NULL, NULL, NULL, NULL, NULL, NULL, NULL, NULL, NULL, NULL),
(21, NULL, 25, NULL, 4, '2011061014', '2200611051', 'Auryn Herman Gautama', 'L', 'Jl. Kerta Dalem XX no 1 denpasar', '3578102407930004', '081339339680', 'auryn@mitramakmur.net', 'Tetap', 'Lajang', 'Katolik', 'Kantor', '2011', '06', '20', 'Odi Asikin', 'Pekalipan, Cirebon', '085100785588', 'Ingga Tan', 'Pekalipan, Cirebon', '085101783399', NULL, '-', '-', '-', '-', '-', NULL, 'auryn', '202cb962ac59075b964b07152d234b70', '2600834922', 'My Bank', '1111167092', NULL, NULL, 0, 'Surabaya', '1993-07-24', 'Diploma 3 (D3)', NULL, NULL, '12', NULL, NULL, NULL, NULL, NULL, NULL, NULL, NULL, NULL, NULL, NULL),
(23, 0, 11, 0, 4, '2012122016', '2011212060', 'Ni Putu Eka Purnaita', 'P', 'Jl. Pendidikan IV/26 Sidakarya', 'Lingk. Pekandelan Abianbase Gianyar', '082247125182', 'ekapurnaita@gmail.com', 'Tetap', 'Menikah', 'Hindu', 'Kantor', '2012', '12', '01', 'I Nyoman Sutama', 'Lk. Tedung Abianbase Gianyar', '087862493948', 'Ni Wayan Sruti', 'Lk. Tedung Abianbase Gianyar', '087861630036', 'Pande Kadek Yuliadhi', 'Jl. Pendidikan IV/26 Sidakarya', '-', 'Pande Made Kasta', 'Lk. Abianbase Pekandelan Gianyar', '-', NULL, 'eka', '202cb962ac59075b964b07152d234b70', '1036506237', 'Maybank', '1111167120', NULL, NULL, 1, 'Gianyar', '1987-02-08', 'Strata 1 / Diploma 4 (S1/D4)', '1', '5104034802870001', '60', '0000-00-00', NULL, '20200921102712_ktp_ni_putu_eka_purnaita.jpg', '20200921102713_kk.jpeg', NULL, NULL, '20230421143409_kis_bpjs_kesehatan_~eka.pdf', '20230424135549_download-8.pdf', NULL, NULL, NULL),
(27, NULL, 23, 0, 4, '2013121020', '2091213069', 'Robin Asmara Dana', 'L', 'Jl Bedugul Sidakarya Denpasar', '5104062304910001', '085792053485', 'robin@mitramakmur.net', 'Tetap', 'Lajang', 'Hindu', 'Kantor', '2013', '12', '09', 'I Ketut Juena', 'Br Tengah Tegal lalang Gianyar', '-', 'Natalia', 'Br Tengah Tegal lalang Gianyar', '-', '-', '-', '-', '-', '-', '-', NULL, 'robin', '202cb962ac59075b964b07152d234b70', '2599823130', 'My Bank', '1111170750', NULL, NULL, 0, 'null', '0000-00-00', 'null', 'null', 'null', '29', '2018-07-25', NULL, NULL, NULL, NULL, NULL, NULL, NULL, NULL, NULL, NULL),
(33, NULL, 15, 36, 4, '2015041026', '2250415075', 'Ari candra', 'L', 'Jl Kerta Pura Gg Segina No 3', '-', '085258356987', 'info@lintasdaya.com', 'Kontrak', 'Menikah', 'Islam', 'Kantor', '2015', '04', '25', '-', '-', '-', '-', '-', '-', '-', '-', '-', '-', '-', '-', NULL, 'aricandra', '202cb962ac59075b964b07152d234b70', '2599799754', 'My Bank', '1111172723', NULL, NULL, 0, NULL, '0000-00-00', NULL, NULL, NULL, '35', NULL, NULL, NULL, NULL, NULL, NULL, NULL, NULL, NULL, NULL, NULL),
(37, NULL, 12, NULL, 4, '2015111029', NULL, 'Bernadita Dia', 'L', 'Jl Oulau Moyo gang Perumahan Purimas Moyo No 19 X', '5315014207960002', '081236926229', 'info@lintasdaya.com', 'Kontrak', 'Lajang', 'Katolik', 'Kantor', '2015', '11', '01', '-', '-', '-', '-', '-', '-', '-', '-', '-', '-', '-', '-', NULL, 'detri', '202cb962ac59075b964b07152d234b70', NULL, 'My Bank', '1111176258', NULL, NULL, 0, NULL, '0000-00-00', NULL, NULL, NULL, NULL, NULL, NULL, NULL, NULL, NULL, NULL, NULL, NULL, NULL, NULL, NULL),
(40, 0, 23, 0, 4, '2016012032', '2081116071', 'Nani Junita hutapea', 'P', 'Jl. Dukuh Sari, Gang Harum Sari No 2a Denpasar', 'Parsingkaman Sumatera Utara', '085370254709', 'nanijunitahutapea@gmail.com', 'Kontrak', 'Lajang', 'Kristen', 'Kantor', '2016', '01', '08', 'Joni Hutapea', 'Parsingkaman Sumatera Utara', '081397203880', 'Tiorida Tarihoran', 'Parsingkaman Sumatera Utara', '085361987022', '-', '-', '-', '-', '-', '-', NULL, 'nanik', 'd8fb2905faf4d57792ac9988a8c5ed9a', '2599792218', 'My Bank', '1111176079', NULL, NULL, 0, 'Bah Jambi Pematang Siantar', '1990-06-19', 'null', 'null', 'null', '61', '2021-01-23', NULL, '20200921112329_ktp_nani_junita_hutapea.jpg', '20200921112352_kartu_keluarga_nani_junita_hutapea.jpg', NULL, NULL, NULL, NULL, NULL, NULL, NULL),
(45, NULL, 23, 0, 4, '2016092037', NULL, 'Siti Aisyah', 'P', 'Jl Tukad yeh Aye No 3', '-', '08155884000', 'ceichantik.cha@gmail.com', 'Kontrak', 'Janda', 'Islam', 'Kantor', '2016', '09', '01', '-', '-', '-', '-', '-', '-', '-', '-', '-', '-', '-', '-', NULL, 'ica', '202cb962ac59075b964b07152d234b70', NULL, 'maybank', '1217604960', NULL, NULL, 0, '-', '0000-00-00', 'SMA', NULL, '0801084504830007', '56', NULL, NULL, NULL, NULL, NULL, NULL, NULL, NULL, NULL, NULL, NULL),
(47, NULL, 11, 17, 0, '2016112039', '1181116095', 'Yanti Firmawati', 'P', 'Jalan Tukad Banyusari Gang VIII No 19 A', 'Dusun kendenglembu 03/03 Glenmore, Banyuwangi', '082147945353', 'yanti.lintasdaya@gmail.com', 'Kontrak', 'Lajang', 'Islam', 'Kantor', '2016', '11', '18', 'Supriyono', 'Dusun kendenglembu 03/03 Glenmore, Banyuwangi', '082332555063', 'Sudartini', 'Dusun kendenglembu 03/03 Glenmore, Banyuwangi', '082332555074', '-', '-', '-', 'Sartini', '-Dusun kendenglembu 03/03 Glenmore, Banyuwangi', '-', '2016112039.jpg', 'yanti', '06964dce9addb1c5cb5d6e3d9838f733', NULL, 'My Bank', '1111177250', NULL, NULL, 0, 'Banyuwangi', '1997-02-22', 'SMA', '0', '3510106207970004', '52', NULL, NULL, NULL, NULL, NULL, NULL, NULL, NULL, NULL, NULL, NULL),
(50, NULL, 23, 0, 4, '2017041042', NULL, 'I Made Edi Sukrisna', 'L', 'Br. Samu Mekar Bhuana Abiansemal', 'Br. Samu Mekar Bhuana Abiansemal', '081339189486', 'ediwikacvmmsbali@gmail.com', 'Kontrak', 'Lajang', 'Hindu', 'Kantor', '2017', '04', '01', 'null', 'null', 'null', 'null', 'null', 'null', 'null', 'null', 'null', 'null', 'null', 'null', '2017041042.png', 'edisukrisna', '1c734d4a97beb17f657752ae26ea4207', NULL, 'Maybank', '1111177875', NULL, NULL, 0, 'Banjar Samu', '1987-11-26', 'Strata 1 / Diploma 4 (S1/D4)', 'null', '5103032611860004', '-', NULL, NULL, NULL, NULL, NULL, NULL, NULL, NULL, NULL, NULL, NULL),
(51, 0, 2, 9, 4, '2017041043', '2100417100', 'R. Yudha Satrio Prabowo', 'L', 'Jalan Purnawita VIII No 15 Padang Sambian Kelod', 'Jalan Purnawita VIII No 15 Padang Sambian Kelod', '082146119997', 'yudha@mitramakmur.net', 'Tetap', 'Menikah', 'Islam', 'Kantor', '2017', '04', '10', 'R Bambang Prasetya', 'Jalan Purnawita VIII No 15 Padang Sambian Kelod', '08123617710', 'Dwi Rustyawati', 'Jalan Purnawita VIII No 15 Padang Sambian Kelod', '08123617710', '-', '-', '-', '-', '-', '-', NULL, 'yudha', '202cb962ac59075b964b07152d234b70', '2601484506', 'Maybank', '1111177873', NULL, NULL, 1, 'Denpasar', '1990-01-21', 'Strata 1 / Diploma 4 (S1/D4)', '-', '517103210190002', '65', '0000-00-00', NULL, '20200921112723_ktp_r._yudha_satrio_prabowo.jpeg', '20200921112726_kartu_keluarga_r._yudha_satrio_prabowo.jpg', NULL, NULL, '20230421145646_kis_bpjs_kesehatan_~yudha.pdf', '20230424140033_download-14.pdf', NULL, NULL, NULL),
(52, NULL, 20, 0, 4, '2017041044', '2170417101', 'Marcello Imanuel Mariano Serowero', 'L', 'Jalan Raya Jagapati, Desa Jagapati Perumahan Taman Sari E/1', 'Jalan Raya Jagapati, Desa Jagapati Perumahan Taman Sari E/1', '089660909030', 'marcelloimanuel25@gmail.com', 'Kontrak', 'Lajang', 'Katolik', 'Kantor', '2017', '04', '17', 'Ignatius Laviano Serowero', 'Jalan Raya Jagapati, Desa Jagapati Perumahan Taman Sari E/1', '081338405018', 'Frederika Elisabeth Naha', 'Jalan Raya Jagapati, Desa Jagapati Perumahan Taman Sari E/1', '081338405018', '-', '-', '-', '-', '-', '-', NULL, 'marcell', '356b2016ccf2bd3df9a1c78972749524', '2695241364', '-', '-', NULL, NULL, 0, 'Borong', '1998-03-25', 'SMA', NULL, '5103032503980003', '-', NULL, NULL, NULL, NULL, NULL, NULL, NULL, NULL, NULL, NULL, NULL),
(53, NULL, 1, 0, 4, '1999121045', NULL, 'Lukito Pramono MMS', NULL, '-', 'Jl Hayam Wuruk 169. Hayam Wuruk Residence Kav-11 Denpasar', '08123806891', 'lukito@lintasdaya.com', 'Tetap', 'Menikah', 'Katolik', 'Spesial', '1999', '12', '01', 'Musaca Pramono', '-', '0231 210882', '-', '-', '-', 'Linda Subrata', '-', '-', '-', '-', '-', NULL, 'Pramono', '202cb962ac59075b964b07152d234b70', '2600183802', '-', '-', NULL, NULL, 1, 'Cirebon', '1969-07-09', 'Strata 1 / Diploma 4 (S1/D4)', '1', '5171010907690003', NULL, NULL, NULL, NULL, NULL, NULL, NULL, NULL, NULL, NULL, NULL, NULL),
(55, NULL, 30, 0, 4, '2017051047', '2150517103', 'I Gusti Bagus Wisnu Aditya Putra', 'L', 'Jl. Anyelir No. 31 Denpasar', 'Dusun Banjar Sidawa, Taman bali - Bangli', '082144114090', 'wisnuaditya107@gmail.com', 'Kontrak', 'Lajang', 'Hindu', 'Kantor', '2017', '05', '15', 'I Gusti Lanang Made', 'Dusun Banjar Sidawa, Taman bali - Bangli', '081338426720', 'A.A.Istri Sribudi', 'Dusun Banjar Sidawa, Taman bali - Bangli', '081338426720', '-', '-', '-', '-', '-', '-', NULL, 'wisnu', '21232f297a57a5a743894a0e4a801fc3', '3379162870', 'Maybank', '1111178019', NULL, NULL, 0, 'Bangli', '1994-10-07', 'Strata 1 / Diploma 4 (S1/D4)', '0', '5106020710940003', '58', NULL, NULL, NULL, NULL, NULL, NULL, NULL, NULL, NULL, NULL, NULL),
(60, NULL, 37, 14, 4, '2017051052', NULL, 'Budi Irawan', 'L', 'Jalan Mertasari Gg Bambu II Sidakarya', 'Jalan Mertasari Gg Bambu II Sidakarya', '083119976660', 'info@lintasdaya.com', 'Harian', 'Menikah', 'Islam', 'Kantor', '2017', '05', '01', 'Masturi', 'Jalan Mertasari Gg Bambu II Sidakarya', '081337554375', 'Rusmini', 'Jalan Mertasari Gg Bambu II Sidakarya', '081337554375', 'Ni Made Laraswati', 'Jalan Mertasari Gg Bambu II Sidakarya', '-', '-', '-', '-', NULL, 'budi', '202cb962ac59075b964b07152d234b70', NULL, 'Maybank', '-', NULL, NULL, 0, 'Magetan', '1990-07-01', 'SMA', '1', '3520020107900026', NULL, NULL, NULL, NULL, NULL, NULL, NULL, NULL, NULL, NULL, NULL, NULL),
(61, 0, 15, 0, 4, '2012031053', 'null', 'Muhammad Nasir', 'L', 'Jl. Raya Kuta no 72', 'Dusun Krajan I Rt/Rw 004/006 Keting - Jombang', '085857493319', 'info@lintasdaya.com', 'Harian', 'Menikah', 'Islam', 'Kantor', '2012', '03', '01', 'Dulmanan', 'Jalan Sanusi Kaligondo Wadung - Genteng Banyuwangi', '-', 'Siti Romelah', 'Jalan Sanusi Kaligondo Wadung - Genteng Banyuwangi', '-', 'Siti Rahayu', 'Jember', '085648064650/0857829', '-', '-', '-', NULL, 'nasir', '202cb962ac59075b964b07152d234b70', '2600770442', 'Maybank', '1111178131', NULL, NULL, 1, 'Banyuwangi', '1978-09-06', 'SMP', '2', '3509010509780003', '3', '0000-00-00', NULL, '20200921114331_ktp_muhamad_nasir.jpeg', '20200921114332_kartu_keluarga_muhamad_nasir.jpeg', NULL, NULL, NULL, NULL, NULL, NULL, NULL),
(62, NULL, 36, 0, 4, '2016031054', '2260318118', 'Julistiono Eko', 'L', 'Jalan Kertapura Gg segina No 3C', 'Dusun Krajan Rt/Rw 001/004 Kaliwining - Rambipuji', '081239396293', 'julizerdieaz.red@gmail.com', 'Kontrak', 'Menikah', 'Islam', 'Proyek', '2016', '03', '01', 'Juli Hariyono', 'Perum Cempaka Blok F17 Jember', '082340564923', 'Liza Usmawati', 'Perum Cempaka Blok F17 Jember', '082340564924', 'Yuyun Widiastuti', 'Jalan Kertapura Gg segina No 3C', '082247039446', '-', '-', '-', NULL, 'julistiono', '202cb962ac59075b964b07152d234b70', '2600270426', 'Maybank', '1111178082', NULL, NULL, 0, 'Jember', '1988-12-02', 'SMA', '1', '3509130212880002', NULL, NULL, NULL, NULL, NULL, NULL, NULL, NULL, NULL, NULL, NULL, NULL),
(96, NULL, 2, NULL, 4, '2018101087', '271018088', 'Rey', 'L', NULL, NULL, NULL, NULL, NULL, NULL, NULL, NULL, '2018', '10', '27', NULL, NULL, NULL, NULL, NULL, NULL, NULL, NULL, NULL, NULL, NULL, NULL, NULL, 'Rey', '202cb962ac59075b964b07152d234b70', NULL, NULL, NULL, NULL, NULL, 0, NULL, '0000-00-00', NULL, NULL, NULL, NULL, NULL, NULL, NULL, NULL, NULL, NULL, NULL, NULL, NULL, NULL, NULL),
(97, NULL, 23, 0, 4, '2018112088', '2011118089', 'Uci Astuti', 'P', 'Jl. Tukad Badung no. 16A Denpasar', 'Jl. Dupak Tengah IV no.3 Surabaya', '081999257100', 'info@mms.com', 'Kontrak', 'Janda', 'Islam', 'Kantor', '2018', '11', '01', 'Hartono Wiryo Disuko', 'Jl. Dupak Tengah IV no.3 Surabaya', '0', 'Rochanah', 'Jl. Dupak Tengah IV no.3 Surabaya', '081218527715', '-', '-', '-', 'Wina Hartono', 'Perum. Puri Bunga Nirwana Cluster Bintaro Blok M no.36 Jember', '081237385791', NULL, 'Uci', '202cb962ac59075b964b07152d234b70', NULL, '-', '0', NULL, NULL, 0, 'Surabaya', '1985-07-25', 'SMA', '0', '3578116507850003', '81', NULL, NULL, NULL, NULL, NULL, NULL, NULL, NULL, NULL, NULL, NULL);
INSERT INTO `tb_karyawan` (`IDKaryawan`, `IDProyek`, `IDJabatan`, `IDJabatan2`, `IDDepartement`, `NIK`, `NIK_Manual`, `Nama`, `JenisKelamin`, `AlamatSementara`, `AlamatKTP`, `NoTelp`, `EmailPribadi`, `StatusKaryawan`, `MartialStatus`, `Agama`, `StatusLainnya`, `TahunMasuk`, `BulanMasuk`, `TanggalMasuk`, `NamaAyah`, `AlamatAyah`, `NoTelpAyah`, `NamaIbu`, `AlamatIbu`, `NoTelpIbu`, `NamaSuami`, `AlamatSuami`, `NoTelpSuami`, `NamaWali`, `AlamatWali`, `NoTelpWali`, `Foto`, `Usernm`, `Passwd`, `CardNumber`, `NamaBank1`, `NoRekening1`, `NamaBank2`, `NoRekening2`, `Status`, `TempatLahir`, `TglLahir`, `PendidikanTerakhir`, `JumlahAnak`, `NoKTP`, `AbsentID`, `TanggalResign`, `FileSuratLamaran`, `FileKTP`, `FileKartuKeluarga`, `FileIjasah`, `FileSertifikatAsuransi`, `FileBPJSKesehatan`, `FileBPJSKetenagakerjaan`, `FileSertifikatKeteranganKerja`, `ModifiedBy`, `DateModified`) VALUES
(106, NULL, 12, NULL, 4, '2017122091', NULL, 'Jamini', 'P', '-', 'Dsn. Balerejo II RT/RW 003/002 Kec. Panggungrejo', '0', 'info@mitramakmur.net', 'Harian', 'Menikah', 'Islam', 'Kantor', '2017', '12', '15', '-', '-', '0', '-', NULL, '0', '-', '-', '0', '-', '-', '0', NULL, 'jamini', '202cb962ac59075b964b07152d234b70', NULL, '-', '-', NULL, NULL, 1, 'Blitar', '1975-05-14', NULL, '-', '3505135405750001', '82', '0000-00-00', NULL, NULL, NULL, NULL, NULL, NULL, NULL, NULL, NULL, NULL),
(88, NULL, 34, 0, 0, '2015081079', NULL, 'Mohammad Arik Abdullah', 'L', 'Jl Gunung Karang, Gang Kubu Padi\nSebelah Futsal', 'Dusun Karuk RT/RW 003/016 Desa Tutul Kec. Balung Jember', '085237983165', 'info@lintasdaya.com', 'Harian', 'Lajang', 'Islam', 'Proyek', '2015', '08', '21', NULL, '-', '-', 'Maridah', 'Dusun Karuk RT/RW 003/016 Desa Tutul Kec. Balung Jember', NULL, NULL, '-', '-', NULL, '-', '-', NULL, 'arik', '202cb962ac59075b964b07152d234b70', '3388960037', 'Maybank', '-', NULL, NULL, 0, 'Jember', '1994-01-20', 'SMP', '0', '3509102001940003', NULL, '0000-00-00', NULL, NULL, NULL, NULL, NULL, NULL, NULL, NULL, NULL, NULL),
(95, NULL, 23, 0, 4, '2018051086', '2040518022', 'Mochamad Yunus', 'L', 'Jl Maruti gang 2 no 19 Denpasar', NULL, '083115605002', 'yunus.mmsbali@gmail.com', 'Kontrak', 'Menikah', 'Islam', 'Kantor', '2018', '05', '04', NULL, NULL, NULL, NULL, NULL, NULL, NULL, NULL, NULL, NULL, NULL, NULL, NULL, 'yunus', '52ef93095f0ae71a97a7faf5473cb4bd', NULL, 'Maybank', '-', NULL, NULL, 0, 'Jember', '1981-04-09', NULL, '0', NULL, '80', NULL, NULL, NULL, NULL, NULL, NULL, NULL, NULL, NULL, NULL, NULL),
(112, 0, 15, 0, 1, '2016121096', 'null', 'Budiono', 'L', '-', 'Dusun Karuk RT 003 RW 016 Kel. Tutul Kec. Balung', '081615510422', 'info@lintasdaya.com', 'Harian', 'Menikah', 'Islam', 'Kantor', '2016', '12', '15', '-', '-', '-', '-', '-', '-', '-', '-', '-', 'null', 'Puger, Jember', '085737907580', NULL, 'budiono', '202cb962ac59075b964b07152d234b70', NULL, 'null', 'null', NULL, NULL, 1, 'Jember', '1994-06-12', 'SMP', '-', '3509101206940002', '14', '0000-00-00', NULL, '20221017113801_ktp_budi.jpg', NULL, NULL, NULL, NULL, NULL, NULL, NULL, NULL),
(113, NULL, 33, NULL, 0, '2016121097', NULL, 'Masrur', 'L', NULL, 'Lingk. Tirtopuro RT/RW 003/001 Kel. Kalipuro Kec. Kalipuro Banyuwangi', NULL, 'info@lintasdaya.com', 'Harian', 'Menikah', 'Islam', 'Proyek', '2016', '12', '20', '-', '-', '-', NULL, '-', '-', NULL, '-', '-', NULL, '-', '-', NULL, 'masrur', NULL, NULL, 'BRI', '792501005494532', NULL, NULL, 0, 'Banyuwangi', '1984-03-13', NULL, '-', '3510211303840008', NULL, '0000-00-00', NULL, NULL, NULL, NULL, NULL, NULL, NULL, NULL, NULL, NULL),
(114, 0, 33, 0, 4, '2017091098', 'null', 'Khoirul Anwar', 'L', 'Jl. Raya Kuta, Bali', 'Dusun loji kidul RT 003 RW 001 Kel. Kaliwining Kec. Rambipuji', '082247034577', 'info@lintasdaya.com', 'Harian', 'Lajang', 'Islam', 'Proyek', '2017', '09', '22', '-', '-', '-', 'Nurjannah', 'Jember', '082284137034', '-', '-', '-', '-', '-', '-', NULL, 'irul', NULL, NULL, 'null', 'null', NULL, NULL, 1, 'Jember', '0000-00-00', 'SMP', '-', '3509101206940002', '15', '0000-00-00', NULL, '20221017113834_ktp_irul.jpg', NULL, NULL, NULL, NULL, NULL, NULL, NULL, NULL),
(116, NULL, 43, NULL, 0, '2018031100', NULL, 'Aprianus Bele', 'L', '-', 'Tatakiren RT 009 RW 003 Kel. Bardao Kec. Atambua Barat', NULL, 'info@lintasdaya.com', 'Harian', 'Lajang', 'Katolik', 'Proyek', '2018', '03', '20', NULL, NULL, NULL, NULL, NULL, NULL, NULL, NULL, NULL, NULL, NULL, NULL, NULL, 'aprianus', NULL, NULL, NULL, NULL, NULL, NULL, 0, 'Fatubenao', '1992-04-27', NULL, '-', '5304012704920001', NULL, NULL, NULL, NULL, NULL, NULL, NULL, NULL, NULL, NULL, NULL, NULL),
(117, NULL, 43, NULL, 0, '2018031101', NULL, 'Frit Adit Soleman Ballu', 'L', '-', 'Sedeoen RT 004 RW 004 Kel. Sedeoen Kec. Rote Barat', NULL, 'info@lintasdaya.com', 'Harian', 'Menikah', 'Kristen', 'Proyek', '2018', '03', '20', NULL, NULL, NULL, NULL, NULL, NULL, NULL, NULL, NULL, NULL, NULL, NULL, NULL, 'frit', NULL, NULL, 'BRI', '471801006093535', NULL, NULL, 0, 'Bunioen', '1973-09-19', NULL, '-', '5314071909730003', NULL, NULL, NULL, NULL, NULL, NULL, NULL, NULL, NULL, NULL, NULL, NULL),
(119, NULL, 23, NULL, 4, '2019021103', '2160219103', 'Narto Efendi', 'L', 'Sanur', 'jl.Raya Situbondo Wonorejo RT16 RW 16 Banyuwangi', '81236360656', NULL, 'Kontrak', 'Menikah', 'Islam', 'Kantor', '2019', '02', '16', 'Meselan', '-', '-', 'Peni', '-', '-', '-', '-', 'Angesti NN', 'Kakak kandung Rusdi                                                          Jl. Raya Jember', '-', '081236917391', NULL, 'Narto', '202cb962ac59075b964b07152d234b70', NULL, '-', '-', NULL, NULL, 0, 'Situbondo', '1982-05-05', 'SMA', '1', '5103050505820006', '2', NULL, NULL, NULL, NULL, NULL, NULL, NULL, NULL, NULL, NULL, NULL),
(168, NULL, 44, NULL, 4, '2020011148', NULL, 'Putu Eka Parartadarma Bukian', 'L', 'Jl. Tukad Batanghari No. 10B', 'Br. Dinas Jero Wargi, Desa Bungkulan, Kecamatan Sawan', NULL, 'ekabukian@yahoo.com', 'Kontrak', 'Lajang', 'Hindu', 'Kantor', '2020', '01', '27', 'Made Suhendra Wangsa Bukian', 'Br. Dinas Jero Wargi, Desa Bungkulan, Kecamatan Sawan', '087863243337', 'Nyoman supandri', 'Br. Dinas Jero Wargi, Desa Bungkulan, Kecamatan Sawan', '087863243338', '-', '-', '-', '-', '-', '-', NULL, 'putueka', '202cb962ac59075b964b07152d234b70', NULL, NULL, NULL, NULL, NULL, 0, 'Singaraja', '1997-06-27', 'Diploma 3 (D3)', NULL, '5108072706970003', '9', '0000-00-00', NULL, NULL, NULL, NULL, NULL, NULL, NULL, NULL, NULL, NULL),
(173, NULL, 23, NULL, 4, '2020022153', '2270220135', 'I Gusti Agung Putri Laksmi N,S,PSI', 'P', 'Jl. Sesetan Raya Gg. Taman Sari Dalam', NULL, '081339337645', 'laksmi.mitramakmur@gmail.com', 'Kontrak', 'Lajang', 'Hindu', 'Kantor', '2020', '02', '27', 'I Gusti Agung Putu Wedhana', 'Br. Lodpeken Keramas - Gianyar', '087761381797', 'Sunarsih', 'Br. Lodpeken Keramas - Gianyar', '-', '-', '-', '-', '-', '-', '-', NULL, 'putri', '202cb962ac59075b964b07152d234b70', NULL, NULL, NULL, NULL, NULL, 0, 'Jakarta', '1979-05-09', 'Strata 1 / Diploma 4 (S1/D4)', '0', '5104024905790004', '5', '2022-02-26', NULL, NULL, NULL, NULL, NULL, NULL, NULL, NULL, NULL, NULL),
(174, NULL, 23, NULL, 4, '2020022154', '2260220134', 'Sri Mawar', 'P', 'Jl. Tuan Lange, No. 20A Kuta, Badung', 'Beras Bash Pangkalan Susu', '082272948224', 'mawar.mitramakmur@gmail.com', 'Kontrak', 'Menikah', 'Islam', 'Kantor', '2020', '02', '26', 'Ahmad Umar', 'Jl. Pangkalan Brandan, Kel. Beras Basah, Kec. Pangkalan Susu, Gg. Baru, Link VI, Kab. Langkat Sumatra Utara', '085360092626', 'Sabariah', 'Jl. Pangkalan Brandan, Kel. Beras Basah, Kec. Pangkalan Susu, Gg. Baru, Link VI, Kab. Langkat Sumatra Utara', '-', 'Doni Priambodo', '-', '-', 'Vitta', 'Jl. Pulau Bungin', '087755808077', NULL, 'mawar', '202cb962ac59075b964b07152d234b70', NULL, NULL, NULL, NULL, NULL, 0, 'Pangkalan Susu', '1993-06-22', 'SMA', '1', '1205156202930004', '4', '2021-03-26', NULL, NULL, NULL, NULL, NULL, NULL, NULL, NULL, NULL, NULL),
(209, NULL, 23, NULL, 4, '2021011187', '2040121141', 'Franky Wijaya', 'L', NULL, '1.jl Karya Dharma no 80 Medan\n2.jl Tukad Balian gg Sawah No.1 Renon Desnpasr selatan80225(sebelah Cempaka Living', '08387772215  0831877', 'frankywijaya86@gmail.com', 'Kontrak', 'Duda', 'Katolik', 'Kantor', '2021', '01', '04', 'Ng Cie Ming', NULL, '0823 6957 7876', 'Natalia Suarni', NULL, NULL, NULL, NULL, NULL, NULL, NULL, NULL, NULL, 'franky', '202cb962ac59075b964b07152d234b70', NULL, NULL, NULL, NULL, NULL, 0, 'Medan', '1986-10-20', 'SMA', '1', '127116201086001', '6', '0000-00-00', NULL, NULL, NULL, NULL, NULL, NULL, NULL, NULL, NULL, NULL),
(215, NULL, 23, NULL, 4, '2021011193', '2110121142', 'Rizky Ramadhan', 'L', NULL, 'Jl. Gn Lempuyang VI/2 Dps, Br. Bhuana Sari, Desa Tegal Kerta, Kec Denpasar Barat', '081916197205', 'rizkir0328@gmail.com', 'Kontrak', 'Lajang', 'Islam', 'Kantor', '2021', '01', '11', 'Rizl Iskandar', 'Jl. Gn Lempuyang VI/2 Dps, Br. Bhuana Sari, Desa Tegal Kerta, Kec Denpasar Barat', '08532 373 60033', 'Ruky Handayani', NULL, NULL, NULL, NULL, NULL, NULL, NULL, NULL, NULL, 'ramadhan', '202cb962ac59075b964b07152d234b70', NULL, NULL, NULL, NULL, NULL, 0, 'Denpasar', '1990-03-28', NULL, NULL, '5171032803900003', '7', '2021-11-03', NULL, NULL, NULL, NULL, NULL, NULL, NULL, NULL, NULL, NULL),
(239, NULL, 24, NULL, 4, '2021042216', '2010421144', 'Ni Made Aryantini', 'P', NULL, 'Br. Dinas Lusuh Kangin, Desa Pering Sari, Kecamatan Selat', '087898040408', 'madearyantini996@gmail.com', 'Kontrak', 'Lajang', 'Hindu', 'Kantor', '2021', '04', '01', NULL, NULL, NULL, NULL, NULL, NULL, NULL, NULL, NULL, NULL, NULL, NULL, NULL, 'aryantini', 'a2d82898d5c102e3a53c36078478a102', NULL, NULL, NULL, NULL, NULL, 1, 'Lusuh Kangin', '1996-08-25', NULL, NULL, '5107076508960001', '8', '0000-00-00', NULL, NULL, NULL, NULL, NULL, NULL, NULL, NULL, NULL, NULL),
(242, NULL, 2, NULL, 4, '2021012219', NULL, 'Eka Accounting MMS', 'P', NULL, NULL, NULL, NULL, NULL, NULL, NULL, 'Kantor', '2021', '01', '01', NULL, NULL, NULL, NULL, NULL, NULL, NULL, NULL, NULL, NULL, NULL, NULL, NULL, 'ekaaccmms', '202cb962ac59075b964b07152d234b70', NULL, NULL, NULL, NULL, NULL, 0, NULL, '0000-00-00', NULL, NULL, NULL, NULL, '0000-00-00', NULL, NULL, NULL, NULL, NULL, NULL, NULL, NULL, NULL, NULL),
(257, NULL, 2, NULL, 4, '2021062234', '2260621146', 'Hanifatus Shofiyah', 'P', NULL, NULL, NULL, NULL, 'Kontrak', NULL, 'Islam', 'Kantor', '2021', '06', '26', NULL, NULL, NULL, NULL, NULL, NULL, NULL, NULL, NULL, NULL, NULL, NULL, NULL, 'hanishopie', '836bd4770ca73c5c9d02ca3a6f52493e', NULL, 'Danamon', '003626875169', NULL, NULL, 0, NULL, '0000-00-00', NULL, NULL, NULL, '112', '2023-02-26', NULL, NULL, NULL, NULL, NULL, NULL, NULL, NULL, NULL, NULL),
(281, NULL, 43, NULL, 4, '2021011257', '2050121020', 'ALif', 'L', NULL, NULL, NULL, NULL, 'Harian', NULL, NULL, 'Proyek', '2021', '01', '05', NULL, NULL, NULL, NULL, NULL, NULL, NULL, NULL, NULL, NULL, NULL, NULL, NULL, 'alif', '202cb962ac59075b964b07152d234b70', NULL, NULL, NULL, NULL, NULL, 1, NULL, '0000-00-00', NULL, NULL, NULL, '13', '0000-00-00', NULL, NULL, NULL, NULL, NULL, NULL, NULL, NULL, NULL, NULL);
INSERT INTO `tb_karyawan` (`IDKaryawan`, `IDProyek`, `IDJabatan`, `IDJabatan2`, `IDDepartement`, `NIK`, `NIK_Manual`, `Nama`, `JenisKelamin`, `AlamatSementara`, `AlamatKTP`, `NoTelp`, `EmailPribadi`, `StatusKaryawan`, `MartialStatus`, `Agama`, `StatusLainnya`, `TahunMasuk`, `BulanMasuk`, `TanggalMasuk`, `NamaAyah`, `AlamatAyah`, `NoTelpAyah`, `NamaIbu`, `AlamatIbu`, `NoTelpIbu`, `NamaSuami`, `AlamatSuami`, `NoTelpSuami`, `NamaWali`, `AlamatWali`, `NoTelpWali`, `Foto`, `Usernm`, `Passwd`, `CardNumber`, `NamaBank1`, `NoRekening1`, `NamaBank2`, `NoRekening2`, `Status`, `TempatLahir`, `TglLahir`, `PendidikanTerakhir`, `JumlahAnak`, `NoKTP`, `AbsentID`, `TanggalResign`, `FileSuratLamaran`, `FileKTP`, `FileKartuKeluarga`, `FileIjasah`, `FileSertifikatAsuransi`, `FileBPJSKesehatan`, `FileBPJSKetenagakerjaan`, `FileSertifikatKeteranganKerja`, `ModifiedBy`, `DateModified`) VALUES
(305, NULL, 4, NULL, 4, '2013022281', NULL, 'Sumyartini MMS', 'P', NULL, NULL, NULL, NULL, 'Tetap', NULL, NULL, 'Kantor', '2013', '02', '25', NULL, NULL, NULL, NULL, NULL, NULL, NULL, NULL, NULL, NULL, NULL, NULL, NULL, 'ninik', '202cb962ac59075b964b07152d234b70', NULL, NULL, NULL, NULL, NULL, 0, NULL, '0000-00-00', NULL, NULL, NULL, '11', '0000-00-00', NULL, NULL, NULL, NULL, NULL, NULL, NULL, NULL, NULL, NULL),
(314, NULL, 23, NULL, 4, '2022031290', '2290322153', 'Karindo Tenggera Ginting', 'L', NULL, 'Jl. Tukad Jinah 27 B Renon', '081236675922', NULL, 'Kontrak', NULL, 'Islam', 'Kantor', '2022', '03', '29', 'Suantoni Ginting', NULL, '08124910000', 'Sulistio Rini', NULL, NULL, NULL, NULL, NULL, NULL, NULL, NULL, NULL, 'Rino', '202cb962ac59075b964b07152d234b70', NULL, NULL, NULL, NULL, NULL, 0, 'Malang,', '1996-07-05', 'Diploma 3 (D3)', NULL, '5171010507960007', '16', '2022-06-18', NULL, NULL, NULL, NULL, NULL, NULL, NULL, NULL, NULL, NULL),
(315, NULL, 23, NULL, 4, '2022041291', '204042022154', 'Eko Tri Waluyo', 'L', NULL, NULL, '085792116607', NULL, 'Kontrak', 'Menikah', 'Islam', 'Kantor', '2022', '04', '04', NULL, NULL, NULL, NULL, NULL, NULL, NULL, NULL, NULL, NULL, NULL, NULL, NULL, 'eko', '202cb962ac59075b964b07152d234b70', NULL, NULL, NULL, NULL, NULL, 0, 'Probollinggo', '1981-03-12', 'SMA', NULL, '350792116607', '17', '2022-04-12', NULL, NULL, NULL, NULL, NULL, NULL, NULL, NULL, NULL, NULL),
(354, NULL, 23, 23, 4, '2022081330', NULL, 'Eko Tri waluyo', 'L', NULL, NULL, NULL, NULL, 'Kontrak', 'Menikah', 'Islam', 'Kantor', '2022', '08', '5', NULL, NULL, NULL, NULL, NULL, NULL, NULL, NULL, NULL, NULL, NULL, NULL, NULL, 'waluyo', '81dc9bdb52d04dc20036dbd8313ed055', NULL, NULL, NULL, NULL, NULL, 0, NULL, '0000-00-00', NULL, NULL, NULL, '17', '0000-00-00', NULL, NULL, NULL, NULL, NULL, NULL, NULL, NULL, NULL, NULL),
(409, 0, 9, 9, 4, '2022111384', 'null', 'I Putu  Aris Saputra', 'L', 'null', 'Perean Tengah Kecamatan Baturiti', '081246100920', 'tuaris.id@gmail.com', 'Kontrak', 'Menikah', 'Hindu', 'Kantor', '2022', '11', '28', 'null', 'null', 'null', 'null', 'null', 'null', 'null', 'null', 'null', 'null', 'null', 'null', NULL, 'Aris', '202cb962ac59075b964b07152d234b70', NULL, 'null', 'null', NULL, NULL, 1, 'Kukub', '1995-04-09', 'null', '2', '5102090904950001', '18', '0000-00-00', NULL, '20221129161105_ktp.pdf', NULL, NULL, NULL, NULL, '20230424141114_download-28.pdf', NULL, NULL, NULL),
(457, 0, 2, 0, 4, '2023031431', '2010323163', 'Sigit Wahyu Tri Apriyanto~LD', 'L', 'Jl. Kresek Gg Ikan Arwana B7\r\nSesetan\r\n80223 Denpasar', '-', '087861047848', 'Sigit.Wahyu0304@gmail.com', 'Kontrak', NULL, 'Islam', 'Kantor', '2023', '03', '01', 'null', 'null', 'null', 'null', 'null', 'null', 'null', 'null', 'null', 'null', 'null', 'null', NULL, 'sigit wahyu', '9701a1c165dd9420816bfec5edd6c2b1', NULL, 'null', 'null', NULL, NULL, 1, 'Purworejo', '1979-04-03', 'null', 'null', '5171010304790001', '19', '0000-00-00', '20230301091738_lamaran_kerja_sigit_180223_(1).docx', '20230301091738_4._ktp_sigit.pdf', NULL, NULL, NULL, NULL, NULL, NULL, NULL, NULL),
(471, 0, 24, 0, 4, '2023042445', '2100423164', 'Ni Komang Ayistrayani', 'P', 'null', 'Br Pagutan Kelod\r\nDesa Sukawati', 'null', 'ayistrayani123@gmail.com', 'Kontrak', 'Lajang', 'Hindu', 'Kantor', '2023', '04', '10', 'null', 'null', 'null', 'null', 'null', 'null', 'null', 'null', 'null', 'null', 'null', 'null', NULL, 'ayis', '202cb962ac59075b964b07152d234b70', NULL, 'null', 'null', NULL, NULL, 1, 'Gianyar', '1998-12-09', 'null', 'null', '5104014912980002', '20', '0000-00-00', NULL, '20230412110408_whatsapp_image_2023-04-12_at_10.51.45.jpeg', NULL, NULL, NULL, NULL, NULL, NULL, NULL, NULL),
(476, NULL, 2, NULL, 4, '2023042450', NULL, 'Nur Idayani~ MMS', 'P', NULL, NULL, NULL, NULL, 'Kontrak', NULL, 'Islam', NULL, '2023', '04', '05', NULL, NULL, NULL, NULL, NULL, NULL, NULL, NULL, NULL, NULL, NULL, NULL, NULL, 'nur yani', '202cb962ac59075b964b07152d234b70', NULL, NULL, NULL, NULL, NULL, 1, NULL, '0000-00-00', NULL, NULL, NULL, NULL, '0000-00-00', NULL, NULL, NULL, NULL, NULL, NULL, NULL, NULL, NULL, NULL),
(488, NULL, 9, 9, 3, '2024012451', '01012024', 'ASC', 'P', '-', '-', '-', 'mail.aristonbali@gmail.com', NULL, NULL, NULL, NULL, '2024', '01', '01', NULL, NULL, NULL, NULL, NULL, NULL, NULL, NULL, NULL, NULL, NULL, NULL, NULL, 'ASC', '202cb962ac59075b964b07152d234b70', NULL, NULL, NULL, NULL, NULL, 1, '-', '2024-01-01', 'SMA', NULL, '123456789', NULL, '0000-00-00', NULL, NULL, NULL, NULL, NULL, NULL, NULL, NULL, NULL, NULL);





INSERT INTO `tb_master_rekening` (`IDRekening`, `KodeRekening`, `NamaRekening`, `IDCurrency`, `IDParent`, `Posisi`, `Tipe`, `SaldoAwal`, `Kurs`, `TanggalSaldoAwal`) VALUES
(1, '1-0000', 'AKTIVA', 1, 0, 'Debet', 'H', 0.00, 0.00, NULL);
INSERT INTO `tb_master_rekening` (`IDRekening`, `KodeRekening`, `NamaRekening`, `IDCurrency`, `IDParent`, `Posisi`, `Tipe`, `SaldoAwal`, `Kurs`, `TanggalSaldoAwal`) VALUES
(2, '1-1000', 'AKTIVA LANCAR', 1, 1, 'Debet', 'H', 0.00, 0.00, NULL);
INSERT INTO `tb_master_rekening` (`IDRekening`, `KodeRekening`, `NamaRekening`, `IDCurrency`, `IDParent`, `Posisi`, `Tipe`, `SaldoAwal`, `Kurs`, `TanggalSaldoAwal`) VALUES
(3, '1-1100', 'KAS & BANK', 1, 2, 'Debet', 'H', 0.00, 0.00, NULL);
INSERT INTO `tb_master_rekening` (`IDRekening`, `KodeRekening`, `NamaRekening`, `IDCurrency`, `IDParent`, `Posisi`, `Tipe`, `SaldoAwal`, `Kurs`, `TanggalSaldoAwal`) VALUES
(4, '1-1110', 'KAS', 1, 3, 'Debet', 'H', 0.00, 0.00, '2016-08-01'),
(6, '1-1130', 'BANK', 1, 3, 'Debet', 'H', 0.00, 0.00, NULL),
(7, '1-1131', 'BANK BNI LP (LD 781.578.1590)', 1, 6, 'Debet', 'D', 0.00, 0.00, '2016-08-01'),
(8, '1-1132', 'BANK BNIPRK (LD 042.010.4149)', 1, 6, 'Debet', 'D', 0.00, 0.00, '2016-08-01'),
(9, '1-1133', 'BANK BNI CV ( MMS 891.589.1591)', 1, 6, 'Debet', 'D', 0.00, 0.00, '2016-08-01'),
(115, '6-6000', 'BIAYA PROYEK', 1, 73, 'Debet', 'H', 0.00, 0.00, '2016-08-01'),
(11, '1-1200', 'PIUTANG', 1, 1, 'Debet', 'H', 0.00, 0.00, NULL),
(12, '1-1210', 'PIUTANG PROGRES LD', 1, 11, 'Debet', 'D', 0.00, 0.00, '2016-08-01'),
(13, '1-1220', 'PIUTANG GAJI', 1, 11, 'Debet', 'D', 0.00, 0.00, '2016-08-01'),
(14, '1-1230', 'PATTY CASH YUDA', 1, 11, 'Debet', 'D', 0.00, 0.00, '2016-08-01'),
(15, '1-1300', 'PERSEDIAAN', 1, 1, 'Debet', 'H', 0.00, 0.00, NULL),
(16, '1-1310', 'PERSEDIAAN BARANG ME ', 1, 15, 'Debet', 'D', 0.00, 0.00, '2016-08-01'),
(17, '1-1400', 'BIAYA DIBAYAR DIMUKA', 1, 1, 'Debet', 'H', 0.00, 0.00, NULL),
(18, '1-1410', 'DP PO MMS', 1, 17, 'Debet', 'D', 0.00, 0.00, '2016-08-01'),
(19, '1-1420', 'SEWA DIBAYAR DIMUKA', 1, 17, 'Debet', 'D', 0.00, 0.00, '2016-08-01'),
(20, '1-1430', 'ASURANSI DIBAYAR DIMUKA', 1, 17, 'Debet', 'D', 0.00, 0.00, '2016-08-01'),
(21, '1-1500', 'PAJAK', 1, 1, 'Debet', 'H', 0.00, 0.00, NULL),
(23, '1-1520', 'PAJAK MASUKAN MAINTENANCE', 1, 21, 'Debet', 'D', 0.00, 0.00, '2016-08-01'),
(24, '1-1530', 'PAJAK DIBAYAR DIMUKA LAINNYA', 1, 21, 'Debet', 'D', 0.00, 0.00, '2016-08-01'),
(25, '1-2000', 'AKTIVA TETAP', 1, 1, 'Debet', 'H', 0.00, 0.00, NULL),
(26, '1-2100', 'TANAH', 1, 25, 'Debet', 'D', 0.00, 0.00, '2016-08-01'),
(27, '1-2210', 'BANGUNAN/GEDUNG', 1, 25, 'Debet', 'D', 0.00, 0.00, '2016-08-01'),
(28, '1-2211', 'AKUMULASI PENYUSUTAN GEDUNG', 1, 25, 'Debet', 'D', 0.00, 0.00, '2016-08-01'),
(29, '1-2310', 'INVENTARIS KENDARAAN', 1, 25, 'Debet', 'D', 0.00, 0.00, '2016-08-01'),
(30, '1-2311', 'AKUMULASI PENYUSUTAN KENDARAAN', 1, 25, 'Debet', 'D', 0.00, 0.00, '2016-08-01'),
(31, '1-2410', 'PERALATAN', 1, 25, 'Debet', 'D', 0.00, 0.00, '2016-08-01'),
(32, '1-2411', 'AKUMULASI PENYUSUTAN PERALATAN', 1, 25, 'Debet', 'D', 0.00, 0.00, '2016-08-01'),
(33, '1-2500', 'INVESTASI', 1, 25, 'Debet', 'H', 0.00, 0.00, NULL),
(34, '1-2510', 'DEPOSITO', 1, 33, 'Debet', 'D', 0.00, 0.00, '2016-08-01'),
(35, '1-2520', 'SAHAM', 1, 33, 'Debet', 'D', 0.00, 0.00, '2016-08-01'),
(36, '1-2530', 'INVESTASI LAINNYA', 1, 33, 'Debet', 'D', 0.00, 0.00, '2016-08-01'),
(37, '1-2800', 'ASET TIDAK BERWUJUD', 1, 1, 'Debet', 'H', 0.00, 0.00, NULL),
(38, '1-2810', 'TRADEMARK/MERK DAGANG', 1, 37, 'Debet', 'D', 0.00, 0.00, '2016-08-01'),
(39, '1-2820', 'GOODWILL', 1, 37, 'Debet', 'D', 0.00, 0.00, '2016-08-01'),
(40, '2-0000', 'KEWAJIBAN', 1, 0, 'Kredit', 'H', 0.00, 0.00, NULL),
(41, '2-1000', 'KEWAJIBAN LANCAR', 1, 40, 'Kredit', 'H', 0.00, 0.00, NULL),
(42, '2-1100', 'HUTANG OPERASIONAL', 1, 41, 'Kredit', 'H', 0.00, 0.00, NULL),
(43, '2-1110', 'HUTANG USAHA', 1, 42, 'Kredit', 'D', 0.00, 0.00, '2016-08-01'),
(44, '2-1111', 'HUTANG KE OWNER', 1, 42, 'Kredit', 'D', 0.00, 0.00, '2016-08-01'),
(45, '2-1112', 'HUTANG SUPPLIER', 1, 42, 'Kredit', 'D', 0.00, 0.00, '2016-08-01'),
(46, '2-1200', 'PENDAPATAN DITERIMA DIMUKA', 1, 41, 'Kredit', 'D', 0.00, 0.00, '2016-08-01'),
(47, '2-1300', 'HUTANG PAJAK', 1, 41, 'Kredit', 'H', 0.00, 0.00, NULL),
(48, '2-1310', 'PAJAK KELUARAN', 1, 47, 'Kredit', 'D', 0.00, 0.00, '2016-08-01'),
(49, '2-1311', 'HUTANG PAJAK SUPPLIER', 1, 47, 'Kredit', 'D', 0.00, 0.00, '2016-08-01'),
(50, '2-1400', 'HUTANG GAJI', 1, 41, 'Kredit', 'H', 0.00, 0.00, NULL),
(51, '2-1410', 'HUTANG GAJI', 1, 50, 'Kredit', 'D', 0.00, 0.00, '2016-08-01'),
(53, '2-1500', 'HUTANG BANK', 1, 41, 'Kredit', 'H', 0.00, 0.00, NULL),
(54, '2-1510', 'HUTANG KENDARAAN LD', 1, 53, 'Kredit', 'D', 0.00, 0.00, '2016-08-01'),
(55, '2-2000', 'KEWAJIBAN TIDAK LANCAR', 1, 40, 'Kredit', 'H', 0.00, 0.00, NULL),
(56, '2-2100', 'HUTANG BANK TDK LANCAR', 1, 55, 'Kredit', 'D', 0.00, 0.00, '2016-08-01'),
(57, '3-0000', 'MODAL', 1, 0, 'Kredit', 'H', 0.00, 0.00, NULL),
(58, '3-1000', 'MODAL USAHA', 1, 57, 'Kredit', 'D', 0.00, 0.00, '2016-08-01'),
(59, '3-2000', 'MODAL SAHAM', 1, 57, 'Kredit', 'D', 0.00, 0.00, '2016-08-01'),
(60, '3-3998', 'LABA DITAHAN S/D TAHUN LALU', 1, 57, 'Kredit', 'D', 0.00, 0.00, '2016-08-01'),
(61, '3-3999', 'LABA DITAHAN TAHUN BERJALAN', 1, 57, 'Kredit', 'D', 0.00, 0.00, '2016-08-01'),
(62, '3-9999', 'OPENING BALANCE', 1, 57, 'Kredit', 'D', 0.00, 0.00, '2016-08-01'),
(63, '4-0000', 'PENDAPATAN', 1, 0, 'Kredit', 'H', 0.00, 0.00, NULL),
(114, '4-2000', 'PENDAPATAN MAINTENANCE', 1, 63, 'Kredit', 'D', 0.00, 0.00, '2016-08-01'),
(113, '4-1100', 'PENDAPATAN LAIN-LAIN (BUNGA BANK)', 1, 63, 'Kredit', 'D', 0.00, 0.00, '2016-08-01'),
(66, '4-1200', 'BIAYA PENJUALAN', 1, 64, 'Kredit', 'D', 0.00, 0.00, '2016-08-01'),
(67, '4-1300', 'POTONGAN PEMBELIAN', 1, 64, 'Kredit', 'D', 0.00, 0.00, '2016-08-01'),
(68, '4-1400', 'RETUR PENJUALAN', 1, 64, 'Kredit', 'D', 0.00, 0.00, '2016-08-01'),
(70, '5-0000', 'HPP', 1, 0, 'Debet', 'H', 0.00, 0.00, NULL),
(71, '5-1000', 'HPP PRELIMMINARY', 1, 70, 'Debet', 'D', 0.00, 0.00, '2016-08-01'),
(72, '5-1300', 'HPP LANGSUNG KE SPB ', 1, 70, 'Debet', 'D', 0.00, 0.00, '2016-08-01'),
(73, '6-0000', 'BIAYA', 1, 0, 'Debet', 'H', 0.00, 0.00, NULL),
(74, '6-1000', 'BIAYA UMUM', 1, 73, 'Debet', 'H', 0.00, 0.00, NULL),
(195, '1-1265', 'CASH BON  ADOX INDIGO', 1, 1, 'Debet', 'D', 0.00, 0.00, '2016-08-01'),
(76, '6-1200', 'BIAYA LISTRIK', 1, 74, 'Debet', 'D', 0.00, 0.00, '2016-08-01'),
(77, '6-1300', 'BIAYA DAPUR (AQUA, KOPI, GULA )', 1, 74, 'Debet', 'D', 0.00, 0.00, '2016-08-01'),
(78, '6-1400', 'BIAYA ASURANSI/BPJS', 1, 74, 'Debet', 'D', 0.00, 0.00, '2016-08-01'),
(79, '6-1500', 'BIAYA ATK/MATERAI', 1, 74, 'Debet', 'D', 0.00, 0.00, '2016-08-01'),
(80, '6-1600', 'FOTO COPY/JILID', 1, 74, 'Debet', 'D', 0.00, 0.00, '2016-08-01'),
(81, '6-1700', 'BIAYA POS/TIKI/EKSPEDISI', 1, 74, 'Debet', 'D', 0.00, 0.00, '2016-08-01'),
(82, '6-1810', 'BIAYA SUMBANGAN', 1, 74, 'Debet', 'D', 0.00, 0.00, '2016-08-01'),
(83, '6-1900', 'BIAYA SEWA KENDARAAN', 1, 74, 'Debet', 'D', 0.00, 0.00, '2016-08-01'),
(84, '6-2000', 'BIAYA MARKETING', 1, 73, 'Debet', 'D', 0.00, 0.00, NULL),
(85, '6-2100', 'BIAYA IKLAN KORAN/RADIO', 1, 73, 'Debet', 'D', 0.00, 0.00, '2016-08-01'),
(86, '6-2200', 'BIAYA PENDIDIKAN/KURSUS/TRAINING', 1, 87, 'Debet', 'D', 0.00, 0.00, '2016-08-01'),
(87, '6-3000', 'BIAYA OPERASIONAL', 1, 73, 'Debet', 'H', 0.00, 0.00, NULL),
(89, '6-3200', 'BIAYA SAMSAT/KIR', 1, 87, 'Debet', 'D', 0.00, 0.00, '2016-08-01'),
(90, '6-3330', 'BIAYA  KENDARAAN PROYEK', 1, 87, 'Debet', 'D', 0.00, 0.00, '2016-08-01'),
(91, '6-3400', 'BIAYA PERBAIKAN KENDARAAN', 1, 87, 'Debet', 'D', 0.00, 0.00, '2016-08-01'),
(92, '6-4000', 'BIAYA GAJI DAN UPAH', 1, 73, 'Debet', 'H', 0.00, 0.00, NULL),
(93, '6-4100', 'BIAYA GAJI  STAFF', 1, 92, 'Debet', 'D', 0.00, 0.00, '2016-08-01'),
(94, '6-4200', 'BIAYA  TRANSPORT', 1, 92, 'Debet', 'D', 0.00, 0.00, '2016-08-01'),
(95, '6-5000', 'BIAYA PENYUSUTAN ', 1, 73, 'Debet', 'H', 0.00, 0.00, NULL),
(96, '6-5111', 'BIAYA PENYUSUTAN GEDUNG', 1, 95, 'Debet', 'D', 0.00, 0.00, '2016-08-01'),
(97, '7-0000', 'PENDAPATAN LAIN', 1, 0, 'Kredit', 'H', 0.00, 0.00, NULL),
(98, '7-1100', 'BUNGA', 1, 97, 'Kredit', 'D', 0.00, 0.00, '2016-08-01'),
(146, '6-1210', 'BIAYA AIR/PDAM', 1, 74, 'Debet', 'D', 0.00, 0.00, '2016-08-01'),
(100, '7-1300', 'PENDAPATAN DEVIDEN SAHAM', 1, 97, 'Kredit', 'D', 0.00, 0.00, '2016-08-01'),
(101, '8-0000', 'BIAYA LAIN', 1, 0, 'Debet', 'H', 0.00, 0.00, NULL),
(102, '8-1000', 'BUNGA PINJAMAN PRK', 1, 101, 'Debet', 'D', 0.00, 0.00, '2016-08-01'),
(103, '8-2000', 'BIAYA PAJAK PENGHASILAN', 1, 101, 'Debet', 'D', 0.00, 0.00, '2016-08-01'),
(104, '7-1400', 'LABA/RUGI KURS', 1, 97, 'Kredit', 'D', 0.00, 0.00, '2016-08-01'),
(105, '1-1111', 'PC CANDRA 2017', 1, 4, 'Debet', 'D', 0.00, 0.00, '2016-08-01'),
(106, '1-1134', 'BII LP (LD 2.111.012214) ', 1, 6, 'Debet', 'D', 0.00, 0.00, '2016-08-01'),
(107, '1-1135', 'BII CV (LD 2.111.091587)', 1, 6, 'Debet', 'D', 0.00, 0.00, '2016-08-01'),
(108, '1-1136', 'BCA LP ( LD PAJAK 767.023.4589)', 1, 6, 'Debet', 'D', 0.00, 0.00, '2016-08-01'),
(109, '1-1137', 'BCA ( LD OPERASIONAL 767.055.0022)', 1, 6, 'Debet', 'D', 0.00, 0.00, '2016-08-01'),
(110, '1-1138', 'BNI RUKO (MMS 123.806.8916)', 1, 6, 'Debet', 'D', 0.00, 0.00, '2016-08-01'),
(111, '1-1139', 'BCA (MMS 767.0400.900)', 1, 6, 'Debet', 'D', 0.00, 0.00, '2016-08-01'),
(112, '1-1112', 'PC MMS ', 1, 4, 'Debet', 'D', 0.00, 0.00, '2016-08-01'),
(116, '6-6100', 'BIAYA MATERIAL BANTU/SUPORT', 1, 115, 'Debet', 'D', 0.00, 0.00, '2016-08-01'),
(117, '6-6200', 'BIAYA FEE PROJEK/FREE LAN MMS', 1, 115, 'Debet', 'D', 0.00, 0.00, '2016-08-01'),
(118, '6-6300', 'BIAYA KOST/MESS', 1, 115, 'Debet', 'D', 0.00, 0.00, '2016-08-01'),
(119, '6-3500', 'BIAYA BBM', 1, 87, 'Debet', 'D', 0.00, 0.00, '2016-08-01'),
(120, '6-3600', 'BIAYA LAIN-LAIN', 1, 87, 'Debet', 'D', 0.00, 0.00, '2016-08-01'),
(121, '1-1113', 'GC LINTAS DAYA', 1, 4, 'Debet', 'D', 0.00, 0.00, '2016-08-01'),
(122, '1-1114', 'GENERAL CHASIER MMS', 1, 4, 'Debet', 'D', 0.00, 0.00, '2016-08-01'),
(149, '1-1320', 'PIUTANG STAFF POTONG GAJI ', 1, 11, 'Debet', 'D', 0.00, 0.00, '2016-08-01'),
(124, '2-1530', 'HUTANG BANK BNI PRK', 1, 53, 'Kredit', 'D', 0.00, 0.00, '2016-08-01'),
(126, '1-1115', 'PC ANIS', 1, 4, 'Debet', 'D', 0.00, 0.00, '2016-08-01'),
(127, '1-1240', 'PIUTANG PMU', 1, 11, 'Debet', 'D', 0.00, 0.00, '2016-08-01'),
(128, '1-1250', 'PIUTANG KARYAWAN', 1, 11, 'Debet', 'D', 0.00, 0.00, '2016-08-01'),
(129, '1-1260', 'PIUTANG OWNER', 1, 11, 'Debet', 'D', 0.00, 0.00, '2016-08-01'),
(130, '4-1000', 'PENDAPATAN PROJEK', 1, 63, 'Kredit', 'D', 0.00, 0.00, '2016-08-01'),
(131, '4-4100', 'PENDAPATAN CDS', 1, 63, 'Kredit', 'D', 0.00, 0.00, '2016-08-01'),
(132, '5-1100', 'HPP MATERIAL PROJECK', 1, 70, 'Debet', 'D', 0.00, 0.00, '2016-08-01'),
(133, '5-1210', 'HPP MAINTENANCE ', 1, 70, 'Debet', 'D', 0.00, 0.00, '2016-08-01'),
(134, '6-7000', 'PERJALANAN DINAS', 1, 73, 'Debet', 'H', 0.00, 0.00, '2016-08-01'),
(135, '6-7100', 'SPJ TIKET PESAWAT/BUS', 1, 73, 'Debet', 'D', 0.00, 0.00, '2016-08-01'),
(136, '6-7200', 'SPJ HOTEL', 1, 73, 'Debet', 'D', 0.00, 0.00, '2016-08-01'),
(137, '6-7300', 'SPJ KONSUMSI', 1, 73, 'Debet', 'D', 0.00, 0.00, '2016-08-01'),
(138, '5-1400', 'GAJI  HARIAN LEPAS', 1, 70, 'Debet', 'D', 0.00, 0.00, '2016-08-01'),
(139, '5-1500', 'SUB KONTRAKTOR', 1, 70, 'Debet', 'D', 0.00, 0.00, '2016-08-01'),
(140, '6-6400', 'BIAYA ULANG TAHUN', 1, 73, 'Debet', 'D', 0.00, 0.00, '2016-08-01'),
(142, '6-7400', 'SPJ LAIN-LAIN', 1, 73, 'Debet', 'H', 0.00, 0.00, '2016-08-01'),
(143, '7-1500', 'PENDAPATAN BONUS/INSENTIF', 1, 97, 'Kredit', 'D', 0.00, 0.00, '2016-08-01'),
(144, '8-1100', 'ADMINISTRASI BANK', 1, 101, 'Debet', 'D', 0.00, 0.00, '2016-08-01'),
(145, '8-1200', 'BIAYA /ASURANSI KENDARAAN/GEDUNG', 1, 101, 'Debet', 'D', 0.00, 0.00, '2016-08-01'),
(147, '6-1220', 'BIAYA TELPON/HP', 1, 73, 'Debet', 'D', 0.00, 0.00, '2016-08-01'),
(148, '6-1230', 'BIAYA INTERNET/DOMAIN', 1, 73, 'Debet', 'D', 0.00, 0.00, '2016-08-01'),
(150, '1-1270', 'CASH BON   PURCHASING', 1, 1, 'Debet', 'D', 0.00, 0.00, '2016-08-01'),
(151, '6-6240', 'BIAYA KEBERSIHAN', 1, 73, 'Debet', 'D', 0.00, 0.00, '2016-08-01'),
(152, '5-5700', 'SEWA ALAT KERJA', 1, 70, 'Debet', 'D', 0.00, 0.00, '2016-08-01'),
(153, '4-3000', 'PENDAPATAN MMS WIKA', 1, 63, 'Kredit', 'D', 0.00, 0.00, '2016-08-01'),
(154, '4-1110', 'PENDAPATAN BONUS/CASH  BACK', 1, 63, 'Kredit', 'D', 0.00, 0.00, '2016-08-01'),
(156, '6-6350', 'BIAYA PERBAIKAN KOMPUTER', 1, 73, 'Debet', 'D', 0.00, 0.00, '2016-08-01'),
(157, '6-6450', 'BIAYA PERBAIKAN GEDUNG', 1, 73, 'Debet', 'D', 0.00, 0.00, '2016-08-01'),
(158, '6-6110', 'BIAYA PEMBELIAN ALAT', 1, 73, 'Debet', 'D', 0.00, 0.00, '2016-08-01'),
(159, '2-2111', 'HUTANG SUB KONTRAKTOR', 1, 42, 'Kredit', 'D', 0.00, 0.00, '2016-08-01'),
(160, '6-1225', 'BIAYA JAMINAN UANG MUKA', 1, 73, 'Debet', 'D', 0.00, 0.00, '2016-08-01'),
(161, '6-1820', 'KONSUMSI', 1, 73, 'Debet', 'D', 0.00, 0.00, '2016-08-01'),
(162, '6-1825', 'SERAGAM', 1, 73, 'Debet', 'D', 0.00, 0.00, '2016-08-01'),
(163, '2-1113', 'HUTANG  SUB KONTRAKTOR (YUSTA) ', 1, 40, 'Kredit', 'D', 0.00, 0.00, '2016-08-01'),
(164, '1-1311', 'PERSEDIAAN MMS (STOCK)', 1, 15, 'Debet', 'D', 0.00, 0.00, '2016-08-01'),
(188, '1-1268', 'PIUTANG SUPPLIER', 1, 1, 'Debet', 'D', 0.00, 0.00, '2016-08-01'),
(166, '1-1272', 'CASH BON AURIN PROJEK', 1, 1, 'Debet', 'D', 0.00, 0.00, '2016-08-01'),
(167, '6-1235', 'BIAYA PERIJINAN', 1, 73, 'Debet', 'D', 0.00, 0.00, '2016-08-01'),
(168, '6-7150', 'BIAYA SPJ TRANSPORT', 1, 73, 'Debet', 'D', 0.00, 0.00, '2016-08-01'),
(172, '2-1114', 'HUTANG  BNI  GRIYA RUKO MMS', 1, 42, 'Kredit', 'D', 0.00, 0.00, '2016-08-01'),
(173, '2-1115', 'HUTANG KE BOUWHEER', 1, 42, 'Kredit', 'D', 0.00, 0.00, '2016-08-01'),
(174, '2-1116', 'HUTANG BNI 100 JUTA', 1, 40, 'Kredit', 'D', 0.00, 0.00, '2016-08-01'),
(175, '1-1116', 'PC SUMBAWA', 1, 1, 'Debet', 'D', 0.00, 0.00, '2016-08-01'),
(177, '1-1273', 'CASH BON OWNER', 1, 1, 'Debet', 'D', 0.00, 0.00, '2016-08-01'),
(179, '4-2100', 'PENDAPATAN MAINTENANCE MAP', 1, 63, 'Kredit', 'D', 0.00, 0.00, '2016-08-01'),
(180, '8-2100', 'PPN BELANJA SUPPLIER/PAJAK MASUKAN', 1, 101, 'Debet', 'D', 0.00, 0.00, '2016-08-01'),
(181, '4-3100', 'PENDAPATAN MMS ASIALING', 1, 63, 'Kredit', 'D', 0.00, 0.00, '2016-08-01'),
(182, '1-1280', 'PIUTANG GAJI MMS', 1, 1, 'Debet', 'D', 0.00, 0.00, '2016-08-01'),
(183, '1-1269', 'CASHBON ADOX KELIKI', 1, 1, 'Debet', 'D', 0.00, 0.00, '2016-08-01'),
(184, '1-1140', 'BANK INTERCOMPANY MMS', 1, 1, 'Debet', 'D', 0.00, 0.00, '2016-08-01'),
(185, '1-1274', 'CASH BON SRI ARTINI', 1, 1, 'Debet', 'D', 0.00, 0.00, '2016-08-01'),
(186, '8-2200', 'BIAYA PAJAK FINAL LUKITO PRAMONO', 1, 101, 'Debet', 'D', 0.00, 0.00, '2016-08-01'),
(187, '8-2300', 'BIAYA PAJAK PASAL 25/29 BADAN', 1, 101, 'Debet', 'D', 0.00, 0.00, '2016-08-01'),
(189, '1-1275', 'CASH BON HRD', 1, 1, 'Debet', 'D', 0.00, 0.00, '2016-08-01'),
(190, '1-1276', 'PATTY CASH NUSA PENIDA', 1, 1, 'Debet', 'D', 0.00, 0.00, '2016-08-01'),
(191, '1-1271', 'CASH BON TENAGA HARIAN', 1, 1, 'Debet', 'D', 0.00, 0.00, '2016-08-01'),
(192, '2-1511', 'HUTANG KENDARAAN MMS', 1, 53, 'Kredit', 'D', 0.00, 0.00, '2016-08-01'),
(193, '6-6301', 'BIAYA K3', 1, 73, 'Debet', 'D', 0.00, 0.00, '2016-08-01');
INSERT INTO `tb_master_rekening` (`IDRekening`, `KodeRekening`, `NamaRekening`, `IDCurrency`, `IDParent`, `Posisi`, `Tipe`, `SaldoAwal`, `Kurs`, `TanggalSaldoAwal`) VALUES
(194, '1-1277', 'CASHBON BINTANG FLORES', 1, 1, 'Debet', 'D', 0.00, 0.00, '2016-08-01'),
(196, '1-1141', 'BRI PINJAMAN (LD 0368.01.049.163506)', 1, 6, 'Debet', 'D', 0.00, 0.00, '2016-08-01'),
(197, '1-1117', 'PC CANDRA 2018', 1, 1, 'Debet', 'D', 0.00, 0.00, '2016-08-01'),
(198, '8-2400', 'PAJAK PASAL 21', 1, 101, 'Debet', 'D', 0.00, 0.00, '2016-08-01'),
(199, '8-2500', 'PPN', 1, 101, 'Debet', 'D', 0.00, 0.00, '2016-08-01'),
(200, '1-1278', 'PIUTANG JALAL FLORES', 1, 11, 'Debet', 'D', 0.00, 0.00, '2016-08-01'),
(201, '1-1279', 'PIUTANG ANIS', 1, 11, 'Debet', 'D', 0.00, 0.00, '2016-08-01'),
(202, '1-1142', 'BANK BCA (MMS OPERASIONAL  767.0555.580)', 1, 6, 'Debet', 'D', 0.00, 0.00, '2016-08-01'),
(205, '4-3200', 'PENDAPATAN MMS VOKSEL', 1, 63, 'Kredit', 'D', 0.00, 0.00, '2016-08-01'),
(206, '4-3300', 'PENDAPATAN MMS MITSUBISHI', 1, 63, 'Kredit', 'D', 0.00, 0.00, '2016-08-01'),
(207, '4-3400', 'PENDAPATAN MMS BANPRO', 1, 63, 'Kredit', 'D', 0.00, 0.00, '2016-08-01'),
(208, '1-1211', 'PIUTANG  LINTAS DAYA KE MMS', 1, 1, 'Debet', 'D', 0.00, 0.00, '2016-08-01'),
(209, '1-1212', 'PIUTANG USAHA LD KE MMS', 1, 1, 'Debet', 'D', 0.00, 0.00, '2016-08-01'),
(210, '1-1221', 'PIUTANG STAF LD', 1, 1, 'Debet', 'D', 0.00, 0.00, '2016-08-01'),
(211, '1-1255', 'PIUTANG PENJUALAN MMS', 1, 1, 'Debet', 'D', 0.00, 0.00, '2016-08-01'),
(213, '6-1330', 'BIAYA PAMERAN MMS', 1, 73, 'Debet', 'D', 0.00, 0.00, '2016-08-01'),
(214, '6-6140', 'BIAYA PROMOSI/SOVENIR', 1, 73, 'Debet', 'D', 0.00, 0.00, '2016-08-01'),
(215, '1-1321', 'PIUTANG  CLIEN ', 1, 11, 'Debet', 'D', 0.00, 0.00, '2016-08-01'),
(216, '4-3500', 'PENDAPATAN SPARE PART', 1, 63, 'Kredit', 'D', 0.00, 0.00, '2016-08-01'),
(217, '4-3600', 'PENDAPATAN INSTALASI', 1, 63, 'Kredit', 'D', 0.00, 0.00, '2016-08-01'),
(218, '6-3700', 'UPAH PASANG/ FEE TEKNISI/LOADING/PACKING', 1, 73, 'Debet', 'D', 0.00, 0.00, '2016-08-01'),
(219, '1-1118', 'PATTY CASH PROYEK ( BALI FOAM )', 1, 4, 'Debet', 'D', 0.00, 0.00, '2016-08-01'),
(220, '1-1119', 'PETTY CASH PENIDA EDI', 1, 4, 'Debet', 'D', 0.00, 0.00, '2016-08-01'),
(221, '1-1143', 'BANK BUKOPIN', 1, 1, 'Debet', 'D', 0.00, 0.00, '2016-08-01'),
(222, '2-1512', 'HUTANG BRI ', 1, 40, 'Kredit', 'D', 0.00, 0.00, '2016-08-01'),
(223, '6-6302', 'BIAYA TRAINING/PENDIDIKAN', 1, 73, 'Debet', 'D', 0.00, 0.00, '2016-08-01'),
(224, '1-1144', 'MANDIRI /PC SUMBA', 1, 6, 'Debet', 'D', 0.00, 0.00, '2016-08-01'),
(225, '1-1145', 'PANIN - RUKO', 1, 6, 'Debet', 'D', 0.00, 0.00, '2016-08-01'),
(226, '2-1050', 'UANG MUKA KONTRUKSI', 1, 41, 'Kredit', 'D', 0.00, 0.00, '2016-08-01'),
(227, '2-1051', 'UANG MUKA MAINTENANCE', 1, 41, 'Kredit', 'D', 0.00, 0.00, '2016-08-01'),
(228, '2-1052', 'UANG MUKA DESAIN', 1, 41, 'Kredit', 'D', 0.00, 0.00, '2016-08-01'),
(229, '2-1053', 'UANG MUKA CLIEN MMS (DO SDH KELUAR)', 1, 41, 'Kredit', 'D', 0.00, 0.00, '2016-08-01'),
(230, '1-1120', 'PC BALIMOON', 1, 4, 'Debet', 'D', 0.00, 0.00, '2016-08-01'),
(231, '1-1215', 'PIUTANG PROGRES MAINTENANCE', 1, 11, 'Debet', 'D', 0.00, 0.00, '2016-08-01'),
(232, '1-1217', 'PIUTANG CDS', 1, 11, 'Debet', 'D', 0.00, 0.00, '2016-08-01'),
(233, '1-1322', 'PIUTANG CASH BON  DI BIILP', 1, 11, 'Debet', 'D', 0.00, 0.00, '2016-08-01'),
(235, '8-1111', 'BIAYA BUNGA RUKO MMS', 1, 101, 'Debet', 'D', 0.00, 0.00, '2016-08-01'),
(236, '8-1112', 'BIAYA BUNGA BRI 2 M', 1, 101, 'Debet', 'D', 0.00, 0.00, '2016-08-01'),
(237, '8-1113', 'BIAYA BUNGA BNI 100 JUTA', 1, 101, 'Debet', 'D', 0.00, 0.00, '2016-08-01'),
(238, '4-1111', 'PENDAPATAN SPONSOR ULTAH LD', 1, 63, 'Kredit', 'D', 0.00, 0.00, '2016-08-01'),
(239, '1-1121', 'PIUTANG BPJS', 1, 11, 'Debet', 'D', 0.00, 0.00, '2016-08-01'),
(240, '6-6201', 'FEE STAFF MMS/LD', 1, 73, 'Debet', 'D', 0.00, 0.00, '2016-08-01'),
(241, '1-1146', 'BANK BII PAYROLL HARIAN', 1, 6, 'Debet', 'D', 0.00, 0.00, '2016-08-01'),
(242, '1-1122', 'BCA CV. LINTAS DAYA (7670800100)', 1, 6, 'Debet', 'D', 0.00, 0.00, '2016-08-01'),
(243, '6-1910', 'BIAYA ACCIDENTAL', 1, 73, 'Debet', 'D', 0.00, 0.00, '2016-08-01'),
(244, '6-1410', 'BIAYA MEDICAL', 1, 73, 'Debet', 'D', 0.00, 0.00, '2016-08-01'),
(245, '4-1010', 'PENDAPATAN PROJEK (UANG MUKA)', 1, 63, 'Kredit', 'D', 0.00, 0.00, '2016-08-01'),
(246, '6-5110', 'BIAYA PENYUSUTAN KENDARAAN', 1, 87, 'Debet', 'D', 0.00, 0.00, '2016-08-01'),
(247, '1-1123', 'MANDIRI CV 145.001.370.0170', 1, 6, 'Debet', 'D', 0.00, 0.00, '2016-08-01'),
(248, '1-1213', 'PIUTANG HWR DI RUKO MMS', 1, 11, 'Debet', 'D', 0.00, 0.00, '2016-08-01'),
(249, '1-1214', 'PIUTANG MINTANET', 1, 11, 'Debet', 'D', 0.00, 0.00, '2016-08-01'),
(250, '1-1124', 'MANDIRI TABUNGAN (1450013700188)', 1, 6, 'Debet', 'D', 0.00, 0.00, '2016-08-01'),
(252, '4-3700', 'PENDAPATAN LAMPU', 1, 63, 'Kredit', 'D', 0.00, 0.00, '2016-08-01'),
(253, '4-3800', 'PENDAPATAN MMS ARISTON', 1, 63, 'Kredit', 'D', 0.00, 0.00, '2016-08-01'),
(254, '5-1301', 'HPP MMS (DO)', 1, 70, 'Debet', 'D', 0.00, 0.00, '2016-08-01'),
(255, '1-1264', 'PC - PROYEK WINE', 1, 4, 'Debet', 'D', 0.00, 0.00, '2016-08-01'),
(256, '1-1266', 'PATTY CASH SUSHI ME-03/2021', 1, 4, 'Debet', 'D', 0.00, 0.00, '2016-08-01'),
(257, '4-4200', 'PENDAPATAN SERVICE', 1, 63, 'Kredit', 'D', 0.00, 0.00, '2016-08-01'),
(259, '2-1117', 'HUTANG KE MAY BANK (BACK TO BACK)', 1, 40, 'Kredit', 'D', 0.00, 0.00, '2016-08-01'),
(260, '8-1114', 'BIAYA BUNGA MAYBANK', 1, 101, 'Debet', 'D', 0.00, 0.00, '2016-08-01'),
(262, '2-2113', 'HUTANG PANIN RUKO MMS', 1, 42, 'Kredit', 'D', 0.00, 0.00, '2016-08-01'),
(263, '2-1120', 'HUTANG MMS KE LINTAS DAYA', 1, 42, 'Kredit', 'D', 0.00, 0.00, '2016-08-01'),
(264, '1-1267', 'BANK PANIN - 8012025641-LUKITO PRAMONO ', 1, 6, 'Debet', 'D', 0.00, 0.00, '2016-08-01'),
(265, '4-2200', 'PENDAPATAN LAIN (PRODUK)', 1, 63, 'Kredit', 'D', 0.00, 0.00, '2016-08-01'),
(268, '1-1245', 'TAGIHAN DO BELUM LUNAS', 1, 1, 'Debet', 'D', 0.00, 0.00, '2016-08-01'),
(269, '2-1054', 'TITIPAN UANG MUKA (BARANG BLM DI KIRIM)', 1, 40, 'Kredit', 'D', 0.00, 0.00, '2016-08-01'),
(270, '5-1302', 'HPP LANGSUNG SPB (HS)', 1, 70, 'Debet', 'D', 0.00, 0.00, '2016-08-01'),
(271, '6-4300', 'BIAYA KERUGIAN (PENJUALAN TAK TERTAGIH)', 1, 73, 'Debet', 'D', 0.00, 0.00, '2016-08-01'),
(272, '6-4400', 'BIAYA KERUGIAN (PENJUALAN TAK TERTAGIH)', 1, 73, 'Debet', 'D', 0.00, 0.00, '2016-08-01');

INSERT INTO `tb_module` (`IDModule`, `CodeModule`, `ModuleName`, `VisibilityName`) VALUES
(1, '001', 'barang', 'Data Barang');
INSERT INTO `tb_module` (`IDModule`, `CodeModule`, `ModuleName`, `VisibilityName`) VALUES
(2, '002', 'karyawan', 'Data Karyawan');
INSERT INTO `tb_module` (`IDModule`, `CodeModule`, `ModuleName`, `VisibilityName`) VALUES
(3, '003', 'pelanggan', 'Data Pelanggan');
INSERT INTO `tb_module` (`IDModule`, `CodeModule`, `ModuleName`, `VisibilityName`) VALUES
(4, '004', 'supplier', 'Data Supplier'),
(5, '005', 'jenismaterial', 'Data Jenis Material'),
(6, '006', 'departement', 'Data Departement'),
(7, '007', 'satuan', 'Data Satuan'),
(8, '008', 'jabatan', 'Data Jabatan'),
(9, '009', 'purchasing', 'Purchasing'),
(11, '011', 'persediaan', 'Persediaan'),
(12, '012', 'hrd', 'HRD'),
(13, '013', 'suratkeluar', 'Surat Keluar'),
(14, '014', 'finance', 'Finance'),
(15, '015', 'accounting', 'Accounting'),
(16, '016', 'hutangpiutang', 'Hutang Piutang'),
(17, '017', 'assetcontrol', 'Asset Control'),
(18, '018', 'marketingtools', 'Marketing Tools'),
(19, '019', 'gaji', 'Gaji'),
(20, '020', 'sph', 'SPH '),
(21, '021', 'spb', 'SPB'),
(22, '022', 'suratjalanmms', 'Surat Jalan'),
(23, '023', 'invoicemms', 'Invoice'),
(33, '033', 'dashboard', 'Dashboard Summary'),
(26, '026', 'monitoringkeuangan', 'Monitoring Keuangan'),
(27, '027', 'monitoringregular', 'Monitoring Regular'),
(28, '028', 'gajiharian', 'Gaji Harian'),
(29, '029', 'assetusaha', 'Asset Ijin Usaha'),
(30, '030', 'gudang', 'Gudang'),
(31, '031', 'workschedule', 'Work Schedule'),
(32, '032', 'workreport', 'Work Report');

INSERT INTO `tb_pelanggan` (`IDPelanggan`, `KodePelanggan`, `NamaPelanggan`, `Alamat`, `Kota`, `Provinsi`, `KodePos`, `NoTelp`, `NoFax`, `Email`, `Email2`, `Website`, `KontakPerson`, `HP`, `Kategori`, `Status`, `Jenis`, `NamaKP1`, `JabatanKP1`, `EmailKP1`, `HPKP1`, `NamaKP2`, `JabatanKP2`, `EmailKP2`, `HPKP2`, `NamaNPWP`, `NoNPWP`, `AlamatNPWP`) VALUES
(1, '00001', 'TELLY SAVITRI DEWI DAMAYANTI, IBU', 'JL. SEDAP MALAM NO. 88 GANG GRIYA MESARI NO. 10 SANUR KAJA', 'DENPASAR', 'BALI', '-', '08118082535', '-', '-', NULL, '-', NULL, NULL, '3', 1, 'Perorangan', NULL, NULL, NULL, NULL, NULL, NULL, NULL, NULL, NULL, NULL, NULL);
INSERT INTO `tb_pelanggan` (`IDPelanggan`, `KodePelanggan`, `NamaPelanggan`, `Alamat`, `Kota`, `Provinsi`, `KodePos`, `NoTelp`, `NoFax`, `Email`, `Email2`, `Website`, `KontakPerson`, `HP`, `Kategori`, `Status`, `Jenis`, `NamaKP1`, `JabatanKP1`, `EmailKP1`, `HPKP1`, `NamaKP2`, `JabatanKP2`, `EmailKP2`, `HPKP2`, `NamaNPWP`, `NoNPWP`, `AlamatNPWP`) VALUES
(2, '00002', 'BARITO, HOTEL', 'JL TUKAD BARITO', 'DENPASAR', 'BALI', '-', '082146466932', '-', '-', NULL, '-', NULL, NULL, '1', 1, 'Perusahaan', NULL, NULL, NULL, NULL, NULL, NULL, NULL, NULL, NULL, NULL, NULL);
INSERT INTO `tb_pelanggan` (`IDPelanggan`, `KodePelanggan`, `NamaPelanggan`, `Alamat`, `Kota`, `Provinsi`, `KodePos`, `NoTelp`, `NoFax`, `Email`, `Email2`, `Website`, `KontakPerson`, `HP`, `Kategori`, `Status`, `Jenis`, `NamaKP1`, `JabatanKP1`, `EmailKP1`, `HPKP1`, `NamaKP2`, `JabatanKP2`, `EmailKP2`, `HPKP2`, `NamaNPWP`, `NoNPWP`, `AlamatNPWP`) VALUES
(3, '00003', 'LUMBINI LUXURY VILLA & SPA', 'JL RAYA ULUWATU NO. 38 JIMBARAN', 'BADUNG', 'BALI', '-', '0361-704338', '-', '-', NULL, '-', NULL, NULL, '1', 1, 'Perusahaan', NULL, NULL, NULL, NULL, NULL, NULL, NULL, NULL, NULL, NULL, NULL);
INSERT INTO `tb_pelanggan` (`IDPelanggan`, `KodePelanggan`, `NamaPelanggan`, `Alamat`, `Kota`, `Provinsi`, `KodePos`, `NoTelp`, `NoFax`, `Email`, `Email2`, `Website`, `KontakPerson`, `HP`, `Kategori`, `Status`, `Jenis`, `NamaKP1`, `JabatanKP1`, `EmailKP1`, `HPKP1`, `NamaKP2`, `JabatanKP2`, `EmailKP2`, `HPKP2`, `NamaNPWP`, `NoNPWP`, `AlamatNPWP`) VALUES
(4, '00004', 'I WAYAN JULIARTHA, BAPAK', 'JALAN RATNA NO. 56, BANJAR BATULUMBUNG, GULINGAN, MENGWI', 'BADUNG', 'BALI', '-', '+6281999000305', '-', '-', NULL, '-', NULL, NULL, '1', 1, 'Perorangan', NULL, NULL, NULL, NULL, NULL, NULL, NULL, NULL, NULL, NULL, NULL),
(5, '00005', 'BALI CUKUP MANDIRI, PT', 'JALAN TUKAD BADUNG, RENON', 'DENPASAR', 'BALI', '40115', '0361-4722479', '0361-4722480', 'cukupmandiri@gmail.com', NULL, 'www.balicukupmandiri.com', NULL, NULL, '4', 1, 'Perusahaan', NULL, NULL, NULL, NULL, NULL, NULL, NULL, NULL, NULL, NULL, NULL),
(6, '00006', 'DESAIN BANGUN NUSANTARA, PT', 'JALAN PATIH NAMBI UTARA, BINA PERMAI, UBUNG KAJA, DENPASAR UTARA', 'DENPASAR', 'BALI', '80115', '+62 812-4625-2540', '-', '-', NULL, '-', NULL, NULL, '4', 1, 'Perusahaan', NULL, NULL, NULL, NULL, NULL, NULL, NULL, NULL, NULL, NULL, NULL),
(7, '00007', 'NGURAH ANDHITA, BAPAK', 'JL BATU BELIG NO 99 KEROBOKAN KUTA UTARA', 'BADUNG', 'BALI', '-', '-', '-', '-', NULL, '-', NULL, NULL, '1', 1, 'Perusahaan', NULL, NULL, NULL, NULL, NULL, NULL, NULL, NULL, NULL, NULL, NULL),
(8, '00008', 'WAYAN KONTRUKSI', 'DENPASAR', 'DENPASAR', 'BALI', '-', '-', '-', '-', NULL, '-', NULL, NULL, '1', 1, 'Perusahaan', NULL, NULL, NULL, NULL, NULL, NULL, NULL, NULL, NULL, NULL, NULL),
(9, '00009', 'GLOBAL TEHNIK', 'PECATU, KUTA SELATAN', 'BADUNG', 'BALI', '-', '-', '-', '-', NULL, '-', NULL, NULL, '1', 1, 'Perusahaan', NULL, NULL, NULL, NULL, NULL, NULL, NULL, NULL, NULL, NULL, NULL),
(10, '00010', 'MADE ADITYA, BAPAK', 'JL. ARJUNA GANG 2 NO. 9', 'DENPASAR', 'BALI', '-', '08123958156', '-', '-', NULL, '-', NULL, NULL, '3', 1, 'Perorangan', NULL, NULL, NULL, NULL, NULL, NULL, NULL, NULL, NULL, NULL, NULL),
(11, '00011', 'PORTOBELLO VILLA UBUD', 'JL RAYA PETULU, BR. PETULU, UBUD', 'GIANYAR', 'BALI', '-', '+62 812-3918-123', '-', '-', NULL, '-', NULL, NULL, '1', 1, 'Perusahaan', NULL, NULL, NULL, NULL, NULL, NULL, NULL, NULL, NULL, NULL, NULL),
(12, '00012', 'DOAN, BAPAK', 'JL. GUNUNG SARI A33 GATSU BARAT', 'DENPASAR', 'BALI', '-', '08113864474', '-', '-', NULL, '-', NULL, NULL, '3', 1, 'Perorangan', NULL, NULL, NULL, NULL, NULL, NULL, NULL, NULL, NULL, NULL, NULL),
(13, '00013', 'BAYU EKA, BAPAK', 'JL. AKASIA', 'DENPASAR', 'BALI', '-', '081139010099', '-', '-', NULL, '-', NULL, NULL, '3', 1, 'Perorangan', NULL, NULL, NULL, NULL, NULL, NULL, NULL, NULL, NULL, NULL, NULL),
(14, '00014', 'ADITYA SENTANA BALI, PT', 'DENPASAR', 'DENPASAR', 'BALI', '-', '-', '-', '-', NULL, '-', NULL, NULL, '1', 1, 'Perusahaan', NULL, NULL, NULL, NULL, NULL, NULL, NULL, NULL, NULL, NULL, NULL),
(15, '00015', 'RINA, IBU', 'JL. MUDING INDAH X PERUM GRIYA LOKA NO. 3 GATSU', 'DENPASAR', 'BALI', '-', '089696528399', '-', '-', NULL, '-', NULL, NULL, '3', 1, 'Perorangan', NULL, NULL, NULL, NULL, NULL, NULL, NULL, NULL, NULL, NULL, NULL),
(16, '00016', 'KADEK HANDRAWATI, IBU', 'JL. DARMAWANGSA GG KEKER BLOK A NO.9 KAMPIAL NUSA DUA', 'BADUNG', 'BALI', '-', '085253016089', '-', '-', NULL, '-', NULL, NULL, '3', 1, 'Perorangan', NULL, NULL, NULL, NULL, NULL, NULL, NULL, NULL, NULL, NULL, NULL),
(17, '00017', 'HORNAS ADI SAPUTRA, BAPAK', 'KEDUH RESIDENCE BLOK G NO 11 JL. BY PASS IR. SOEKARNO', 'DENPASAR', 'BALI', '-', '081246191767', '-', '-', NULL, '-', NULL, NULL, '3', 1, 'Perorangan', NULL, NULL, NULL, NULL, NULL, NULL, NULL, NULL, NULL, NULL, NULL),
(18, '00018', 'YUNI, IBU', 'JALAN MERTANADI 100, KEROBOKAN', 'BADUNG', 'BALI', '-', '+62 812-4660-311', '-', '-', NULL, '-', NULL, NULL, '1', 1, 'Perorangan', NULL, NULL, NULL, NULL, NULL, NULL, NULL, NULL, NULL, NULL, NULL),
(19, '00019', 'MELISSA UNIT 4, IBU', 'JL. RAYA TUMBAK BAYUH, MENGWI', 'BADUNG', 'BALI', '-', '083827591280', '-', '-', NULL, '-', NULL, NULL, '3', 1, 'Perorangan', NULL, NULL, NULL, NULL, NULL, NULL, NULL, NULL, NULL, NULL, NULL),
(20, '00020', 'WINARTO, BAPAK', 'TUKAD UNDA II/10, RENON', 'DENPASAR', 'BALI', '-', '081999976050', '-', '-', NULL, '-', NULL, NULL, '3', 1, 'Perorangan', NULL, NULL, NULL, NULL, NULL, NULL, NULL, NULL, NULL, NULL, NULL),
(21, '00021', 'SHAYANIH, IBU', 'JL. GURITA 1 GG SCORPIO NO 17 PEDUNGAN', 'DENPASAR', 'BALI', '-', '089693700170', '-', '-', NULL, '-', NULL, NULL, '3', 1, 'Perorangan', NULL, NULL, NULL, NULL, NULL, NULL, NULL, NULL, NULL, NULL, NULL),
(22, '00022', 'SENETAN VILLA & SPA RESORT UBUD', 'BANJAR PENGINYAHAN PAYANGAN, UBUD', 'GIANYAR', 'BALI', '-', '+62 812-3667-989', '-', '-', NULL, '-', NULL, NULL, '1', 1, 'Perusahaan', NULL, NULL, NULL, NULL, NULL, NULL, NULL, NULL, NULL, NULL, NULL),
(23, '00023', 'WAYAN NOVIA, IBU', 'JALAN RAYA ULUWATU, GANG PERJUANGAN NO 2, KELAN ABIAN, TUBAN', 'BADUNG', 'BALI', '-', '081339389090', '-', '-', NULL, '-', NULL, NULL, '3', 1, 'Perorangan', NULL, NULL, NULL, NULL, NULL, NULL, NULL, NULL, NULL, NULL, NULL),
(24, '00024', 'KURSIS DWI PRASETIYOKO, BAPAK', 'JL. PULAU GALANG GANG PENATARAN SARI 3 NO 5 PEMOGAN', 'DENPASAR', 'BALI', '-', '081239176776', '-', '-', NULL, '-', NULL, NULL, '3', 1, 'Perorangan', NULL, NULL, NULL, NULL, NULL, NULL, NULL, NULL, NULL, NULL, NULL),
(25, '00025', 'RACHEL, IBU', 'JALAN SITA KENCANA 3, NOMOR 17, JIMBARAN', 'BADUNG', 'BALI', '-', '-', '-', '-', NULL, '-', NULL, NULL, '1', 1, 'Perorangan', NULL, NULL, NULL, NULL, NULL, NULL, NULL, NULL, NULL, NULL, NULL),
(26, '00026', 'ARYA BASKARA, BAPAK', 'JL. RAYA CELUK SUKAWATI NO. 46 SEMARA DHARMA SILVER', 'GIANYAR', 'BALI', '-', '085737658591', '-', '-', NULL, '-', NULL, NULL, '3', 1, 'Perusahaan', NULL, NULL, NULL, NULL, NULL, NULL, NULL, NULL, NULL, NULL, NULL),
(27, '00027', 'BUDI, BAPAK', 'JL. PANTAI BATU BOLONG NO 18', 'BADUNG', 'BALI', '-', '087788821626', '-', '-', NULL, '-', NULL, NULL, '1', 1, 'Perorangan', NULL, NULL, NULL, NULL, NULL, NULL, NULL, NULL, NULL, NULL, NULL),
(28, '00028', 'PHILIP, BAPAK', 'CLOUD NINE ESTATE UBUD', 'GIANYAR', 'BALI', '-', '+62 821-4635-7978', '-', '-', NULL, '-', NULL, NULL, '1', 1, 'Perorangan', NULL, NULL, NULL, NULL, NULL, NULL, NULL, NULL, NULL, NULL, NULL),
(29, '00029', 'WIRABAWA, BAPAK', 'BANJAR SUSUT MARGA', 'TABANAN', 'BALI', '-', '081246577578', '-', '-', NULL, '-', NULL, NULL, '3', 1, 'Perorangan', NULL, NULL, NULL, NULL, NULL, NULL, NULL, NULL, NULL, NULL, NULL),
(30, '00030', 'ADIA, IBU', 'JL. PANTAI KEDUNGU NO.108 DESA BELALANG', 'TABANAN', 'BALI', '-', '085888872386', '-', '-', NULL, '-', NULL, NULL, '3', 1, 'Perorangan', NULL, NULL, NULL, NULL, NULL, NULL, NULL, NULL, NULL, NULL, NULL),
(31, '00031', 'FURQON, BAPAK', 'JL. GUNUNG KALIMUTU XIX', 'DENPASAR', 'BALI', '-', '082230280980', '-', '-', NULL, '-', NULL, NULL, '3', 1, 'Perorangan', NULL, NULL, NULL, NULL, NULL, NULL, NULL, NULL, NULL, NULL, NULL),
(32, '00032', 'MEGATECH SOLUSI NUSANTARA, CV', 'JL PULAU SATELIT NO 2', 'DENPASAR', 'BALI', '-', '-', '-', '-', NULL, '-', NULL, NULL, '1', 1, 'Perusahaan', NULL, NULL, NULL, NULL, NULL, NULL, NULL, NULL, NULL, NULL, NULL),
(33, '00033', 'YULI, IBU', 'JL. TUKAD BADUNG III NO. 3, RENON', 'DENPASAR', 'BALI', '-', '085211383536', '-', '-', NULL, '-', NULL, NULL, '3', 1, 'Perorangan', NULL, NULL, NULL, NULL, NULL, NULL, NULL, NULL, NULL, NULL, NULL),
(34, '00034', 'RAYMOND, BAPAK', 'LUXURY CANGGU BEACH ESTATE, CANGGU', 'BADUNG', 'BALI', '-', '085932477133', '-', '-', NULL, '-', NULL, NULL, '1', 1, 'Perorangan', NULL, NULL, NULL, NULL, NULL, NULL, NULL, NULL, NULL, NULL, NULL);
INSERT INTO `tb_pelanggan` (`IDPelanggan`, `KodePelanggan`, `NamaPelanggan`, `Alamat`, `Kota`, `Provinsi`, `KodePos`, `NoTelp`, `NoFax`, `Email`, `Email2`, `Website`, `KontakPerson`, `HP`, `Kategori`, `Status`, `Jenis`, `NamaKP1`, `JabatanKP1`, `EmailKP1`, `HPKP1`, `NamaKP2`, `JabatanKP2`, `EmailKP2`, `HPKP2`, `NamaNPWP`, `NoNPWP`, `AlamatNPWP`) VALUES
(35, '00035', 'TIKA, IBU', 'JALAN SUDIRMAN, GANG KARYA BAKTI 1, NO. 15', 'DENPASAR', 'BALI', '-', '+62 813-3703-3296', '-', '-', NULL, '-', NULL, NULL, '1', 1, 'Perorangan', NULL, NULL, NULL, NULL, NULL, NULL, NULL, NULL, NULL, NULL, NULL),
(36, '00036', 'KAWAN ENGINEERING, PT', 'NUANSA SANDAT III NO.20, KESIMAN, KERTALANGU', 'DENPASAR', 'BALI', '80237', '+62 821-3964-5745', '-', '-', NULL, '-', NULL, NULL, '1', 1, 'Perusahaan', NULL, NULL, NULL, NULL, NULL, NULL, NULL, NULL, NULL, NULL, NULL),
(37, '00037', 'KAWAN ENGINEERING', 'NUANSA SANDAT III, NO. 20, KESIMAN KERTALANGU', 'DENPASAR', 'BALI', '-', '+62 821-3964-5745', '-', '-', NULL, '-', NULL, NULL, '1', 0, 'Perusahaan', NULL, NULL, NULL, NULL, NULL, NULL, NULL, NULL, NULL, NULL, NULL),
(38, '00038', 'DEWATA KARYA SEJAHTERA, CV', 'JALAN DUKUH INDAH NO. 88X, KEROBOKAN', 'DENPASAR', 'BALI', '-', '085337377156', '-', '-', NULL, '-', NULL, NULL, '1', 1, 'Perusahaan', NULL, NULL, NULL, NULL, NULL, NULL, NULL, NULL, NULL, NULL, NULL),
(39, '00039', 'LINTAS DAYA, CV', 'JL.TUKAD CITARUM BLOK I NO 7B, PERUM SURYA GRAHA ASIH', 'DENPASAR', 'BALI', '-', '0361-238055', '-', '-', NULL, '-', NULL, NULL, '1', 1, 'Perusahaan', NULL, NULL, NULL, NULL, NULL, NULL, NULL, NULL, NULL, NULL, NULL),
(40, '00040', 'MAXYONO, BAPAK', 'ARYATAMA 11X, GG ULUN SUWI, PEMECUTAN KELOD', 'DENPASAR', 'BALI', '-', '087776952422', '-', '-', NULL, '-', NULL, NULL, '3', 1, 'Perusahaan', NULL, NULL, NULL, NULL, NULL, NULL, NULL, NULL, NULL, NULL, NULL),
(41, '00041', 'AYU ASSYAMSI, IBU', 'RUMAH ROBERT JL. ENGUBENGAN KAUH GANG SANDAT, KEROBOKAN', 'DENPASAR', 'BALI', '-', '085866546488', '-', '-', NULL, '-', NULL, NULL, '3', 1, 'Perorangan', NULL, NULL, NULL, NULL, NULL, NULL, NULL, NULL, NULL, NULL, NULL),
(42, '00042', 'ANJAR PRASETYA, BAPAK', 'JL. PURA MASUKA GANG PUDAK SARI NO 4 UNGASAN, VILLA ARDENIA', 'DENPASAR', 'BALI', '-', '081237622823', '-', '-', NULL, '-', NULL, NULL, '3', 1, 'Perorangan', NULL, NULL, NULL, NULL, NULL, NULL, NULL, NULL, NULL, NULL, NULL),
(43, '00043', 'CORRY, IBU', 'JL. GUBUG SARI PERUMAHAN SEMARA REGENCY NO. 11 KUTUH, NUSA DUA', 'BADUNG', 'BALI', '-', '0818321149', '-', '-', NULL, '-', NULL, NULL, '3', 1, 'Perorangan', NULL, NULL, NULL, NULL, NULL, NULL, NULL, NULL, NULL, NULL, NULL),
(44, '00044', 'SONY, BAPAK', 'JL. SUGRIWA NO. 42 UBUD', 'GIANYAR', 'BALI', '-', '081916178086', '-', '-', NULL, '-', NULL, NULL, '3', 1, 'Perorangan', NULL, NULL, NULL, NULL, NULL, NULL, NULL, NULL, NULL, NULL, NULL),
(45, '00045', 'JHON, BAPAK', 'JALAN TEMU DEWI VILLA RONIN, PECATU', 'BADUNG', 'BALI', '-', '08111339856', '-', '-', NULL, '-', NULL, NULL, '3', 1, 'Perorangan', NULL, NULL, NULL, NULL, NULL, NULL, NULL, NULL, NULL, NULL, NULL);



INSERT INTO `tb_pelanggan_file_category` (`IDFileCategory`, `Nama`, `Status`, `DateCreated`, `CreatedBy`, `DateModified`, `ModifiedBy`) VALUES
(1, 'FILE PRIBADI', 1, '2023-09-03 10:54:41', 1, '2023-10-21 22:33:24', 1);


INSERT INTO `tb_penerimaan_stok` (`IDPenerimaan`, `NoPenerimaanBarang`, `NoPO`, `Tanggal`, `IDSupplier`, `IDPenjualan`, `IDGudang`, `TotalQty`, `TotalJenisItem`, `TotalHPP`, `Keterangan`, `Status`, `DeletedDate`, `DeletedBy`, `DeletedRemark`, `DateCreated`, `CreatedBy`, `DateModified`, `ModifiedBy`) VALUES
(1, 'PB/SPN/2024/01/001', 'PO/SPN/2024/01/002', '2024-01-01', 3, 0, 1, 62, 16, 136583624.00, 'PENERIMAAN TAHAP I', 1, NULL, NULL, NULL, '2024-01-10 12:30:57', 1, NULL, NULL);
INSERT INTO `tb_penerimaan_stok` (`IDPenerimaan`, `NoPenerimaanBarang`, `NoPO`, `Tanggal`, `IDSupplier`, `IDPenjualan`, `IDGudang`, `TotalQty`, `TotalJenisItem`, `TotalHPP`, `Keterangan`, `Status`, `DeletedDate`, `DeletedBy`, `DeletedRemark`, `DateCreated`, `CreatedBy`, `DateModified`, `ModifiedBy`) VALUES
(2, 'PB/SPN/2024/01/002', 'PO/SPN/2024/01/003', '2024-01-01', 3, 0, 1, 6, 4, 77291721.00, 'PENERIMAAN TAHAP I', 1, NULL, NULL, NULL, '2024-01-10 12:31:09', 1, NULL, NULL);
INSERT INTO `tb_penerimaan_stok` (`IDPenerimaan`, `NoPenerimaanBarang`, `NoPO`, `Tanggal`, `IDSupplier`, `IDPenjualan`, `IDGudang`, `TotalQty`, `TotalJenisItem`, `TotalHPP`, `Keterangan`, `Status`, `DeletedDate`, `DeletedBy`, `DeletedRemark`, `DateCreated`, `CreatedBy`, `DateModified`, `ModifiedBy`) VALUES
(3, 'PB/SPN/2024/01/003', 'PO/SPN/P/2024/01/004', '2024-01-09', 12, 8, 1, 1, 1, 3460425.00, NULL, 1, NULL, NULL, NULL, '2024-01-10 11:00:11', 1, NULL, NULL);
INSERT INTO `tb_penerimaan_stok` (`IDPenerimaan`, `NoPenerimaanBarang`, `NoPO`, `Tanggal`, `IDSupplier`, `IDPenjualan`, `IDGudang`, `TotalQty`, `TotalJenisItem`, `TotalHPP`, `Keterangan`, `Status`, `DeletedDate`, `DeletedBy`, `DeletedRemark`, `DateCreated`, `CreatedBy`, `DateModified`, `ModifiedBy`) VALUES
(4, 'PB/SPN/2024/01/004', 'PO/SPN/2024/01/004', '2024-01-10', 3, 15, 1, 2, 1, 500000.00, NULL, 1, NULL, NULL, NULL, '2024-01-10 15:49:52', 1, NULL, NULL),
(5, 'PB/SPN/2024/01/005', 'PO/SPN/2024/01/005', '2024-01-10', 3, 16, 1, 2, 1, 500000.00, NULL, 1, NULL, NULL, NULL, '2024-01-10 15:50:40', 1, NULL, NULL),
(6, 'PB/SPN/2024/01/006', 'PO/SPN/2024/01/006', '2024-01-11', 3, 0, 1, 41, 20, 4323257.00, NULL, 2, '2024-01-11 15:18:25', 1, 'REVISI JUMLAH PENERIMAAN UNIT', '2024-01-12 10:58:20', 1, '2024-01-11 15:18:25', 1),
(7, 'PB/SPN/2024/01/007', 'PO/SPN/2024/01/006', '2024-01-12', 3, 0, 1, 36, 17, 8571105.00, 'STOK AWAL SOPAN', 1, NULL, NULL, NULL, '2024-01-12 11:27:19', 1, NULL, NULL),
(8, 'PB/SPN/2024/01/008', 'PO/SPN/P/2024/01/003', '2024-01-16', 2, 7, 1, 10, 1, 176906250.00, NULL, 1, NULL, NULL, NULL, '2024-01-16 11:07:46', 1, NULL, NULL),
(9, 'PB/SPN/2024/01/009', 'PO/SPN/P/2024/01/005', '2024-01-16', 2, 6, 1, 15, 2, 47914833.00, NULL, 1, NULL, NULL, NULL, '2024-01-16 11:09:16', 1, NULL, NULL),
(10, 'PB/SPN/2024/01/010', 'PO/SPN/P/2024/01/006', '2024-01-16', 2, 0, 1, 15, 2, 43629177.00, NULL, 1, NULL, NULL, NULL, '2024-01-16 11:10:11', 1, NULL, NULL),
(11, 'PB/SPN/2024/01/011', 'PO/SPN/2024/01/010', '2024-01-18', 3, 0, 1, 18, 7, 62436654.00, 'PENERIMAAN TAHAP II', 1, NULL, NULL, NULL, '2024-01-18 14:34:33', 1, NULL, NULL),
(12, 'PB/SPN/2024/01/012', 'PO/SPN/2024/01/012', '2024-01-19', 3, 0, 1, 5, 1, 1250000.00, NULL, 1, NULL, NULL, NULL, '2024-01-19 11:54:01', 1, NULL, NULL);

INSERT INTO `tb_penerimaan_stok_detail` (`IDDetail`, `NoPenerimaanBarang`, `NoUrut`, `IDBarang`, `NamaBarang`, `Qty`, `SN`, `HPP`, `IsPaket`, `SubTotal`, `DateCreated`, `CreatedBy`, `DateModified`, `ModifiedBy`) VALUES
(1, 'PB/SPN/2024/01/001', 0, 4, 'ARISTON - ANDRIS 2 B 10 L', 3, NULL, 1362957.00, 0, NULL, '2024-01-09 15:55:48', NULL, NULL, NULL);
INSERT INTO `tb_penerimaan_stok_detail` (`IDDetail`, `NoPenerimaanBarang`, `NoUrut`, `IDBarang`, `NamaBarang`, `Qty`, `SN`, `HPP`, `IsPaket`, `SubTotal`, `DateCreated`, `CreatedBy`, `DateModified`, `ModifiedBy`) VALUES
(2, 'PB/SPN/2024/01/001', 1, 5, 'ARISTON - ANDRIS 2 B 15 L', 3, NULL, 1633541.00, 0, NULL, '2024-01-09 15:55:48', NULL, NULL, NULL);
INSERT INTO `tb_penerimaan_stok_detail` (`IDDetail`, `NoPenerimaanBarang`, `NoUrut`, `IDBarang`, `NamaBarang`, `Qty`, `SN`, `HPP`, `IsPaket`, `SubTotal`, `DateCreated`, `CreatedBy`, `DateModified`, `ModifiedBy`) VALUES
(3, 'PB/SPN/2024/01/001', 2, 89, 'ARISTON - AURES LUXURY', 2, NULL, 2988300.00, 0, NULL, '2024-01-09 15:55:48', NULL, NULL, NULL);
INSERT INTO `tb_penerimaan_stok_detail` (`IDDetail`, `NoPenerimaanBarang`, `NoUrut`, `IDBarang`, `NamaBarang`, `Qty`, `SN`, `HPP`, `IsPaket`, `SubTotal`, `DateCreated`, `CreatedBy`, `DateModified`, `ModifiedBy`) VALUES
(4, 'PB/SPN/2024/01/001', 3, 6, 'ARISTON - ANDRIS 2 B 30 L', 3, NULL, 2106630.00, 0, NULL, '2024-01-09 15:55:48', NULL, NULL, NULL),
(5, 'PB/SPN/2024/01/001', 4, 22, 'ARISTON - DOVE PLUS 100 L', 9, NULL, 2939710.00, 0, NULL, '2024-01-09 15:55:48', NULL, NULL, NULL),
(6, 'PB/SPN/2024/01/001', 5, 20, 'ARISTON - DOVE PLUS 50 L', 1, NULL, 2303178.00, 0, NULL, '2024-01-09 15:55:48', NULL, NULL, NULL),
(7, 'PB/SPN/2024/01/001', 6, 21, 'ARISTON - DOVE PLUS 80 L', 8, NULL, 2672464.00, 0, NULL, '2024-01-09 15:55:48', NULL, NULL, NULL),
(8, 'PB/SPN/2024/01/001', 7, 49, 'ARISTON - HPSF AR - 12SM', 3, NULL, 33745615.00, 0, NULL, '2024-01-09 15:55:48', NULL, NULL, NULL),
(9, 'PB/SPN/2024/01/001', 8, 48, 'ARISTON - HPSF AR - 6SM', 2, NULL, 17945673.00, 0, NULL, '2024-01-09 15:55:48', NULL, NULL, NULL),
(10, 'PB/SPN/2024/01/001', 9, 91, 'ARISTON - HPSF AR - 8SM', 3, NULL, 23622415.00, 0, NULL, '2024-01-09 15:55:48', NULL, NULL, NULL),
(11, 'PB/SPN/2024/01/001', 10, 37, 'ARISTON - LYDOS HYBRID WIFI - 100 L', 2, NULL, 8519956.00, 0, NULL, '2024-01-09 15:55:48', NULL, NULL, NULL),
(12, 'PB/SPN/2024/01/001', 11, 36, 'ARISTON - LYDOS HYBRID WIFI - 80 L', 2, NULL, 6908236.00, 0, NULL, '2024-01-09 15:55:48', NULL, NULL, NULL),
(13, 'PB/SPN/2024/01/001', 12, 38, 'ARISTON - NUOS PRIMO HC - 200 L', 2, NULL, 19713600.00, 0, NULL, '2024-01-09 15:55:48', NULL, NULL, NULL),
(14, 'PB/SPN/2024/01/001', 13, 27, 'ARISTON - PRO 1 ECO V - 80 L', 5, NULL, 3833770.00, 0, NULL, '2024-01-09 15:55:48', NULL, NULL, NULL),
(15, 'PB/SPN/2024/01/001', 14, 25, 'ARISTON - PRO R 100 L', 8, NULL, 3289560.00, 0, NULL, '2024-01-09 15:55:48', NULL, NULL, NULL),
(16, 'PB/SPN/2024/01/001', 15, 24, 'ARISTON - PRO R 80 L', 6, NULL, 2998019.00, 0, NULL, '2024-01-09 15:55:48', NULL, NULL, NULL),
(17, 'PB/SPN/2024/01/002', 0, 49, 'ARISTON - HPSF AR - 12SM', 1, NULL, 30933480.00, 0, NULL, '2024-01-09 15:57:50', NULL, NULL, NULL),
(18, 'PB/SPN/2024/01/002', 1, 91, 'ARISTON - HPSF AR - 8SM', 2, NULL, 21653880.00, 0, NULL, '2024-01-09 15:57:50', NULL, NULL, NULL),
(19, 'PB/SPN/2024/01/002', 2, 37, 'ARISTON - LYDOS HYBRID WIFI - 100 L', 2, NULL, 7454961.00, 0, NULL, '2024-01-09 15:57:50', NULL, NULL, NULL),
(20, 'PB/SPN/2024/01/002', 3, 38, 'ARISTON - NUOS PRIMO HC - 200 L', 1, NULL, 17249400.00, 0, NULL, '2024-01-09 15:57:50', NULL, NULL, NULL),
(21, 'PB/SPN/2024/01/003', 0, 13, 'ARISTON - ANDRIS 2 LUX 30 L', 1, NULL, 3460425.00, 0, NULL, '2024-01-10 11:00:11', NULL, NULL, NULL),
(22, 'PB/SPN/2024/01/004', 0, 95, 'ELCB 220V 10A 30MA', 2, NULL, 250000.00, 0, NULL, '2024-01-10 15:49:52', NULL, NULL, NULL),
(23, 'PB/SPN/2024/01/005', 0, 95, 'ELCB 220V 10A 30MA', 2, NULL, 250000.00, 0, NULL, '2024-01-10 15:50:40', NULL, NULL, NULL),
(24, 'PB/SPN/2024/01/006', 0, 102, 'ARISTON - 977127-01 ANODE D:25,5 L:180 M5-M8', 3, NULL, 167913.00, 0, NULL, '2024-01-11 14:11:10', NULL, NULL, NULL),
(25, 'PB/SPN/2024/01/006', 1, 103, 'ARISTON - 816616 HEATING ELEMENT 1500W 230V', 2, NULL, 308126.00, 0, NULL, '2024-01-11 14:11:10', NULL, NULL, NULL),
(26, 'PB/SPN/2024/01/006', 2, 104, 'ARISTON - 65103691 FLANGE WITH GASKET ARISTON', 4, NULL, 71040.00, 0, NULL, '2024-01-11 14:11:10', NULL, NULL, NULL),
(27, 'PB/SPN/2024/01/006', 3, 105, 'ARISTON - 65190474 THERMOSTAT', 1, NULL, 173475.00, 0, NULL, '2024-01-11 14:11:10', NULL, NULL, NULL),
(28, 'PB/SPN/2024/01/006', 4, 106, 'ARISTON - 504342-CN SAFETY VALVE WITH LEVER', 2, NULL, 121428.00, 0, NULL, '2024-01-11 14:11:10', NULL, NULL, NULL),
(29, 'PB/SPN/2024/01/006', 5, 107, 'ARISTON - 65190902 ELECTRONIC THERMOSTAT', 2, NULL, 290231.00, 0, NULL, '2024-01-11 14:11:10', NULL, NULL, NULL),
(30, 'PB/SPN/2024/01/006', 6, 108, 'ARISTON - 65191021 HEATING ELEMENT 200W 230V', 1, NULL, 202399.00, 0, NULL, '2024-01-11 14:11:10', NULL, NULL, NULL),
(31, 'PB/SPN/2024/01/006', 7, 109, 'ARISTON - 65190861 FLANGE 5B', 1, NULL, 68953.00, 0, NULL, '2024-01-11 14:11:10', NULL, NULL, NULL),
(32, 'PB/SPN/2024/01/006', 8, 110, 'ARISTON - 65190901 FLANGE GASKET', 1, NULL, 27561.00, 0, NULL, '2024-01-11 14:11:10', NULL, NULL, NULL),
(33, 'PB/SPN/2024/01/006', 9, 111, 'ARISTON - 65190737 THERMOSTAT', 3, NULL, 113163.00, 0, NULL, '2024-01-11 14:11:10', NULL, NULL, NULL),
(34, 'PB/SPN/2024/01/006', 10, 112, 'ARISTON - 65115827 ELECTRONIC THERMOSTAT', 1, NULL, 264799.00, 0, NULL, '2024-01-11 14:11:10', NULL, NULL, NULL),
(35, 'PB/SPN/2024/01/006', 11, 113, 'ARISTON - 571730 SAFETY VALVE WITH LEVER (1/2 8,5 BAR)', 1, NULL, 233302.00, 0, NULL, '2024-01-11 14:11:10', NULL, NULL, NULL),
(36, 'PB/SPN/2024/01/006', 12, 114, 'ARISTON - 65190494 HEATING ELEMENT 350W 230V', 2, NULL, 293847.00, 0, NULL, '2024-01-11 14:11:10', NULL, NULL, NULL),
(37, 'PB/SPN/2024/01/006', 13, 116, 'ARISTON - 65115849 HEATING ELEMENT 350W 220-240V', 2, NULL, 469025.00, 0, NULL, '2024-01-11 14:11:10', NULL, NULL, NULL),
(38, 'PB/SPN/2024/01/006', 14, 115, 'ARISTON - 65191020 HEATING ELEMENT 350W 230V', 2, NULL, 232270.00, 0, NULL, '2024-01-11 14:11:10', NULL, NULL, NULL),
(39, 'PB/SPN/2024/01/006', 15, 117, 'ARISTON - 65190898 THERMOSTAT', 2, NULL, 168462.00, 0, NULL, '2024-01-11 14:11:10', NULL, NULL, NULL),
(40, 'PB/SPN/2024/01/006', 16, 118, 'ARISTON - 65103768-VN ANODE D:21,3 L:110 M5', 2, NULL, 98765.00, 0, NULL, '2024-01-11 14:11:10', NULL, NULL, NULL),
(41, 'PB/SPN/2024/01/006', 17, 119, 'ARISTON - 993014-VN ANODE D:21.3 L:185 M5', 3, NULL, 96978.00, 0, NULL, '2024-01-11 14:11:10', NULL, NULL, NULL),
(42, 'PB/SPN/2024/01/006', 18, 120, 'ARISTON - 65108564 ELECTRONIC THERMOSTAT', 2, NULL, 479520.00, 0, NULL, '2024-01-11 14:11:10', NULL, NULL, NULL),
(43, 'PB/SPN/2024/01/006', 19, 67, 'ARISTON - 3623356 ELCB-16-I', 4, NULL, 442000.00, 0, NULL, '2024-01-11 14:11:10', NULL, NULL, NULL),
(44, 'PB/SPN/2024/01/007', 0, 102, 'ARISTON - 977127-01 ANODE D:25,5 L:180 M5-M8', 3, NULL, 167913.00, 0, NULL, '2024-01-12 11:27:19', NULL, NULL, NULL),
(45, 'PB/SPN/2024/01/007', 1, 103, 'ARISTON - 816616 HEATING ELEMENT 1500W 230V', 2, NULL, 308126.00, 0, NULL, '2024-01-12 11:27:19', NULL, NULL, NULL),
(46, 'PB/SPN/2024/01/007', 2, 104, 'ARISTON - 65103691 FLANGE WITH GASKET ARISTON', 4, NULL, 71040.00, 0, NULL, '2024-01-12 11:27:19', NULL, NULL, NULL),
(47, 'PB/SPN/2024/01/007', 3, 105, 'ARISTON - 65190474 THERMOSTAT', 1, NULL, 173475.00, 0, NULL, '2024-01-12 11:27:19', NULL, NULL, NULL),
(48, 'PB/SPN/2024/01/007', 4, 106, 'ARISTON - 504342-CN SAFETY VALVE WITH LEVER', 2, NULL, 121428.00, 0, NULL, '2024-01-12 11:27:19', NULL, NULL, NULL),
(49, 'PB/SPN/2024/01/007', 5, 107, 'ARISTON - 65190902 ELECTRONIC THERMOSTAT', 2, NULL, 290231.00, 0, NULL, '2024-01-12 11:27:19', NULL, NULL, NULL),
(50, 'PB/SPN/2024/01/007', 6, 111, 'ARISTON - 65190737 THERMOSTAT', 2, NULL, 113163.00, 0, NULL, '2024-01-12 11:27:19', NULL, NULL, NULL),
(51, 'PB/SPN/2024/01/007', 7, 112, 'ARISTON - 65115827 ELECTRONIC THERMOSTAT', 1, NULL, 264799.00, 0, NULL, '2024-01-12 11:27:19', NULL, NULL, NULL),
(52, 'PB/SPN/2024/01/007', 8, 113, 'ARISTON - 571730 SAFETY VALVE WITH LEVER (1/2 8,5 BAR)', 1, NULL, 233302.00, 0, NULL, '2024-01-12 11:27:19', NULL, NULL, NULL),
(53, 'PB/SPN/2024/01/007', 9, 114, 'ARISTON - 65190494 HEATING ELEMENT 350W 230V', 2, NULL, 293847.00, 0, NULL, '2024-01-12 11:27:19', NULL, NULL, NULL),
(54, 'PB/SPN/2024/01/007', 10, 116, 'ARISTON - 65115849 HEATING ELEMENT 350W 220-240V', 2, NULL, 469025.00, 0, NULL, '2024-01-12 11:27:19', NULL, NULL, NULL),
(55, 'PB/SPN/2024/01/007', 11, 115, 'ARISTON - 65191020 HEATING ELEMENT 350W 230V', 2, NULL, 232270.00, 0, NULL, '2024-01-12 11:27:19', NULL, NULL, NULL),
(56, 'PB/SPN/2024/01/007', 12, 117, 'ARISTON - 65190898 THERMOSTAT', 2, NULL, 168462.00, 0, NULL, '2024-01-12 11:27:19', NULL, NULL, NULL),
(57, 'PB/SPN/2024/01/007', 13, 118, 'ARISTON - 65103768-VN ANODE D:21,3 L:110 M5', 2, NULL, 98765.00, 0, NULL, '2024-01-12 11:27:19', NULL, NULL, NULL),
(58, 'PB/SPN/2024/01/007', 14, 119, 'ARISTON - 993014-VN ANODE D:21.3 L:185 M5', 2, NULL, 96978.00, 0, NULL, '2024-01-12 11:27:19', NULL, NULL, NULL),
(59, 'PB/SPN/2024/01/007', 15, 120, 'ARISTON - 65108564 ELECTRONIC THERMOSTAT', 2, NULL, 479520.00, 0, NULL, '2024-01-12 11:27:19', NULL, NULL, NULL),
(60, 'PB/SPN/2024/01/007', 16, 67, 'ARISTON - 3623356 ELCB-16-I', 4, NULL, 442000.00, 0, NULL, '2024-01-12 11:27:19', NULL, NULL, NULL),
(61, 'PB/SPN/2024/01/008', 0, 35, 'ARISTON - ARI 300 STAB 570 THER', 10, NULL, 17690625.00, 0, NULL, '2024-01-16 11:07:46', NULL, NULL, NULL),
(62, 'PB/SPN/2024/01/009', 0, 25, 'ARISTON - PRO R 100 L', 13, NULL, 3289559.00, 0, NULL, '2024-01-16 11:09:16', NULL, NULL, NULL),
(63, 'PB/SPN/2024/01/009', 1, 23, 'ARISTON - PRO R 50 L', 2, NULL, 2575283.00, 0, NULL, '2024-01-16 11:09:16', NULL, NULL, NULL),
(64, 'PB/SPN/2024/01/010', 0, 25, 'ARISTON - PRO R 100 L', 7, NULL, 3289559.00, 0, NULL, '2024-01-16 11:10:11', NULL, NULL, NULL),
(65, 'PB/SPN/2024/01/010', 1, 23, 'ARISTON - PRO R 50 L', 8, NULL, 2575283.00, 0, NULL, '2024-01-16 11:10:11', NULL, NULL, NULL),
(66, 'PB/SPN/2024/01/011', 0, 4, 'ARISTON - ANDRIS 2 B 10 L', 2, NULL, 1362957.00, 0, NULL, '2024-01-18 14:34:33', NULL, NULL, NULL),
(67, 'PB/SPN/2024/01/011', 1, 5, 'ARISTON - ANDRIS 2 B 15 L', 7, NULL, 1633541.00, 0, NULL, '2024-01-18 14:34:33', NULL, NULL, NULL),
(68, 'PB/SPN/2024/01/011', 2, 6, 'ARISTON - ANDRIS 2 B 30 L', 4, NULL, 2106630.00, 0, NULL, '2024-01-18 14:34:33', NULL, NULL, NULL),
(69, 'PB/SPN/2024/01/011', 3, 33, 'ARISTON - ARI 200 VERT 530 THER', 2, NULL, 8491500.00, 0, NULL, '2024-01-18 14:34:33', NULL, NULL, NULL),
(70, 'PB/SPN/2024/01/011', 4, 38, 'ARISTON - NUOS PRIMO HC - 200 L', 1, NULL, 17249400.00, 0, NULL, '2024-01-18 14:34:33', NULL, NULL, NULL),
(71, 'PB/SPN/2024/01/011', 5, 24, 'ARISTON - PRO R 80 L', 1, NULL, 2998019.00, 0, NULL, '2024-01-18 14:34:33', NULL, NULL, NULL),
(72, 'PB/SPN/2024/01/011', 6, 16, 'ARISTON - SLIM 2 RS 20 L', 1, NULL, 2619014.00, 0, NULL, '2024-01-18 14:34:33', NULL, NULL, NULL),
(73, 'PB/SPN/2024/01/012', 0, 95, 'ELCB 220V 10A 30MA', 5, NULL, 250000.00, 0, NULL, '2024-01-19 11:54:01', NULL, NULL, NULL);





INSERT INTO `tb_penjualan` (`IDPenjualan`, `NoPenjualan`, `NoSPH`, `NoPOKonsumen`, `IDSales`, `IDPelanggan`, `Jenis`, `Tipe`, `Tanggal`, `TotalItem`, `Total`, `Diskon`, `DiskonPersen`, `Total2`, `PPN`, `PPNPersen`, `GrandTotal`, `OngkosKirim`, `TotalPembayaran`, `TotalHPP`, `TotalHPPReal`, `TotalMargin`, `IsComplete`, `Kembali`, `Sisa`, `Keterangan`, `Prihal`, `TermAndCondition`, `Included`, `TanggalPemasangan`, `KondisiPembayaran`, `DP`, `TerminI`, `TerminII`, `TerminIII`, `TerminIV`, `TerminV`, `Kategori`, `DeletedDate`, `DeletedBy`, `DeletedRemark`, `CreatedBy`, `DateCreated`, `ModifiedBy`, `DateModified`) VALUES
(1, 'SPB/ASC/2024/01/0001', 'SPH/ASC/2024/01/0001', NULL, 488, 1, 'Instalasi Plumbing & Elektrikal', 1, '2024-01-03', 0, 185000.00, 0.00, '0', 185000.00, 0.00, 0, 185000.00, 0.00, 0.00, 0.00, 0.00, 185000.00, 0, 0.00, 185000.00, NULL, NULL, NULL, NULL, NULL, NULL, 0, 0, 0, 0, 100, 0, 'Client', NULL, NULL, NULL, 1, '2024-01-03 10:06:47', NULL, NULL);
INSERT INTO `tb_penjualan` (`IDPenjualan`, `NoPenjualan`, `NoSPH`, `NoPOKonsumen`, `IDSales`, `IDPelanggan`, `Jenis`, `Tipe`, `Tanggal`, `TotalItem`, `Total`, `Diskon`, `DiskonPersen`, `Total2`, `PPN`, `PPNPersen`, `GrandTotal`, `OngkosKirim`, `TotalPembayaran`, `TotalHPP`, `TotalHPPReal`, `TotalMargin`, `IsComplete`, `Kembali`, `Sisa`, `Keterangan`, `Prihal`, `TermAndCondition`, `Included`, `TanggalPemasangan`, `KondisiPembayaran`, `DP`, `TerminI`, `TerminII`, `TerminIII`, `TerminIV`, `TerminV`, `Kategori`, `DeletedDate`, `DeletedBy`, `DeletedRemark`, `CreatedBy`, `DateCreated`, `ModifiedBy`, `DateModified`) VALUES
(2, 'SPB/YUDHA/2024/01/0001', 'SPH/YUDHA/2024/01/0001', NULL, 51, 2, '', 1, '2024-01-03', 0, 3459000.00, 0.00, '0', 3459000.00, 0.00, 0, 3459000.00, 0.00, 0.00, 2939710.00, 2939710.00, 519290.00, 1, 0.00, 3459000.00, NULL, NULL, NULL, NULL, NULL, NULL, 0, 0, 0, 0, 100, 0, 'Client', NULL, NULL, NULL, 1, '2024-01-03 10:45:20', NULL, NULL);
INSERT INTO `tb_penjualan` (`IDPenjualan`, `NoPenjualan`, `NoSPH`, `NoPOKonsumen`, `IDSales`, `IDPelanggan`, `Jenis`, `Tipe`, `Tanggal`, `TotalItem`, `Total`, `Diskon`, `DiskonPersen`, `Total2`, `PPN`, `PPNPersen`, `GrandTotal`, `OngkosKirim`, `TotalPembayaran`, `TotalHPP`, `TotalHPPReal`, `TotalMargin`, `IsComplete`, `Kembali`, `Sisa`, `Keterangan`, `Prihal`, `TermAndCondition`, `Included`, `TanggalPemasangan`, `KondisiPembayaran`, `DP`, `TerminI`, `TerminII`, `TerminIII`, `TerminIV`, `TerminV`, `Kategori`, `DeletedDate`, `DeletedBy`, `DeletedRemark`, `CreatedBy`, `DateCreated`, `ModifiedBy`, `DateModified`) VALUES
(3, 'SPB/YUDHA/2024/01/0002', 'SPH/YUDHA/2024/01/0002', NULL, 51, 3, '', 1, '2024-01-03', 0, 13836000.00, 0.00, '0', 13836000.00, 0.00, 0, 13836000.00, 0.00, 0.00, 11758840.00, 11758840.00, 2077160.00, 1, 0.00, 13836000.00, NULL, NULL, NULL, NULL, NULL, NULL, 0, 0, 0, 0, 100, 0, NULL, NULL, NULL, NULL, 1, '2024-01-03 10:46:53', NULL, NULL);
INSERT INTO `tb_penjualan` (`IDPenjualan`, `NoPenjualan`, `NoSPH`, `NoPOKonsumen`, `IDSales`, `IDPelanggan`, `Jenis`, `Tipe`, `Tanggal`, `TotalItem`, `Total`, `Diskon`, `DiskonPersen`, `Total2`, `PPN`, `PPNPersen`, `GrandTotal`, `OngkosKirim`, `TotalPembayaran`, `TotalHPP`, `TotalHPPReal`, `TotalMargin`, `IsComplete`, `Kembali`, `Sisa`, `Keterangan`, `Prihal`, `TermAndCondition`, `Included`, `TanggalPemasangan`, `KondisiPembayaran`, `DP`, `TerminI`, `TerminII`, `TerminIII`, `TerminIV`, `TerminV`, `Kategori`, `DeletedDate`, `DeletedBy`, `DeletedRemark`, `CreatedBy`, `DateCreated`, `ModifiedBy`, `DateModified`) VALUES
(4, 'SPB/YUDHA/2024/01/0003', 'SPH/YUDHA/2024/01/0003', NULL, 51, 4, 'Umum', 1, '2024-01-05', 11, 40226450.00, 0.00, '0', 40226450.00, 0.00, 0, 40226450.00, 0.00, 0.00, 32871300.00, 32871300.00, 7355150.00, 0, 0.00, 40226450.00, NULL, NULL, NULL, NULL, NULL, 'DP 50%, PELUNASAN 50% SETELAH BARANG TERKIRIM', 50, 0, 0, 0, 50, 0, NULL, NULL, NULL, NULL, 1, '2024-01-05 14:49:24', 1, '2024-01-06 13:37:00'),
(5, 'SPB/YUDHA/2024/01/0004', 'SPH/YUDHA/2024/01/0004', NULL, 51, 5, '', 1, '2024-01-05', 0, 30250000.00, 0.00, '0', 30250000.00, 0.00, 0, 30250000.00, 0.00, 0.00, 23562120.00, 23562120.00, 6687880.00, 1, 0.00, 30250000.00, NULL, NULL, NULL, NULL, NULL, 'DP 50%, PELUNASAN 50% SETELAH BARANG TERKIRIM', 50, 0, 0, 0, 50, 0, NULL, NULL, NULL, NULL, 1, '2024-01-05 15:18:11', NULL, NULL),
(6, 'SPB/YUDHA/2024/01/0005', 'SPH/YUDHA/2024/01/0005', NULL, 51, 6, '', 1, '2024-01-05', 0, 124157500.00, 55870875.00, '45', 68286625.00, 0.00, 0, 68286625.00, 0.00, 0.00, 57198387.00, 57198387.00, 11088238.00, 0, 0.00, 68286625.00, NULL, NULL, NULL, NULL, NULL, 'DP 50% PELUNASAN 50% SEBELUM BARANG TERKIRIM', 50, 0, 0, 0, 50, 0, NULL, NULL, NULL, NULL, 1, '2024-01-05 16:21:26', NULL, NULL),
(7, 'SPB/YUDHA/2024/01/0006', 'SPH/YUDHA/2024/01/0006', NULL, 51, 7, 'Umum', 1, '2024-01-03', 0, 378409990.00, 170284496.00, '45', 208125494.00, 0.00, 0, 208125494.00, 0.00, 0.00, 176906250.00, 176906250.00, 31219244.00, 0, 0.00, 208125494.00, NULL, 'DP 30% PELUNASAN 70 % SESUAI BARANG DIKIRIM', NULL, NULL, NULL, NULL, 30, 0, 0, 0, 70, 0, 'Client', NULL, NULL, NULL, 1, '2024-01-06 13:35:26', 1, '2024-01-06 13:38:43'),
(8, 'SPB/YUDHA/2024/01/0007', 'SPH/YUDHA/2024/01/0007', NULL, 51, 8, '', 1, '2024-01-03', 0, 6132245.00, 2146286.00, '35', 3985959.00, 0.00, 0, 3985959.00, 0.00, 0.00, 3117500.00, 3117500.00, 868459.00, 1, 0.00, 3985959.00, NULL, 'FEE BAPAK DODIK 306.000 / UNIT', NULL, NULL, NULL, NULL, 0, 0, 0, 0, 100, 0, NULL, NULL, NULL, NULL, 1, '2024-01-06 13:49:35', NULL, NULL),
(9, 'SPB/ARIS/2024/01/0001', 'SPH/ARIS/2024/01/0001', NULL, 409, 9, '', 1, '2024-01-04', 0, 2000000.00, 0.00, '0', 2000000.00, 0.00, 0, 2000000.00, 0.00, 0.00, 1633541.00, 1633541.00, 366459.00, 1, 0.00, 2000000.00, NULL, NULL, NULL, NULL, NULL, NULL, 0, 0, 0, 0, 100, 0, NULL, NULL, NULL, NULL, 1, '2024-01-06 13:57:33', NULL, NULL),
(10, 'SPB/YUDHA/2024/01/0008', 'SPH/YUDHA/2024/01/0008', NULL, 51, 11, '', 1, '2024-01-06', 0, 25821250.00, 0.00, '0', 25821250.00, 0.00, 0, 25821250.00, 0.00, 0.00, 15685922.00, 15685922.00, 10135328.00, 2, 0.00, 25821250.00, NULL, NULL, NULL, NULL, NULL, NULL, 50, 0, 0, 0, 50, 0, 'Client', '2024-01-09 14:14:38', 1, 'GANTI ELCB SEBELUMNYA ELCB 220V 10A 30MA MENJADI ELCB ARISTON', 1, '2024-01-08 16:11:26', NULL, NULL),
(11, 'SPB/ASC/2024/01/0002', 'SPH/ASC/2024/01/0002', NULL, 488, 10, 'Sparepart & Service', 1, '2024-01-08', 0, 285000.00, 0.00, '0', 285000.00, 0.00, 0, 285000.00, 0.00, 0.00, 0.00, 0.00, 285000.00, 0, 0.00, 285000.00, NULL, NULL, NULL, NULL, NULL, NULL, 0, 0, 0, 0, 100, 0, 'Client', NULL, NULL, NULL, 1, '2024-01-08 16:55:08', 1, '2024-01-08 16:57:25'),
(12, 'SPB/ASC/2024/01/0003', 'SPH/ASC/2024/01/0003', NULL, 488, 12, 'Sparepart & Service', 1, '2024-01-09', 0, 270000.00, 0.00, '0', 270000.00, 0.00, 0, 270000.00, 0.00, 0.00, 0.00, 0.00, 270000.00, 0, 0.00, 270000.00, NULL, NULL, NULL, NULL, NULL, NULL, 0, 0, 0, 0, 100, 0, 'Client', NULL, NULL, NULL, 1, '2024-01-09 10:17:55', NULL, NULL),
(13, 'SPB/YUDHA/2024/01/0009', 'SPH/YUDHA/2024/01/0009', NULL, 51, 11, '', 1, '2024-01-06', 0, 25821250.00, 0.00, '0', 25821250.00, 0.00, 0, 25821250.00, 0.00, 0.00, 15793922.00, 15793922.00, 10027328.00, 2, 0.00, 25821250.00, NULL, NULL, NULL, NULL, NULL, NULL, 50, 0, 0, 0, 50, 0, 'Client', '2024-01-09 14:56:07', 1, 'GANTI ELCB SEBELUMNYA ELCB ARISTON MENJADI ELCB 220V 10A 30MA', 1, '2024-01-09 14:25:08', NULL, NULL),
(14, 'SPB/YUDHA/2024/01/0010', 'SPH/YUDHA/2024/01/0010', NULL, 51, 11, '', 1, '2024-01-09', 0, 21814516.00, 0.00, '0', 21814516.00, 0.00, 0, 21814516.00, 0.00, 0.00, 14700472.00, 14700472.00, 7114044.00, 2, 0.00, 21814516.00, NULL, NULL, NULL, NULL, NULL, NULL, 50, 0, 0, 0, 50, 0, 'Client', '2024-01-09 14:57:58', 1, 'GANTI ELCB SEBELUMNYA ELCB ARISTON MENJADI ELCB 220V 10A 30MA', 1, '2024-01-09 14:34:22', NULL, NULL),
(15, 'SPB/YUDHA/2024/01/0011', 'SPH/YUDHA/2024/01/0011', NULL, 51, 11, '', 1, '2024-01-06', 0, 25821250.00, 0.00, '0', 25821250.00, 0.00, 0, 25821250.00, 0.00, 0.00, 15685922.00, 15685922.00, 10135328.00, 1, 0.00, 25821250.00, NULL, NULL, NULL, NULL, NULL, NULL, 50, 0, 0, 0, 50, 0, 'Client', NULL, NULL, NULL, 1, '2024-01-09 15:04:33', NULL, NULL),
(16, 'SPB/YUDHA/2024/01/0012', 'SPH/YUDHA/2024/01/0012', NULL, 51, 11, '', 1, '2024-01-09', 0, 21814516.00, 0.00, '0', 21814516.00, 0.00, 0, 21814516.00, 0.00, 0.00, 14592472.00, 14592472.00, 7222044.00, 1, 0.00, 21814516.00, NULL, NULL, NULL, NULL, NULL, NULL, 50, 0, 0, 0, 50, 0, 'Client', NULL, NULL, NULL, 1, '2024-01-09 15:16:50', NULL, NULL),
(17, 'SPB/ASC/2024/01/0004', 'SPH/ASC/2024/01/0004', NULL, 488, 13, 'Sparepart & Service', 1, '2024-01-09', 0, 185000.00, 0.00, '0', 185000.00, 0.00, 0, 185000.00, 0.00, 0.00, 0.00, 0.00, 185000.00, 0, 0.00, 185000.00, NULL, NULL, NULL, NULL, NULL, NULL, 0, 0, 0, 0, 100, 0, 'Client', NULL, NULL, NULL, 1, '2024-01-09 17:01:08', NULL, NULL),
(18, 'SPB/YUDHA/2024/01/0013', 'SPH/YUDHA/2024/01/0013', NULL, 51, 14, 'Umum', 1, '2024-01-10', 0, 7036492.00, 3025692.00, '43', 4010800.00, 0.00, 0, 4010800.00, 0.00, 0.00, 3289560.00, 0.00, 721240.00, 2, 0.00, 4010800.00, NULL, NULL, NULL, NULL, NULL, NULL, 0, 0, 0, 0, 100, 0, 'Client', '2024-01-11 09:01:40', 1, 'REVISI GANTI UNIT KE PRO R 80 LITER', 1, '2024-01-10 14:21:59', NULL, NULL),
(19, 'SPB/ASC/2024/01/0005', 'SPH/ASC/2024/01/0005', NULL, 488, 15, 'Sparepart & Service', 1, '2024-01-04', 0, 185000.00, 0.00, '0', 185000.00, 0.00, 0, 185000.00, 0.00, 0.00, 0.00, 0.00, 185000.00, 0, 0.00, 185000.00, NULL, NULL, NULL, NULL, NULL, NULL, 0, 0, 0, 0, 100, 0, 'Client', NULL, NULL, NULL, 1, '2024-01-10 17:09:41', NULL, NULL),
(20, 'SPB/ASC/2024/01/0006', 'SPH/ASC/2024/01/0006', NULL, 488, 16, 'Sparepart & Service', 1, '2024-01-05', 0, 437000.00, 0.00, '0', 437000.00, 0.00, 0, 437000.00, 0.00, 0.00, 96978.00, 96978.00, 340022.00, 1, 0.00, 437000.00, NULL, NULL, NULL, NULL, NULL, NULL, 0, 0, 0, 0, 100, 0, 'Client', NULL, NULL, NULL, 1, '2024-01-10 17:15:47', NULL, NULL),
(21, 'SPB/ASC/2024/01/0007', 'SPH/ASC/2024/01/0007', NULL, 488, 17, 'Sparepart & Service', 1, '2024-01-04', 0, 300000.00, 0.00, '0', 300000.00, 0.00, 0, 300000.00, 0.00, 0.00, 0.00, 0.00, 300000.00, 0, 0.00, 300000.00, NULL, NULL, NULL, NULL, NULL, NULL, 0, 0, 0, 0, 100, 0, 'Client', NULL, NULL, NULL, 1, '2024-01-10 17:20:06', NULL, NULL),
(22, 'SPB/YUDHA/2024/01/0014', 'SPH/YUDHA/2024/01/0014', NULL, 51, 14, '', 1, '2024-01-10', 0, 3655338.00, 0.00, '0', 3655338.00, 0.00, 0, 3655338.00, 0.00, 0.00, 2998019.00, 0.00, 657319.00, 1, 0.00, 3655338.00, NULL, NULL, NULL, NULL, NULL, NULL, 0, 0, 0, 0, 100, 0, 'Client', NULL, NULL, NULL, 1, '2024-01-11 09:04:40', NULL, NULL),
(23, 'SPB/ARIS/2024/01/0002', 'SPH/ARIS/2024/01/0002', NULL, 409, 18, 'Umum', 1, '2024-01-11', 0, 29642000.00, 0.00, '0', 29642000.00, 0.00, 0, 29642000.00, 0.00, 0.00, 17249400.00, 0.00, 12392600.00, 1, 0.00, 29642000.00, NULL, NULL, '<p>Pasang Minggu Depan</p>', NULL, NULL, NULL, 50, 40, 0, 0, 10, 0, NULL, NULL, NULL, NULL, 409, '2024-01-11 11:07:36', 409, '2024-01-12 10:26:05'),
(24, 'SPB/ASC/2024/01/0008', 'SPH/ASC/2024/01/0008', NULL, 488, 19, 'Sparepart & Service', 1, '2024-01-11', 0, 350000.00, 0.00, '0', 350000.00, 0.00, 0, 350000.00, 0.00, 0.00, 0.00, 0.00, 350000.00, 0, 0.00, 350000.00, NULL, NULL, NULL, NULL, NULL, NULL, 0, 0, 0, 0, 100, 0, 'Client', NULL, NULL, NULL, 1, '2024-01-11 11:55:37', NULL, NULL),
(25, 'SPB/YUDHA/2024/01/0015', 'SPH/YUDHA/2024/01/0015', NULL, 51, 14, '', 1, '2024-01-11', 2, 2150000.00, 0.00, '0', 2150000.00, 0.00, 0, 2150000.00, 0.00, 0.00, 1362957.00, 0.00, 787043.00, 0, 0.00, 2150000.00, NULL, NULL, NULL, NULL, NULL, NULL, 0, 0, 0, 0, 100, 0, 'Client', NULL, NULL, NULL, 1, '2024-01-11 12:09:32', NULL, NULL),
(26, 'SPB/ASC/2024/01/0009', 'SPH/ASC/2024/01/0009', NULL, 488, 21, 'Sparepart & Service', 1, '2024-01-11', 0, 272000.00, 0.00, '0', 272000.00, 0.00, 0, 272000.00, 0.00, 0.00, 121428.00, 121428.00, 150572.00, 1, 0.00, 272000.00, NULL, NULL, NULL, NULL, NULL, NULL, 0, 0, 0, 0, 100, 0, 'Client', NULL, NULL, NULL, 1, '2024-01-11 15:52:45', NULL, NULL),
(27, 'SPB/YUDHA/2024/01/0016', 'SPH/YUDHA/2024/01/0016', NULL, 51, 22, '', 1, '2024-01-11', 0, 4011000.00, 0.00, '0', 4011000.00, 0.00, 0, 4011000.00, 0.00, 0.00, 3289560.00, 0.00, 721440.00, 1, 0.00, 4011000.00, NULL, NULL, NULL, NULL, NULL, NULL, 0, 0, 0, 0, 100, 0, 'Client', NULL, NULL, NULL, 1, '2024-01-11 16:38:56', NULL, NULL),
(28, 'SPB/ASC/2024/01/0010', 'SPH/ASC/2024/01/0010', NULL, 488, 23, 'Sparepart & Service', 1, '2024-01-12', 0, 562000.00, 0.00, '0', 562000.00, 0.00, 0, 562000.00, 0.00, 0.00, 224000.00, 224000.00, 338000.00, 0, 0.00, 562000.00, NULL, NULL, NULL, NULL, NULL, NULL, 0, 0, 0, 0, 100, 0, 'Client', NULL, NULL, NULL, 1, '2024-01-12 11:09:03', NULL, NULL),
(29, 'SPB/ASC/2024/01/0011', 'SPH/ASC/2024/01/0011', NULL, 488, 20, 'Sparepart & Service', 1, '2024-01-02', 0, 490000.00, 0.00, '0', 490000.00, 0.00, 0, 490000.00, 0.00, 0.00, 289890.00, 0.00, 200110.00, 1, 0.00, 490000.00, NULL, NULL, NULL, NULL, NULL, NULL, 0, 0, 0, 0, 100, 0, 'Client', NULL, NULL, NULL, 1, '2024-01-12 11:53:20', NULL, NULL),
(30, 'SPB/ASC/2024/01/0012', 'SPH/ASC/2024/01/0012', NULL, 488, 24, 'Sparepart & Service', 1, '2024-01-12', 0, 75000.00, 0.00, '0', 75000.00, 0.00, 0, 75000.00, 0.00, 0.00, 0.00, 0.00, 75000.00, 2, 0.00, 75000.00, NULL, NULL, NULL, NULL, NULL, NULL, 0, 0, 0, 0, 100, 0, 'Client', '2024-01-18 14:03:19', 1, 'revisi SPB, diganti menjadi jasa transport saja.  Ada perubahan saat di lokasi customer', 1, '2024-01-12 17:25:47', 1, '2024-01-16 17:19:54'),
(31, 'SPB/YUDHA/2024/01/0017', 'SPH/YUDHA/2024/01/0017', NULL, 51, 25, '', 1, '2024-01-13', 0, 26860725.00, 0.00, '0', 26860725.00, 0.00, 0, 26860725.00, 0.00, 0.00, 19713600.00, 0.00, 7147125.00, 0, 0.00, 26860725.00, NULL, NULL, NULL, NULL, NULL, NULL, 0, 0, 0, 0, 100, 0, 'Client', NULL, NULL, NULL, 1, '2024-01-13 13:52:39', NULL, NULL),
(32, 'SPB/ASC/2024/01/0013', 'SPH/ASC/2024/01/0013', NULL, 488, 26, 'Sparepart & Service', 1, '2024-01-15', 0, 1445000.00, 0.00, '0', 1445000.00, 0.00, 0, 1445000.00, 0.00, 0.00, 0.00, 0.00, 1445000.00, 0, 0.00, 1445000.00, NULL, NULL, NULL, NULL, NULL, NULL, 50, 0, 0, 0, 50, 0, 'Client', NULL, NULL, NULL, 1, '2024-01-15 10:21:34', NULL, NULL),
(33, 'SPB/ARIS/2024/01/0003', 'SPH/ARIS/2024/01/0003', NULL, 409, 27, '', 1, '2024-01-15', 0, 32086403.52, 0.00, '0', 32086403.52, 0.00, 0, 32086403.52, 0.00, 0.00, 56291936.00, 0.00, -24205532.48, 2, 0.00, 32086403.52, NULL, NULL, NULL, NULL, NULL, NULL, 0, 0, 0, 0, 100, 0, NULL, '2024-01-17 08:49:56', 1, 'REVISI MARGIN TERLIHAT MINUS KARNA HPP MASIH HARGA PRICELIST', 409, '2024-01-15 13:20:04', NULL, NULL),
(34, 'SPB/YUDHA/2024/01/0018', 'SPH/YUDHA/2024/01/0018', NULL, 51, 28, '', 1, '2024-01-15', 0, 4900000.00, 0.00, '0', 4900000.00, 0.00, 0, 4900000.00, 0.00, 0.00, 3833770.00, 0.00, 1066230.00, 1, 0.00, 4900000.00, NULL, NULL, NULL, NULL, NULL, NULL, 0, 0, 0, 0, 100, 0, 'Client', NULL, NULL, NULL, 1, '2024-01-15 15:17:15', NULL, NULL),
(35, 'SPB/ASC/2024/01/0014', 'SPH/ASC/2024/01/0014', NULL, 488, 29, 'Sparepart & Service', 1, '2024-01-16', 0, 200000.00, 0.00, '0', 200000.00, 0.00, 0, 200000.00, 0.00, 0.00, 0.00, 0.00, 200000.00, 0, 0.00, 200000.00, NULL, NULL, NULL, NULL, NULL, NULL, 0, 0, 0, 0, 100, 0, NULL, NULL, NULL, NULL, 1, '2024-01-16 10:48:34', NULL, NULL),
(36, 'SPB/ASC/2024/01/0015', 'SPH/ASC/2024/01/0015', NULL, 488, 30, 'Sparepart & Service', 1, '2024-01-16', 0, 200000.00, 0.00, '0', 200000.00, 0.00, 0, 200000.00, 0.00, 0.00, 0.00, 0.00, 200000.00, 2, 0.00, 200000.00, NULL, NULL, NULL, NULL, NULL, NULL, 0, 0, 0, 0, 100, 0, 'Client', '2024-01-18 14:13:04', 1, 'Hapus spb karena permintaan customer batal', 1, '2024-01-16 10:59:05', NULL, NULL),
(37, 'SPB/ASC/2024/01/0016', 'SPH/ASC/2024/01/0016', NULL, 488, 31, 'Sparepart & Service', 1, '2024-01-16', 0, 162000.00, 0.00, '0', 162000.00, 0.00, 0, 162000.00, 0.00, 0.00, 96978.00, 0.00, 65022.00, 1, 0.00, 162000.00, NULL, NULL, NULL, NULL, NULL, NULL, 0, 0, 0, 0, 100, 0, 'Client', NULL, NULL, NULL, NULL, '2024-01-16 14:41:56', NULL, NULL),
(38, 'SPB/YUDHA/2024/01/0019', 'SPH/YUDHA/2024/01/0019', NULL, 51, 32, '', 1, '2024-01-16', 0, 161411500.00, 0.00, '0', 161411500.00, 0.00, 0, 161411500.00, 0.00, 0.00, 144410270.00, 59440500.00, 17001230.00, 0, 0.00, 161411500.00, NULL, NULL, NULL, NULL, NULL, NULL, 30, 0, 0, 0, 70, 0, 'Client', NULL, NULL, NULL, 1, '2024-01-16 16:05:13', NULL, NULL),
(39, 'SPB/ASC/2024/01/0017', 'SPH/ASC/2024/01/0017', NULL, 488, 33, 'Sparepart & Service', 1, '2024-01-16', 0, 192000.00, 0.00, '0', 192000.00, 0.00, 0, 192000.00, 0.00, 0.00, 0.00, 0.00, 192000.00, 0, 0.00, 192000.00, NULL, NULL, NULL, NULL, NULL, NULL, 0, 0, 0, 0, 100, 0, 'Client', NULL, NULL, NULL, 1, '2024-01-16 16:48:41', NULL, NULL),
(40, 'SPB/ARIS/2024/01/0004', 'SPH/ARIS/2024/01/0004', NULL, 409, 27, '', 1, '2024-01-15', 0, 32088000.00, 0.00, '0', 32088000.00, 0.00, 0, 32088000.00, 0.00, 0.00, 26316480.00, 0.00, 5771520.00, 1, 0.00, 32088000.00, NULL, NULL, NULL, NULL, NULL, NULL, 0, 0, 0, 0, 100, 0, 'Client', NULL, NULL, NULL, 1, '2024-01-17 08:52:41', NULL, NULL),
(41, 'SPB/YUDHA/2024/01/0020', 'SPH/YUDHA/2024/01/0020', NULL, 51, 34, '', 1, '2024-01-17', 0, 4225000.00, 0.00, '0', 4225000.00, 0.00, 0, 4225000.00, 0.00, 0.00, 3289560.00, 0.00, 935440.00, 1, 0.00, 4225000.00, NULL, NULL, NULL, NULL, NULL, NULL, 0, 0, 0, 0, 100, 0, 'Client', NULL, NULL, NULL, 1, '2024-01-17 09:19:12', NULL, NULL),
(42, 'SPB/ARIS/2024/01/0005', 'SPH/ARIS/2024/01/0005', NULL, 409, 35, '', 1, '2024-01-17', 0, 11536000.00, 0.00, '0', 11536000.00, 0.00, 0, 11536000.00, 0.00, 0.00, 8519956.00, 0.00, 3016044.00, 0, 0.00, 11536000.00, NULL, NULL, NULL, NULL, NULL, NULL, 0, 0, 0, 0, 100, 0, 'Client', NULL, NULL, NULL, 1, '2024-01-17 13:45:08', NULL, NULL),
(43, 'SPB/YUDHA/2024/01/0021', 'SPH/YUDHA/2024/01/0021', NULL, 51, 36, '', 1, '2024-01-17', 0, 2500000.00, 0.00, '0', 2500000.00, 0.00, 0, 2500000.00, 0.00, 0.00, 2106630.00, 0.00, 393370.00, 1, 0.00, 2500000.00, NULL, NULL, NULL, NULL, NULL, NULL, 0, 0, 0, 0, 100, 0, 'Client', NULL, NULL, NULL, 1, '2024-01-17 14:03:38', NULL, NULL),
(44, 'SPB/ARIS/2024/01/0006', 'SPH/ARIS/2024/01/0006', NULL, 409, 38, '', 1, '2024-01-17', 0, 27600000.00, 0.00, '0', 27600000.00, 0.00, 0, 27600000.00, 0.00, 0.00, 22080000.00, 22080000.00, 5520000.00, 0, 0.00, 27600000.00, NULL, NULL, NULL, NULL, NULL, NULL, 50, 0, 0, 0, 50, 0, 'Client', NULL, NULL, NULL, 1, '2024-01-17 15:35:51', NULL, NULL),
(45, 'SPB/ASC/2024/01/0018', 'SPH/ASC/2024/01/0018', NULL, 488, 24, 'Sparepart & Service', 1, '2024-01-18', 0, 75000.00, 0.00, '0', 75000.00, 0.00, 0, 75000.00, 0.00, 0.00, 0.00, 0.00, 75000.00, 0, 0.00, 75000.00, NULL, NULL, NULL, NULL, NULL, NULL, 0, 0, 0, 0, 100, 0, 'Client', NULL, NULL, NULL, 1, '2024-01-18 14:07:46', NULL, NULL),
(46, 'SPB/YUDHA/2024/01/0022', 'SPH/YUDHA/2024/01/0022', NULL, 51, 39, '', 1, '2024-01-18', 0, 27599264.00, 0.00, '0', 27599264.00, 0.00, 0, 27599264.00, 0.00, 0.00, 23459372.00, 13158240.00, 4139892.00, 0, 0.00, 27599264.00, NULL, NULL, NULL, NULL, NULL, 'KREDIT 30 HARI', 0, 0, 0, 0, 100, 0, 'Client', NULL, NULL, NULL, 1, '2024-01-18 15:15:59', NULL, NULL),
(47, 'SPB/ASC/2024/01/0019', 'SPH/ASC/2024/01/0019', NULL, 488, 40, 'Sparepart & Service', 1, '2024-01-18', 0, 250000.00, 0.00, '0', 250000.00, 0.00, 0, 250000.00, 0.00, 0.00, 0.00, 0.00, 250000.00, 0, 0.00, 250000.00, NULL, NULL, NULL, NULL, NULL, NULL, 0, 0, 0, 0, 100, 0, 'Client', NULL, NULL, NULL, 1, '2024-01-18 17:48:12', NULL, NULL),
(48, 'SPB/ASC/2024/01/0020', 'SPH/ASC/2024/01/0020', NULL, 488, 41, 'Sparepart & Service', 1, '2024-01-18', 0, 192000.00, 0.00, '0', 192000.00, 0.00, 0, 192000.00, 0.00, 0.00, 0.00, 0.00, 192000.00, 0, 0.00, 192000.00, NULL, NULL, NULL, NULL, NULL, NULL, 0, 0, 0, 0, 100, 0, 'Client', NULL, NULL, NULL, 1, '2024-01-18 17:55:43', NULL, NULL),
(49, 'SPB/ASC/2024/01/0021', 'SPH/ASC/2024/01/0021', NULL, 488, 42, 'Sparepart & Service', 1, '2024-01-18', 0, 75000.00, 0.00, '0', 75000.00, 0.00, 0, 75000.00, 0.00, 0.00, 0.00, 0.00, 75000.00, 0, 0.00, 75000.00, NULL, NULL, NULL, NULL, NULL, NULL, 0, 0, 0, 0, 100, 0, 'Client', NULL, NULL, NULL, 1, '2024-01-18 18:08:37', NULL, NULL),
(50, 'SPB/ASC/2024/01/0022', 'SPH/ASC/2024/01/0022', NULL, 488, 43, 'Sparepart & Service', 1, '2024-01-19', 0, 192000.00, 0.00, '0', 192000.00, 0.00, 0, 192000.00, 0.00, 0.00, 0.00, 0.00, 192000.00, 0, 0.00, 192000.00, NULL, NULL, NULL, NULL, NULL, NULL, 0, 0, 0, 0, 100, 0, 'Client', NULL, NULL, NULL, 1, '2024-01-19 11:10:00', NULL, NULL),
(51, 'SPB/ASC/2024/01/0023', 'SPH/ASC/2024/01/0023', NULL, 488, 44, 'Sparepart & Service', 1, '2024-01-19', 0, 100000.00, 0.00, '0', 100000.00, 0.00, 0, 100000.00, 0.00, 0.00, 0.00, 0.00, 100000.00, 0, 0.00, 100000.00, NULL, NULL, NULL, NULL, NULL, NULL, 0, 0, 0, 0, 100, 0, 'Client', NULL, NULL, NULL, 1, '2024-01-19 11:15:40', NULL, NULL);
INSERT INTO `tb_penjualan` (`IDPenjualan`, `NoPenjualan`, `NoSPH`, `NoPOKonsumen`, `IDSales`, `IDPelanggan`, `Jenis`, `Tipe`, `Tanggal`, `TotalItem`, `Total`, `Diskon`, `DiskonPersen`, `Total2`, `PPN`, `PPNPersen`, `GrandTotal`, `OngkosKirim`, `TotalPembayaran`, `TotalHPP`, `TotalHPPReal`, `TotalMargin`, `IsComplete`, `Kembali`, `Sisa`, `Keterangan`, `Prihal`, `TermAndCondition`, `Included`, `TanggalPemasangan`, `KondisiPembayaran`, `DP`, `TerminI`, `TerminII`, `TerminIII`, `TerminIV`, `TerminV`, `Kategori`, `DeletedDate`, `DeletedBy`, `DeletedRemark`, `CreatedBy`, `DateCreated`, `ModifiedBy`, `DateModified`) VALUES
(52, 'SPB/ASC/2024/01/0024', 'SPH/ASC/2024/01/0024', NULL, 488, 45, 'Sparepart & Service', 1, '2024-01-19', 0, 260000.00, 0.00, '0', 260000.00, 0.00, 0, 260000.00, 0.00, 0.00, 0.00, 0.00, 260000.00, 0, 0.00, 260000.00, NULL, 'INCLUDE TRANSPORT\nTIKET 2000441451', NULL, NULL, NULL, NULL, 0, 0, 0, 0, 100, 0, 'Client', NULL, NULL, NULL, NULL, '2024-01-19 16:46:10', NULL, NULL),
(53, 'SPB/YUDHA/2024/01/0023', NULL, '12345689', 51, 42, 'Umum', 1, '2024-01-21', 0, 390000.00, 0.00, '0', 390000.00, 0.00, 0, 390000.00, 0.00, 0.00, 233302.00, 0.00, 156698.00, 0, 0.00, 390000.00, NULL, NULL, NULL, NULL, NULL, NULL, 0, 0, 0, 0, 0, 0, 'Office', NULL, NULL, NULL, 1, '2024-01-21 08:44:37', 1, '2024-01-21 08:55:49'),
(54, 'SPB/ARIS/2024/01/0007', NULL, '12546', 409, 42, 'Umum', 1, '2024-01-21', 3, 949075.00, 0.00, '0', 949075.00, 0.00, 0, 949075.00, 0.00, 0.00, 649325.00, 0.00, 299750.00, 0, 0.00, 949075.00, NULL, NULL, NULL, NULL, NULL, NULL, 0, 0, 0, 0, 0, 0, 'Office', NULL, NULL, NULL, 1, '2024-01-21 13:04:19', 1, '2024-01-21 13:07:24'),
(55, 'SPB/ARIS/2024/01/0008', NULL, '12546', 409, 26, 'Umum', 1, '2024-01-21', 3, 334800.00, 0.00, '0', 334800.00, 0.00, 0, 334800.00, 0.00, 0.00, 240845.00, 0.00, 93955.00, 0, 0.00, 334800.00, NULL, NULL, NULL, NULL, NULL, NULL, 0, 0, 0, 0, 0, 0, 'Office', NULL, NULL, NULL, 1, '2024-01-21 13:25:50', NULL, NULL);

INSERT INTO `tb_penjualan_detail` (`IDDetail`, `NoPenjualan`, `NoUrut`, `IDBarang`, `NamaBarang`, `NamaBarangDisplay`, `Qty`, `SN`, `HargaBeli`, `HargaBeliReal`, `Harga`, `Diskon`, `DiskonPersen`, `DiskonValue`, `DiskonType`, `Total2`, `SubTotal`, `Margin`, `Garansi`, `IsParent`, `IsChild`, `QtyOriginal`, `SubTotalOriginal`, `MarginOriginal`) VALUES
(1, 'SPB/ASC/2024/01/0001', 0, 90, 'JASA PEMASANGAN GAS WATERHEATER', 'JASA PEMASANGAN GAS WATERHEATER', 1, NULL, 0, 0, 185000, 0.00, 0.00, '0', 0, 0, 185000, 185000, NULL, 1, 0, NULL, NULL, NULL);
INSERT INTO `tb_penjualan_detail` (`IDDetail`, `NoPenjualan`, `NoUrut`, `IDBarang`, `NamaBarang`, `NamaBarangDisplay`, `Qty`, `SN`, `HargaBeli`, `HargaBeliReal`, `Harga`, `Diskon`, `DiskonPersen`, `DiskonValue`, `DiskonType`, `Total2`, `SubTotal`, `Margin`, `Garansi`, `IsParent`, `IsChild`, `QtyOriginal`, `SubTotalOriginal`, `MarginOriginal`) VALUES
(2, 'SPB/YUDHA/2024/01/0001', 0, 22, 'ARISTON - DOVE PLUS 100 L', 'ARISTON - DOVE PLUS 100 L', 1, NULL, 2939710, 2939710, 3459000, 0.00, 0.00, '0', 0, 0, 3459000, 519290, NULL, 1, 0, NULL, NULL, NULL);
INSERT INTO `tb_penjualan_detail` (`IDDetail`, `NoPenjualan`, `NoUrut`, `IDBarang`, `NamaBarang`, `NamaBarangDisplay`, `Qty`, `SN`, `HargaBeli`, `HargaBeliReal`, `Harga`, `Diskon`, `DiskonPersen`, `DiskonValue`, `DiskonType`, `Total2`, `SubTotal`, `Margin`, `Garansi`, `IsParent`, `IsChild`, `QtyOriginal`, `SubTotalOriginal`, `MarginOriginal`) VALUES
(3, 'SPB/YUDHA/2024/01/0002', 0, 22, 'ARISTON - DOVE PLUS 100 L', 'ARISTON - DOVE PLUS 100 L', 4, NULL, 2939710, 2939710, 3459000, 0.00, 0.00, '0', 0, 0, 13836000, 2077160, NULL, 1, 0, NULL, NULL, NULL);
INSERT INTO `tb_penjualan_detail` (`IDDetail`, `NoPenjualan`, `NoUrut`, `IDBarang`, `NamaBarang`, `NamaBarangDisplay`, `Qty`, `SN`, `HargaBeli`, `HargaBeliReal`, `Harga`, `Diskon`, `DiskonPersen`, `DiskonValue`, `DiskonType`, `Total2`, `SubTotal`, `Margin`, `Garansi`, `IsParent`, `IsChild`, `QtyOriginal`, `SubTotalOriginal`, `MarginOriginal`) VALUES
(4, 'SPB/YUDHA/2024/01/0003', 0, 89, 'ARISTON - AURES LUXURY', 'ARISTON - AURES LUXURY', 0, NULL, 2988300, 2988300, 3656950, 0.00, 0.00, '0', 0, 0, 0, 0, NULL, 1, NULL, 11, 40226450, 7355150),
(6, 'SPB/YUDHA/2024/01/0003', 1, 92, 'ARISTON - AURES TOP', 'ARISTON - AURES TOP', 11, NULL, 2988300, 2988300, 3656950, 0.00, 0.00, '0', 0, 0, 40226450, 7355150, NULL, 1, NULL, 0, 0, 0),
(7, 'SPB/YUDHA/2024/01/0004', 0, 25, 'ARISTON - PRO R 100 L', 'ARISTON - PRO R 100 L', 2, NULL, 3289560, 3289560, 4225000, 0.00, 0.00, '0', 0, 0, 8450000, 1870880, NULL, 1, 0, NULL, NULL, NULL),
(8, 'SPB/YUDHA/2024/01/0004', 2, 33, 'ARISTON - ARI 200 VERT 530 THER', 'ARISTON - ARI 200 VERT 530 THER', 2, NULL, 8491500, 8491500, 10900000, 0.00, 0.00, '0', 0, 0, 21800000, 4817000, NULL, 1, 0, NULL, NULL, NULL),
(9, 'SPB/YUDHA/2024/01/0005', 0, 25, 'ARISTON - PRO R 100 L', 'ARISTON - PRO R 100 L', 13, NULL, 3289560, 3289560, 7037000, 0.00, 0.00, '0', 0, 0, 91481000, 48716720, NULL, 1, 0, NULL, NULL, NULL),
(10, 'SPB/YUDHA/2024/01/0005', 2, 23, 'ARISTON - PRO R 50 L', 'ARISTON - PRO R 50 L', 2, NULL, 2575283, 2575283, 5509000, 0.00, 0.00, '0', 0, 0, 11018000, 5867434, NULL, 1, 0, NULL, NULL, NULL),
(11, 'SPB/YUDHA/2024/01/0005', 4, 5, 'ARISTON - ANDRIS 2 B 15 L', 'ARISTON - ANDRIS 2 B 15 L', 1, NULL, 1633541, 1633541, 3494500, 0.00, 0.00, '0', 0, 0, 3494500, 1860959, NULL, 1, 0, NULL, NULL, NULL),
(12, 'SPB/YUDHA/2024/01/0005', 6, 33, 'ARISTON - ARI 200 VERT 530 THER', 'ARISTON - ARI 200 VERT 530 THER', 1, NULL, 7650000, 7650000, 18164000, 0.00, 0.00, '0', 0, 0, 18164000, 10514000, NULL, 1, 0, NULL, NULL, NULL),
(13, 'SPB/YUDHA/2024/01/0006', 0, 35, 'ARISTON - ARI 300 STAB 570 THER', 'ARISTON - ARI 300 STAB 570 THER', 10, NULL, 17690625, 17690625, 37840999, 0.00, 0.00, '0', 0, 0, 378409990, 201503740, NULL, 1, NULL, NULL, NULL, NULL),
(14, 'SPB/YUDHA/2024/01/0007', 0, 13, 'ARISTON - ANDRIS 2 LUX 30 L', 'ARISTON - ANDRIS 2 LUX 30 L', 1, NULL, 3117500, 3117500, 6132245, 0.00, 0.00, '0', 0, 0, 6132245, 3014745, NULL, 1, 0, NULL, NULL, NULL),
(15, 'SPB/ARIS/2024/01/0001', 0, 5, 'ARISTON - ANDRIS 2 B 15 L', 'ARISTON - ANDRIS 2 B 15 L', 1, NULL, 1633541, 1633541, 2000000, 0.00, 0.00, '0', 0, 0, 2000000, 366459, NULL, 1, 0, NULL, NULL, NULL),
(16, 'SPB/YUDHA/2024/01/0008', 0, 37, 'ARISTON - LYDOS HYBRID WIFI - 100 L', 'ARISTON - LYDOS HYBRID WIFI - 100 L', 2, NULL, 7454961, 7454961, 10960625, 0.00, 0.00, '0', 0, 0, 21921250, 7011328, NULL, 1, 0, NULL, NULL, NULL),
(17, 'SPB/YUDHA/2024/01/0008', 2, 93, 'JASA BONGKAR PASANG UNIT WATER HEATER', 'JASA BONGKAR PASANG UNIT WATER HEATER', 2, NULL, 0, 0, 450000, 0.00, 0.00, '0', 0, 0, 900000, 900000, NULL, 1, 0, NULL, NULL, NULL),
(18, 'SPB/YUDHA/2024/01/0008', 4, 94, 'JASA INSTALASI PIPA', 'JASA INSTALASI PIPA', 1, NULL, 0, 0, 1500000, 0.00, 0.00, '0', 0, 0, 1500000, 1500000, NULL, 1, 0, NULL, NULL, NULL),
(19, 'SPB/YUDHA/2024/01/0008', 6, 95, 'ELCB 220V 10A 30MA', 'ELCB 220V 10A 30MA', 2, NULL, 388000, 388000, 750000, 0.00, 0.00, '0', 0, 0, 1500000, 724000, NULL, 1, 0, NULL, NULL, NULL),
(20, 'SPB/ASC/2024/01/0002', 0, 96, 'JASA SERVICE ELECTRIC WATERHEATER', 'JASA SERVICE ELECTRIC WATERHEATER', 2, NULL, 0, 0, 142500, 0.00, 0.00, '0', 0, 0, 285000, 285000, NULL, 1, NULL, NULL, NULL, NULL),
(21, 'SPB/ASC/2024/01/0003', 0, 97, 'BIAYA BONGKAR UNIT WATER HEATER', 'BIAYA BONGKAR UNIT WATER HEATER', 1, NULL, 0, 0, 85000, 0.00, 0.00, '0', 0, 0, 85000, 85000, NULL, 1, 0, NULL, NULL, NULL),
(22, 'SPB/ASC/2024/01/0003', 2, 98, 'BIAYA MAINTENANCE ELECTRIC WATERHEATER', 'BIAYA MAINTENANCE ELECTRIC WATERHEATER', 1, NULL, 0, 0, 185000, 0.00, 0.00, '0', 0, 0, 185000, 185000, NULL, 1, 0, NULL, NULL, NULL),
(23, 'SPB/YUDHA/2024/01/0009', 0, 37, 'ARISTON - LYDOS HYBRID WIFI - 100 L', 'ARISTON - LYDOS HYBRID WIFI - 100 L', 2, NULL, 7454961, 7454961, 10960625, 0.00, 0.00, '0', 0, 0, 21921250, 7011328, NULL, 1, 0, NULL, NULL, NULL),
(24, 'SPB/YUDHA/2024/01/0009', 2, 93, 'JASA BONGKAR PASANG UNIT WATER HEATER', 'JASA BONGKAR PASANG UNIT WATER HEATER', 2, NULL, 0, 0, 450000, 0.00, 0.00, '0', 0, 0, 900000, 900000, NULL, 1, 0, NULL, NULL, NULL),
(25, 'SPB/YUDHA/2024/01/0009', 4, 94, 'JASA INSTALASI PIPA', 'JASA INSTALASI PIPA', 1, NULL, 0, 0, 1500000, 0.00, 0.00, '0', 0, 0, 1500000, 1500000, NULL, 1, 0, NULL, NULL, NULL),
(26, 'SPB/YUDHA/2024/01/0009', 6, 67, 'ARISTON ACCESSORIES - ELCB', 'ARISTON ACCESSORIES - ELCB', 2, NULL, 442000, 442000, 750000, 0.00, 0.00, '0', 0, 0, 1500000, 616000, NULL, 1, 0, NULL, NULL, NULL),
(27, 'SPB/YUDHA/2024/01/0010', 0, 36, 'ARISTON - LYDOS HYBRID WIFI - 80 L', 'ARISTON - LYDOS HYBRID WIFI - 80 L', 2, NULL, 6908236, 6908236, 10157258, 0.00, 0.00, '0', 0, 0, 20314516, 6498044, NULL, 1, 0, NULL, NULL, NULL),
(28, 'SPB/YUDHA/2024/01/0010', 2, 67, 'ARISTON ACCESSORIES - ELCB', 'ARISTON ACCESSORIES - ELCB', 2, NULL, 442000, 442000, 750000, 0.00, 0.00, '0', 0, 0, 1500000, 616000, NULL, 1, 0, NULL, NULL, NULL),
(29, 'SPB/YUDHA/2024/01/0011', 0, 37, 'ARISTON - LYDOS HYBRID WIFI - 100 L', 'ARISTON - LYDOS HYBRID WIFI - 100 L', 2, NULL, 7454961, 7454961, 10960625, 0.00, 0.00, '0', 0, 0, 21921250, 7011328, NULL, 1, 0, NULL, NULL, NULL),
(30, 'SPB/YUDHA/2024/01/0011', 2, 93, 'JASA BONGKAR PASANG UNIT WATER HEATER', 'JASA BONGKAR PASANG UNIT WATER HEATER', 2, NULL, 0, 0, 450000, 0.00, 0.00, '0', 0, 0, 900000, 900000, NULL, 1, 0, NULL, NULL, NULL),
(31, 'SPB/YUDHA/2024/01/0011', 4, 94, 'JASA INSTALASI PIPA', 'JASA INSTALASI PIPA', 1, NULL, 0, 0, 1500000, 0.00, 0.00, '0', 0, 0, 1500000, 1500000, NULL, 1, 0, NULL, NULL, NULL),
(32, 'SPB/YUDHA/2024/01/0011', 6, 95, 'ELCB 220V 10A 30MA', 'ELCB 220V 10A 30MA', 2, NULL, 388000, 388000, 750000, 0.00, 0.00, '0', 0, 0, 1500000, 724000, NULL, 1, 0, NULL, NULL, NULL),
(33, 'SPB/YUDHA/2024/01/0012', 0, 36, 'ARISTON - LYDOS HYBRID WIFI - 80 L', 'ARISTON - LYDOS HYBRID WIFI - 80 L', 2, NULL, 6908236, 6908236, 10157258, 0.00, 0.00, '0', 0, 0, 20314516, 6498044, NULL, 1, 0, NULL, NULL, NULL),
(34, 'SPB/YUDHA/2024/01/0012', 2, 95, 'ELCB 220V 10A 30MA', 'ELCB 220V 10A 30MA', 2, NULL, 388000, 388000, 750000, 0.00, 0.00, '0', 0, 0, 1500000, 724000, NULL, 1, 0, NULL, NULL, NULL),
(35, 'SPB/ASC/2024/01/0004', 0, 101, 'JASA PEMASANGAN ELECTRIC WATERHEATER', 'JASA PEMASANGAN ELECTRIC WATERHEATER', 1, NULL, 0, 0, 185000, 0.00, 0.00, '0', 0, 0, 185000, 185000, NULL, 1, 0, NULL, NULL, NULL),
(36, 'SPB/YUDHA/2024/01/0013', 0, 25, 'ARISTON - PRO R 100 L', 'ARISTON - PRO R 100 L', 1, NULL, 3289560, 0, 7036492, 0.00, 0.00, '0', 0, 0, 7036492, 3746932, NULL, 1, 0, NULL, NULL, NULL),
(37, 'SPB/ASC/2024/01/0005', 0, 96, 'JASA SERVICE ELECTRIC WATERHEATER', 'JASA SERVICE ELECTRIC WATERHEATER', 1, NULL, 0, 0, 185000, 0.00, 0.00, '0', 0, 0, 185000, 185000, NULL, 1, 0, NULL, NULL, NULL),
(38, 'SPB/ASC/2024/01/0006', 0, 96, 'JASA SERVICE ELECTRIC WATERHEATER', 'JASA SERVICE ELECTRIC WATERHEATER', 1, NULL, 0, 0, 200000, 0.00, 0.00, '0', 0, 0, 200000, 200000, NULL, 1, 0, NULL, NULL, NULL),
(39, 'SPB/ASC/2024/01/0006', 2, 97, 'BIAYA BONGKAR UNIT WATER HEATER', 'BIAYA BONGKAR UNIT WATER HEATER', 1, NULL, 0, 0, 75000, 0.00, 0.00, '0', 0, 0, 75000, 75000, NULL, 1, 0, NULL, NULL, NULL),
(40, 'SPB/ASC/2024/01/0006', 4, 119, 'ARISTON - 993014-VN ANODE D:21.3 L:185 M5', 'ARISTON - 993014-VN ANODE D:21.3 L:185 M5', 1, NULL, 96978, 96978, 162000, 0.00, 0.00, '0', 0, 0, 162000, 65022, NULL, 1, 0, NULL, NULL, NULL),
(41, 'SPB/ASC/2024/01/0007', 0, 101, 'JASA PEMASANGAN ELECTRIC WATERHEATER', 'JASA PEMASANGAN ELECTRIC WATERHEATER', 1, NULL, 0, 0, 300000, 0.00, 0.00, '0', 0, 0, 300000, 300000, NULL, 1, 0, NULL, NULL, NULL),
(42, 'SPB/YUDHA/2024/01/0014', 0, 24, 'ARISTON - PRO R 80 L', 'ARISTON - PRO R 80 L', 1, NULL, 2998019, 0, 3655338, 0.00, 0.00, '0', 0, 0, 3655338, 657319, NULL, 1, 0, NULL, NULL, NULL),
(43, 'SPB/ARIS/2024/01/0002', 0, 38, 'ARISTON - NUOS PRIMO HC - 200 L', 'ARISTON - NUOS PRIMO HC - 200 L', 1, NULL, 17249400, 0, 24642000, 0.00, 0.00, '0', 0, 0, 24642000, 7392600, NULL, 1, NULL, NULL, NULL, NULL),
(44, 'SPB/ARIS/2024/01/0002', 1, 121, 'MATERIAL INSTALASI', 'MATERIAL INSTALASI', 1, NULL, 0, 0, 5000000, 0.00, 0.00, '0', 0, 0, 5000000, 5000000, NULL, 1, NULL, NULL, NULL, NULL),
(45, 'SPB/ASC/2024/01/0008', 0, 94, 'JASA INSTALASI PIPA', 'JASA INSTALASI PIPA', 1, NULL, 0, 0, 350000, 0.00, 0.00, '0', 0, 0, 350000, 350000, NULL, 1, 0, NULL, NULL, NULL),
(46, 'SPB/YUDHA/2024/01/0015', 0, 4, 'ARISTON - ANDRIS 2 B 10 L', 'ARISTON - ANDRIS 2 B 10 L', 1, NULL, 1362957, 0, 1750000, 0.00, 0.00, '0', 0, 0, 1750000, 387043, NULL, 1, 0, 1, 1750000, 387043),
(47, 'SPB/YUDHA/2024/01/0015', 0, 121, 'MATERIAL INSTALASI', 'MATERIAL INSTALASI', 1, NULL, 0, 0, 400000, 0.00, 0.00, '0', 0, 0, 400000, 400000, NULL, 1, 0, NULL, NULL, NULL),
(48, 'SPB/ASC/2024/01/0009', 0, 106, 'ARISTON - 504342-CN SAFETY VALVE WITH LEVER', 'ARISTON - 504342-CN SAFETY VALVE WITH LEVER', 1, NULL, 121428, 121428, 205000, 0.00, 0.00, '0', 0, 0, 205000, 83572, NULL, 1, 0, NULL, NULL, NULL),
(49, 'SPB/ASC/2024/01/0009', 2, 126, 'JASA TRANSPORT', 'JASA TRANSPORT', 1, NULL, 0, 0, 67000, 0.00, 0.00, '0', 0, 0, 67000, 67000, NULL, 1, 0, NULL, NULL, NULL),
(50, 'SPB/YUDHA/2024/01/0016', 0, 25, 'ARISTON - PRO R 100 L', 'ARISTON - PRO R 100 L', 1, NULL, 3289560, 0, 4011000, 0.00, 0.00, '0', 0, 0, 4011000, 721440, NULL, 1, 0, NULL, NULL, NULL),
(51, 'SPB/ASC/2024/01/0010', 0, 122, 'PIPA FLEXIBLE 40 CM ONDA', 'PIPA FLEXIBLE 40 CM ONDA', 2, NULL, 47000, 47000, 80000, 0.00, 0.00, '0', 0, 0, 160000, 66000, NULL, 1, 0, NULL, NULL, NULL),
(52, 'SPB/ASC/2024/01/0010', 2, 124, 'DOUBLE NEPEL 1/2', 'DOUBLE NEPEL 1/2', 2, NULL, 21000, 21000, 35000, 0.00, 0.00, '0', 0, 0, 70000, 28000, NULL, 1, 0, NULL, NULL, NULL),
(53, 'SPB/ASC/2024/01/0010', 4, 123, 'STOP KRAN 1/2', 'STOP KRAN 1/2', 1, NULL, 88000, 88000, 147000, 0.00, 0.00, '0', 0, 0, 147000, 59000, NULL, 1, 0, NULL, NULL, NULL),
(54, 'SPB/ASC/2024/01/0010', 6, 101, 'JASA PEMASANGAN ELECTRIC WATERHEATER', 'JASA PEMASANGAN ELECTRIC WATERHEATER', 1, NULL, 0, 0, 185000, 0.00, 0.00, '0', 0, 0, 185000, 185000, NULL, 1, 0, NULL, NULL, NULL),
(55, 'SPB/ASC/2024/01/0011', 0, 117, 'ARISTON - 65190898 THERMOSTAT', 'ARISTON - 65190898 THERMOSTAT', 1, NULL, 168462, 0, 285000, 0.00, 0.00, '0', 0, 0, 285000, 116538, NULL, 1, 0, NULL, NULL, NULL),
(56, 'SPB/ASC/2024/01/0011', 2, 106, 'ARISTON - 504342-CN SAFETY VALVE WITH LEVER', 'ARISTON - 504342-CN SAFETY VALVE WITH LEVER', 1, NULL, 121428, 0, 205000, 0.00, 0.00, '0', 0, 0, 205000, 83572, NULL, 1, 0, NULL, NULL, NULL),
(58, 'SPB/ASC/2024/01/0012', 0, 98, 'JASA MAINTENANCE ELECTRIC WATERHEATER', 'JASA MAINTENANCE ELECTRIC WATERHEATER', 2, NULL, 0, 0, 150000, 0.00, 0.00, '0', 0, 0, 300000, 300000, NULL, 1, 0, NULL, NULL, NULL),
(59, 'SPB/YUDHA/2024/01/0017', 0, 38, 'ARISTON - NUOS PRIMO HC - 200 L', 'ARISTON - NUOS PRIMO HC - 200 L', 1, NULL, 19713600, 0, 25360725, 0.00, 0.00, '0', 0, 0, 25360725, 5647125, NULL, 1, 0, NULL, NULL, NULL),
(60, 'SPB/YUDHA/2024/01/0017', 2, 121, 'MATERIAL INSTALASI', 'MATERIAL INSTALASI', 1, NULL, 0, 0, 1500000, 0.00, 0.00, '0', 0, 0, 1500000, 1500000, NULL, 1, 0, NULL, NULL, NULL),
(61, 'SPB/ASC/2024/01/0013', 0, 101, 'JASA PEMASANGAN ELECTRIC WATERHEATER', 'JASA PEMASANGAN ELECTRIC WATERHEATER', 1, NULL, 0, 0, 195000, 0.00, 0.00, '0', 0, 0, 195000, 195000, NULL, 1, 0, NULL, NULL, NULL),
(62, 'SPB/ASC/2024/01/0013', 2, 129, 'JASA INSTALASI PIPA DAN MATERIAL', 'JASA INSTALASI PIPA DAN MATERIAL', 1, NULL, 0, 0, 1250000, 0.00, 0.00, '0', 0, 0, 1250000, 1250000, NULL, 1, 0, NULL, NULL, NULL),
(63, 'SPB/ARIS/2024/01/0003', 0, 25, 'ARISTON - PRO R 100 L', 'ARISTON - PRO R 100 L', 8, NULL, 7036492, 0, 7036492, 3025691.56, 43.00, '43%', 1, 0, 32086403.52, 0, NULL, 1, 0, NULL, NULL, NULL),
(64, 'SPB/YUDHA/2024/01/0018', 0, 27, 'ARISTON - PRO 1 ECO V - 80 L', 'ARISTON - PRO 1 ECO V - 80 L', 1, NULL, 3833770, 0, 4700000, 0.00, 0.00, '0', 0, 0, 4700000, 866230, NULL, 1, 0, NULL, NULL, NULL),
(65, 'SPB/YUDHA/2024/01/0018', 2, 141, 'JASA PENGIRIMAN', 'JASA PENGIRIMAN', 1, NULL, 0, 0, 200000, 0.00, 0.00, '0', 0, 0, 200000, 200000, NULL, 1, 0, NULL, NULL, NULL),
(66, 'SPB/ASC/2024/01/0014', 0, 126, 'JASA TRANSPORT', 'JASA TRANSPORT', 1, NULL, 0, 0, 200000, 0.00, 0.00, '0', 0, 0, 200000, 200000, NULL, 1, 0, NULL, NULL, NULL),
(67, 'SPB/ASC/2024/01/0015', 0, 96, 'JASA SERVICE ELECTRIC WATERHEATER', 'JASA SERVICE ELECTRIC WATERHEATER', 1, NULL, 0, 0, 200000, 0.00, 0.00, '0', 0, 0, 200000, 200000, NULL, 1, 0, NULL, NULL, NULL),
(68, 'SPB/ASC/2024/01/0016', 0, 119, 'ARISTON - 993014-VN ANODE D:21.3 L:185 M5', 'ARISTON - 993014-VN ANODE D:21.3 L:185 M5', 1, NULL, 96978, 0, 162000, 0.00, 0.00, '0', 0, 0, 162000, 65022, NULL, 1, 0, NULL, NULL, NULL),
(69, 'SPB/YUDHA/2024/01/0019', 0, 22, 'ARISTON - DOVE PLUS 100 L', 'ARISTON - DOVE PLUS 100 L', 11, NULL, 2939710, 0, 3286000, 0.00, 0.00, '0', 0, 0, 36146000, 3809190, NULL, 1, 0, NULL, NULL, NULL),
(70, 'SPB/YUDHA/2024/01/0019', 2, 25, 'ARISTON - PRO R 100 L', 'ARISTON - PRO R 100 L', 16, NULL, 3289560, 0, 3677000, 0.00, 0.00, '0', 0, 0, 58832000, 6199040, NULL, 1, 0, NULL, NULL, NULL),
(71, 'SPB/YUDHA/2024/01/0019', 4, 33, 'ARISTON - ARI 200 VERT 530 THER', 'ARISTON - ARI 200 VERT 530 THER', 7, NULL, 8491500, 8491500, 9490500, 0.00, 0.00, '0', 0, 0, 66433500, 6993000, NULL, 1, 0, NULL, NULL, NULL),
(72, 'SPB/ASC/2024/01/0017', 0, 96, 'JASA SERVICE ELECTRIC WATERHEATER', 'JASA SERVICE ELECTRIC WATERHEATER', 1, NULL, 0, 0, 192000, 0.00, 0.00, '0', 0, 0, 192000, 192000, NULL, 1, 0, NULL, NULL, NULL),
(73, 'SPB/ARIS/2024/01/0004', 0, 25, 'ARISTON - PRO R 100 L', 'ARISTON - PRO R 100 L', 8, NULL, 3289560, 0, 4011000, 0.00, 0.00, '0', 0, 0, 32088000, 5771520, NULL, 1, 0, NULL, NULL, NULL),
(74, 'SPB/YUDHA/2024/01/0020', 0, 25, 'ARISTON - PRO R 100 L', 'ARISTON - PRO R 100 L', 1, NULL, 3289560, 0, 4225000, 0.00, 0.00, '0', 0, 0, 4225000, 935440, NULL, 1, 0, NULL, NULL, NULL),
(75, 'SPB/ARIS/2024/01/0005', 0, 37, 'ARISTON - LYDOS HYBRID WIFI - 100 L', 'ARISTON - LYDOS HYBRID WIFI - 100 L', 1, NULL, 8519956, 0, 11536000, 0.00, 0.00, '0', 0, 0, 11536000, 3016044, NULL, 1, 0, NULL, NULL, NULL),
(76, 'SPB/YUDHA/2024/01/0021', 0, 6, 'ARISTON - ANDRIS 2 B 30 L', 'ARISTON - ANDRIS 2 B 30 L', 1, NULL, 2106630, 0, 2500000, 0.00, 0.00, '0', 0, 0, 2500000, 393370, NULL, 1, 0, NULL, NULL, NULL),
(77, 'SPB/ARIS/2024/01/0006', 0, 39, 'ARISTON - NUOS PRIMO HC - 240 L', 'ARISTON - NUOS PRIMO HC - 240 L', 1, NULL, 22080000, 22080000, 27600000, 0.00, 0.00, '0', 0, 0, 27600000, 5520000, NULL, 1, 0, NULL, NULL, NULL),
(78, 'SPB/ASC/2024/01/0018', 0, 126, 'JASA TRANSPORT', 'JASA TRANSPORT', 1, NULL, 0, 0, 75000, 0.00, 0.00, '0', 0, 0, 75000, 75000, NULL, 1, 0, NULL, NULL, NULL),
(79, 'SPB/YUDHA/2024/01/0022', 0, 25, 'ARISTON - PRO R 100 L', 'ARISTON - PRO R 100 L', 4, NULL, 3289560, 3289560, 7036493, 3166421.85, 45.00, '45%', 1, 0, 15480284.6, 14987732, NULL, 1, 0, NULL, NULL, NULL),
(80, 'SPB/YUDHA/2024/01/0022', 2, 23, 'ARISTON - PRO R 50 L', 'ARISTON - PRO R 50 L', 4, NULL, 2575283, 0, 5508627, 2478882.15, 45.00, '45%', 1, 0, 12118979.4, 11733376, NULL, 1, 0, NULL, NULL, NULL),
(81, 'SPB/ASC/2024/01/0019', 0, 96, 'JASA SERVICE ELECTRIC WATERHEATER', 'JASA SERVICE ELECTRIC WATERHEATER', 1, NULL, 0, 0, 250000, 0.00, 0.00, '0', 0, 0, 250000, 250000, NULL, 1, 0, NULL, NULL, NULL),
(82, 'SPB/ASC/2024/01/0020', 0, 96, 'JASA SERVICE ELECTRIC WATERHEATER', 'JASA SERVICE ELECTRIC WATERHEATER', 1, NULL, 0, 0, 192000, 0.00, 0.00, '0', 0, 0, 192000, 192000, NULL, 1, 0, NULL, NULL, NULL),
(83, 'SPB/ASC/2024/01/0021', 0, 126, 'JASA TRANSPORT', 'JASA TRANSPORT', 1, NULL, 0, 0, 75000, 0.00, 0.00, '0', 0, 0, 75000, 75000, NULL, 1, 0, NULL, NULL, NULL),
(84, 'SPB/ASC/2024/01/0022', 0, 96, 'JASA SERVICE ELECTRIC WATERHEATER', 'JASA SERVICE ELECTRIC WATERHEATER', 1, NULL, 0, 0, 192000, 0.00, 0.00, '0', 0, 0, 192000, 192000, NULL, 1, 0, NULL, NULL, NULL),
(85, 'SPB/ASC/2024/01/0023', 0, 126, 'JASA TRANSPORT', 'JASA TRANSPORT', 1, NULL, 0, 0, 100000, 0.00, 0.00, '0', 0, 0, 100000, 100000, NULL, 1, 0, NULL, NULL, NULL),
(86, 'SPB/ASC/2024/01/0024', 0, 97, 'JASA BONGKAR UNIT WATER HEATER', 'JASA BONGKAR UNIT WATER HEATER', 1, NULL, 0, 0, 260000, 0.00, 0.00, '0', 0, 0, 260000, 260000, NULL, 1, 0, NULL, NULL, NULL),
(87, 'SPB/YUDHA/2024/01/0023', 0, 113, 'ARISTON - 571730 SAFETY VALVE WITH LEVER (1/2 8,5 BAR)', 'ARISTON - 571730 SAFETY VALVE WITH LEVER (1/2 8,5 BAR)', 1, NULL, 233302, 0, 390000, 0.00, 0.00, '0', 0, 0, 390000, 156698, NULL, 1, NULL, NULL, NULL, NULL),
(88, 'SPB/ARIS/2024/01/0007', 0, 104, 'ARISTON - 65103691 FLANGE WITH GASKET ARISTON', 'ARISTON - 65103691 FLANGE WITH GASKET ARISTON', 1, NULL, 71040, 0, 120000, 12000.00, 10.00, '10%', 1, 0, 108000, 36960, NULL, 0, NULL, NULL, NULL, NULL),
(89, 'SPB/ARIS/2024/01/0007', 1, 118, 'ARISTON - 65103768-VN ANODE D:21,3 L:110 M5', 'ARISTON - 65103768-VN ANODE D:21,3 L:110 M5', 1, NULL, 98765, 0, 165000, 23925.00, 15.00, '10%+5%', 1, 0, 141075, 42310, NULL, 0, NULL, NULL, NULL, NULL),
(90, 'SPB/ARIS/2024/01/0007', 2, 120, 'ARISTON - 65108564 ELECTRONIC THERMOSTAT', 'ARISTON - 65108564 ELECTRONIC THERMOSTAT', 1, NULL, 479520, 0, 800000, 100000.00, 0.00, '100000', 0, 0, 700000, 220480, NULL, 0, NULL, NULL, NULL, NULL),
(91, 'SPB/ARIS/2024/01/0008', 0, 104, 'ARISTON - 65103691 FLANGE WITH GASKET ARISTON', 'ARISTON - 65103691 FLANGE WITH GASKET ARISTON', 2, NULL, 71040, 0, 120000, 12000.00, 10.00, '10%', 1, 108000, 216000, 73920, NULL, NULL, NULL, NULL, NULL, NULL),
(92, 'SPB/ARIS/2024/01/0008', 1, 118, 'ARISTON - 65103768-VN ANODE D:21,3 L:110 M5', 'ARISTON - 65103768-VN ANODE D:21,3 L:110 M5', 1, NULL, 98765, 0, 165000, 46200.00, 30.00, '10%+20%', 1, 118800, 118800, 20035, NULL, NULL, NULL, NULL, NULL, NULL);



INSERT INTO `tb_penjualan_file_category` (`IDPenjualanFileCategory`, `Nama`, `Status`, `CreatedBy`, `DateCreated`, `ModifiedBy`, `DateModified`) VALUES
(1, 'UMUM', 1, 1, '2023-09-30 20:40:44', NULL, NULL);


INSERT INTO `tb_penjualan_invoice` (`IDInvoice`, `NoInvoice`, `NoFakturPajak`, `IDPenjualan`, `NoPenjualan`, `IDSuratJalan`, `TOP`, `Tanggal`, `JatuhTempo`, `JumlahPersen`, `Jumlah`, `DiskonPersen`, `Diskon`, `Jumlah2`, `PPNPersen`, `PPN`, `GrandTotal`, `Sisa`, `Keterangan`, `Terbilang`, `Note1`, `Note2`, `Status`, `IsPajak`, `CreatedBy`, `DateCreated`) VALUES
(1, 'INV/SPN/2024/01/001', NULL, 1, 'SPB/ASC/2024/01/0001', NULL, '100', '2024-01-03', '2024-01-03', 100, 185000.00, 0, 0.00, 185000.00, 0, 0.00, 185000.00, 185000.00, 'PEMBAYARAN 100%', NULL, 'BANK CENTRAL ASIA ( BCA )\nNo. 767 0400 900 \na.n. Lukito Pramono', 'PERHATIAN\nTIDAK MENERIMA PEMBAYARAN TUNAI\nCEK/BG DITULIS AN : Lukito Pramono', 1, 0, 1, '2024-01-03 10:07:26');
INSERT INTO `tb_penjualan_invoice` (`IDInvoice`, `NoInvoice`, `NoFakturPajak`, `IDPenjualan`, `NoPenjualan`, `IDSuratJalan`, `TOP`, `Tanggal`, `JatuhTempo`, `JumlahPersen`, `Jumlah`, `DiskonPersen`, `Diskon`, `Jumlah2`, `PPNPersen`, `PPN`, `GrandTotal`, `Sisa`, `Keterangan`, `Terbilang`, `Note1`, `Note2`, `Status`, `IsPajak`, `CreatedBy`, `DateCreated`) VALUES
(2, 'INV/SPN/2024/01/002', NULL, 2, 'SPB/YUDHA/2024/01/0001', NULL, '100', '2024-01-03', '2024-01-03', 100, 3459000.00, 0, 0.00, 3459000.00, 0, 0.00, 3459000.00, 3459000.00, 'PEMBAYARAN 100%', NULL, 'BANK CENTRAL ASIA ( BCA )\nNo. 767 0400 900 \na.n. Lukito Pramono', 'PERHATIAN\nTIDAK MENERIMA PEMBAYARAN TUNAI\nCEK/BG DITULIS AN : Lukito Pramono', 1, 0, 1, '2024-01-03 10:45:50');
INSERT INTO `tb_penjualan_invoice` (`IDInvoice`, `NoInvoice`, `NoFakturPajak`, `IDPenjualan`, `NoPenjualan`, `IDSuratJalan`, `TOP`, `Tanggal`, `JatuhTempo`, `JumlahPersen`, `Jumlah`, `DiskonPersen`, `Diskon`, `Jumlah2`, `PPNPersen`, `PPN`, `GrandTotal`, `Sisa`, `Keterangan`, `Terbilang`, `Note1`, `Note2`, `Status`, `IsPajak`, `CreatedBy`, `DateCreated`) VALUES
(3, 'INV/SPN/2024/01/003', NULL, 3, 'SPB/YUDHA/2024/01/0002', NULL, '100', '2024-01-03', '2024-01-03', 100, 13836000.00, 0, 0.00, 13836000.00, 0, 0.00, 13836000.00, 13836000.00, 'PEMBAYARAN 100%', NULL, 'BANK CENTRAL ASIA ( BCA )\nNo. 767 0400 900 \na.n. Lukito Pramono', 'PERHATIAN\nTIDAK MENERIMA PEMBAYARAN TUNAI\nCEK/BG DITULIS AN : Lukito Pramono', 1, 0, 1, '2024-01-03 10:47:31');
INSERT INTO `tb_penjualan_invoice` (`IDInvoice`, `NoInvoice`, `NoFakturPajak`, `IDPenjualan`, `NoPenjualan`, `IDSuratJalan`, `TOP`, `Tanggal`, `JatuhTempo`, `JumlahPersen`, `Jumlah`, `DiskonPersen`, `Diskon`, `Jumlah2`, `PPNPersen`, `PPN`, `GrandTotal`, `Sisa`, `Keterangan`, `Terbilang`, `Note1`, `Note2`, `Status`, `IsPajak`, `CreatedBy`, `DateCreated`) VALUES
(5, 'INV/SPN/2024/01/004', NULL, 4, 'SPB/YUDHA/2024/01/0003', NULL, '50', '2024-01-05', '2024-01-05', 50, 20113225.00, 0, 0.00, 20113225.00, 0, 0.00, 20113225.00, 20113225.00, 'DP 50%', NULL, 'BANK CENTRAL ASIA ( BCA )\nNo. 772.586.8880 \na.n. CV. SOLUSI PEMANAS AIR NUSANTARA', 'PERHATIAN\nTIDAK MENERIMA PEMBAYARAN TUNAI\nCEK/BG DITULIS AN : CV. SOLUSI PEMANAS AIR NUSANTARA', 1, 0, 1, '2024-01-05 15:14:51'),
(6, 'INV/SPN/2024/01/005', NULL, 5, 'SPB/YUDHA/2024/01/0004', NULL, '50', '2024-01-05', '2024-01-05', 50, 15125000.00, 0, 0.00, 15125000.00, 0, 0.00, 15125000.00, 15125000.00, 'DP 50%', NULL, 'BANK CENTRAL ASIA ( BCA )\nNo. 772.586.8880\na.n. CV. SOLUSI PEMANAS AIR NUSANTARA', 'PERHATIAN\nTIDAK MENERIMA PEMBAYARAN TUNAI\nCEK/BG DITULIS AN : CV. SOLUSI PEMANAS AIR NUSANTARA', 1, 0, 1, '2024-01-05 15:18:45'),
(7, 'INV/SPN/2024/01/006', NULL, 6, 'SPB/YUDHA/2024/01/0005', NULL, '50', '2024-01-05', '2024-01-05', 50, 62078750.00, 45, 27935438.00, 34143312.00, 0, 0.00, 34143312.00, 34143312.00, 'DP 50%', NULL, 'BANK CENTRAL ASIA ( BCA )\nNo. 767 0400 900 \na.n. Lukito Pramono', 'PERHATIAN\nTIDAK MENERIMA PEMBAYARAN TUNAI\nCEK/BG DITULIS AN : Lukito Pramono', 1, 0, 1, '2024-01-05 16:22:21'),
(8, 'INV/SPN/2024/01/007', NULL, 7, 'SPB/YUDHA/2024/01/0006', NULL, '30', '2024-01-03', '2024-01-03', 30, 113522997.00, 45, 51085349.00, 62437648.00, 0, 0.00, 62437648.00, 62437648.00, 'DP 30%', NULL, 'BANK CENTRAL ASIA ( BCA )\nNo. 767 0400 900 \na.n. Lukito Pramono', 'PERHATIAN\nTIDAK MENERIMA PEMBAYARAN TUNAI\nCEK/BG DITULIS AN : Lukito Pramono', 1, 0, 1, '2024-01-06 13:44:17'),
(9, 'INV/SPN/2024/01/008', NULL, 8, 'SPB/YUDHA/2024/01/0007', NULL, '100', '2024-01-03', '2024-01-03', 100, 6132245.00, 35, 2146286.00, 3985959.00, 0, 0.00, 3985959.00, 3985959.00, 'PEMBAYARAN 100%', NULL, 'BANK CENTRAL ASIA ( BCA )\nNo. 767 0400 900 \na.n. Lukito Pramono', 'PERHATIAN\nTIDAK MENERIMA PEMBAYARAN TUNAI\nCEK/BG DITULIS AN : Lukito Pramono', 1, 0, 1, '2024-01-06 13:50:32'),
(10, 'INV/SPN/2024/01/009', NULL, 9, 'SPB/ARIS/2024/01/0001', NULL, '100', '2024-01-04', '2024-01-04', 100, 2000000.00, 0, 0.00, 2000000.00, 0, 0.00, 2000000.00, 2000000.00, 'PEMBAYARAN 100%', NULL, 'BANK CENTRAL ASIA ( BCA )\nNo. 767 0400 900 \na.n. Lukito Pramono', 'PERHATIAN\nTIDAK MENERIMA PEMBAYARAN TUNAI\nCEK/BG DITULIS AN : Lukito Pramono', 1, 0, 1, '2024-01-06 13:58:01'),
(18, 'INV/SPN/2024/01/014', NULL, 16, 'SPB/YUDHA/2024/01/0012', NULL, '50', '2024-01-09', '2024-01-09', 50, 10907258.00, 0, 0.00, 10907258.00, 0, 0.00, 10907258.00, 10907258.00, 'DP 50%', NULL, 'BANK CENTRAL ASIA ( BCA )\nNo. 772 586 8880 \na.n. CV. SOLUSI PEMANAS AIR', 'PERHATIAN\nTIDAK MENERIMA PEMBAYARAN TUNAI\nCEK/BG DITULIS AN : CV. SOLUSI PEMANAS AIR', 1, 0, 1, '2024-01-09 15:22:20'),
(13, 'INV/SPN/2024/01/011', NULL, 11, 'SPB/ASC/2024/01/0002', NULL, '100', '2024-01-08', '2024-01-08', 100, 285000.00, 0, 0.00, 285000.00, 0, 0.00, 285000.00, 285000.00, 'PEMBAYARAN 100%', NULL, 'BANK CENTRAL ASIA ( BCA )\nNo. 767 0400 900 \na.n. Lukito Pramono', 'PERHATIAN\nTIDAK MENERIMA PEMBAYARAN TUNAI\nCEK/BG DITULIS AN : Lukito Pramono', 1, 0, 1, '2024-01-08 16:57:58'),
(14, 'INV/SPN/2024/01/012', NULL, 12, 'SPB/ASC/2024/01/0003', NULL, '100', '2024-01-09', '2024-01-09', 100, 270000.00, 0, 0.00, 270000.00, 0, 0.00, 270000.00, 270000.00, 'PELUNASAN 100%', NULL, 'BANK CENTRAL ASIA ( BCA )\nNo. 772 586 8880\na.n. CV. SOLUSI PEMANAS AIR NUSANTARA', 'PERHATIAN\nTIDAK MENERIMA PEMBAYARAN TUNAI\nCEK/BG DITULIS AN : CV. SOLUSI PEMANAS AIR NUSANTARA', 1, 0, 1, '2024-01-09 10:18:31'),
(17, 'INV/SPN/2024/01/013', NULL, 15, 'SPB/YUDHA/2024/01/0011', NULL, '50', '2024-01-06', '2024-01-06', 50, 12910625.00, 0, 0.00, 12910625.00, 0, 0.00, 12910625.00, 12910625.00, 'DP 50%', NULL, 'BANK CENTRAL ASIA ( BCA )\nNo. 772 586 8880 \na.n. CV. SOLUSI PEMANAS AIR', 'PERHATIAN\nTIDAK MENERIMA PEMBAYARAN TUNAI\nCEK/BG DITULIS AN : CV. SOLUSI PEMANAS AIR', 1, 0, 1, '2024-01-09 15:21:36'),
(19, 'INV/SPN/2024/01/015', NULL, 17, 'SPB/ASC/2024/01/0004', NULL, '100', '2024-01-09', '2024-01-09', 100, 185000.00, 0, 0.00, 185000.00, 0, 0.00, 185000.00, 185000.00, 'PELUNASAN 100%', NULL, 'BANK CENTRAL ASIA ( BCA )\nNo. 772 586 8880 \na.n. CV. SOLUSI PEMANAS AIR NUSANTARA', 'PERHATIAN\nTIDAK MENERIMA PEMBAYARAN TUNAI\nCEK/BG DITULIS AN : CV. SOLUSI PEMANAS AIR NUSANTARA', 1, 0, 1, '2024-01-09 17:02:55'),
(22, 'INV/SPN/2024/01/016', NULL, 19, 'SPB/ASC/2024/01/0005', NULL, '100', '2024-01-04', '2024-01-04', 100, 185000.00, 0, 0.00, 185000.00, 0, 0.00, 185000.00, 185000.00, 'PELUNASAN 100%', NULL, 'BANK CENTRAL ASIA ( BCA )\nNo. 772 586 8880 \na.n. CV. SOLUSI PEMANAS AIR NUSANTARA', 'PERHATIAN\nTIDAK MENERIMA PEMBAYARAN TUNAI\nCEK/BG DITULIS AN : CV. SOLUSI PEMANAS AIR NUSANTARA', 1, 0, 1, '2024-01-10 17:11:02'),
(23, 'INV/SPN/2024/01/017', NULL, 20, 'SPB/ASC/2024/01/0006', NULL, '100', '2024-01-05', '2024-01-05', 100, 437000.00, 0, 0.00, 437000.00, 0, 0.00, 437000.00, 437000.00, 'PELUNASAN 100%', NULL, 'BANK CENTRAL ASIA ( BCA )\nNo. 772 586 8880 \na.n. CV. SOLUSI PEMANAS AIR NUSANTARA', 'PERHATIAN\nTIDAK MENERIMA PEMBAYARAN TUNAI\nCEK/BG DITULIS AN : CV. SOLUSI PEMANAS AIR NUSANTARA', 1, 0, 1, '2024-01-10 17:17:00'),
(24, 'INV/SPN/2024/01/018', NULL, 21, 'SPB/ASC/2024/01/0007', NULL, '100', '2024-01-04', '2024-01-04', 100, 300000.00, 0, 0.00, 300000.00, 0, 0.00, 300000.00, 300000.00, 'PELUNASAN 100%', NULL, 'BANK CENTRAL ASIA ( BCA )\nNo. 772 586 8880 \na.n. CV. SOLUSI PEMANAS AIR NUSANTARA', 'PERHATIAN\nTIDAK MENERIMA PEMBAYARAN TUNAI\nCEK/BG DITULIS AN : CV. SOLUSI PEMANAS AIR NUSANTARA', 1, 0, 1, '2024-01-10 17:20:48'),
(25, 'INV/SPN/2024/01/019', NULL, 16, 'SPB/YUDHA/2024/01/0012', NULL, '50', '2024-01-11', '2024-01-11', 50, 10907258.00, 0, 0.00, 10907258.00, 0, 0.00, 10907258.00, 10907258.00, 'PELUNASAN 50%', NULL, 'BANK CENTRAL ASIA ( BCA )\nNo. 772 586 8880 \na.n. CV. SOLUSI PEMANAS AIR NUSANTARA', 'PERHATIAN\nTIDAK MENERIMA PEMBAYARAN TUNAI\nCEK/BG DITULIS AN : CV. SOLUSI PEMANAS AIR NUSANTARA', 1, 0, 1, '2024-01-11 08:59:00'),
(26, 'INV/SPN/2024/01/020', NULL, 22, 'SPB/YUDHA/2024/01/0014', NULL, '100', '2024-01-10', '2024-01-10', 100, 3655338.00, 0, 0.00, 3655338.00, 0, 0.00, 3655338.00, 3655338.00, 'PEMBAYARAN 100%', NULL, 'BANK CENTRAL ASIA ( BCA )\nNo. 772 586 8880 \na.n. CV. SOLUSI PEMANAS AIR NUSANTARA', 'PERHATIAN\nTIDAK MENERIMA PEMBAYARAN TUNAI\nCEK/BG DITULIS AN : CV. SOLUSI PEMANAS AIR NUSANTARA', 1, 0, 1, '2024-01-11 09:05:28'),
(27, 'INV/SPN/2024/01/021', NULL, 5, 'SPB/YUDHA/2024/01/0004', NULL, '50', '2024-01-11', '2024-01-11', 50, 15125000.00, 0, 0.00, 15125000.00, 0, 0.00, 15125000.00, 15125000.00, 'PELUNASAN 50%', NULL, 'BANK CENTRAL ASIA ( BCA )\nNo. 772 586 8880 \na.n. CV. SOLUSI PEMANAS AIR NUSANTARA', 'PERHATIAN\nTIDAK MENERIMA PEMBAYARAN TUNAI\nCEK/BG DITULIS AN : CV. SOLUSI PEMANAS AIR NUSANTARA', 1, 0, 1, '2024-01-11 09:56:21'),
(28, 'INV/SPN/2024/01/022', NULL, 24, 'SPB/ASC/2024/01/0008', NULL, '100', '2024-01-11', '2024-01-11', 100, 350000.00, 0, 0.00, 350000.00, 0, 0.00, 350000.00, 350000.00, 'PELUNASAN 100%', NULL, 'BANK CENTRAL ASIA ( BCA )\nNo. 772 586 8880 \na.n. CV. SOLUSI PEMANAS AIR NUSANTARA', 'PERHATIAN\nTIDAK MENERIMA PEMBAYARAN TUNAI\nCEK/BG DITULIS AN : CV. SOLUSI PEMANAS AIR NUSANTARA', 1, 0, 1, '2024-01-11 11:57:10'),
(29, 'INV/SPN/2024/01/023', NULL, 26, 'SPB/ASC/2024/01/0009', NULL, '100', '2024-01-11', '2024-01-11', 100, 272000.00, 0, 0.00, 272000.00, 0, 0.00, 272000.00, 272000.00, 'PELUNASAN 100%', NULL, 'BANK CENTRAL ASIA ( BCA )\nNo. 772 586 8880 \na.n. CV. SOLUSI PEMANAS AIR NUSANTARA', 'PERHATIAN\nTIDAK MENERIMA PEMBAYARAN TUNAI\nCEK/BG DITULIS AN : CV. SOLUSI PEMANAS AIR NUSANTARA', 1, 0, 1, '2024-01-11 15:53:18'),
(30, 'INV/SPN/2024/01/024', NULL, 27, 'SPB/YUDHA/2024/01/0016', NULL, '100', '2024-01-11', '2024-01-11', 100, 4011000.00, 0, 0.00, 4011000.00, 0, 0.00, 4011000.00, 4011000.00, 'PEMBAYARAN 100%', NULL, 'BANK CENTRAL ASIA ( BCA )\nNo. 772 586 8880 \na.n. CV. SOLUSI PEMANAS AIR NUSANTARA', 'PERHATIAN\nTIDAK MENERIMA PEMBAYARAN TUNAI\nCEK/BG DITULIS AN : CV. SOLUSI PEMANAS AIR NUSANTARA', 1, 0, 1, '2024-01-11 16:39:52'),
(31, 'INV/SPN/2024/01/025', NULL, 15, 'SPB/YUDHA/2024/01/0011', NULL, '50', '2024-01-12', '2024-01-12', 50, 12910625.00, 0, 0.00, 12910625.00, 0, 0.00, 12910625.00, 12910625.00, 'PEMBAYARAN 50%', NULL, 'BANK CENTRAL ASIA ( BCA )\nNo. 772 586 8880 \na.n. CV. SOLUSI PEMANAS AIR NUSANTARA', 'PERHATIAN\nTIDAK MENERIMA PEMBAYARAN TUNAI\nCEK/BG DITULIS AN : CV. SOLUSI PEMANAS AIR NUSANTARA', 1, 0, 1, '2024-01-12 08:52:29'),
(32, 'INV/SPN/2024/01/026', NULL, 23, 'SPB/ARIS/2024/01/0002', NULL, '50', '2024-01-12', '2024-01-12', 50, 14821000.00, 0, 0.00, 14821000.00, 0, 0.00, 14821000.00, 14821000.00, 'DP 50%', NULL, 'BANK CENTRAL ASIA ( BCA )\nNo. 772 586 8880 \na.n. CV. SOLUSI PEMANAS AIR NUSANTARA', 'PERHATIAN\nTIDAK MENERIMA PEMBAYARAN TUNAI\nCEK/BG DITULIS AN : CV. SOLUSI PEMANAS AIR NUSANTARA', 1, 0, 1, '2024-01-12 10:32:11'),
(33, 'INV/SPN/2024/01/027', NULL, 28, 'SPB/ASC/2024/01/0010', NULL, '100', '2024-01-12', '2024-01-12', 100, 562000.00, 0, 0.00, 562000.00, 0, 0.00, 562000.00, 562000.00, 'PELUNASAN 100%', NULL, 'BANK CENTRAL ASIA ( BCA )\nNo. 772 586 8880 \na.n. CV. SOLUSI PEMANAS AIR NUSANTARA', 'PERHATIAN\nTIDAK MENERIMA PEMBAYARAN TUNAI\nCEK/BG DITULIS AN : CV. SOLUSI PEMANAS AIR NUSANTARA', 1, 0, 1, '2024-01-12 11:12:50'),
(34, 'INV/SPN/2024/01/028', NULL, 29, 'SPB/ASC/2024/01/0011', NULL, '100', '2024-01-02', '2024-01-02', 100, 490000.00, 0, 0.00, 490000.00, 0, 0.00, 490000.00, 490000.00, 'PELUNASAN 100%', NULL, 'BANK CENTRAL ASIA ( BCA )\nNo. 772 586 8880 \na.n. CV. SOLUSI PEMANAS AIR NUSANTARA', 'PERHATIAN\nTIDAK MENERIMA PEMBAYARAN TUNAI\nCEK/BG DITULIS AN : CV. SOLUSI PEMANAS AIR NUSANTARA', 1, 0, 1, '2024-01-12 11:54:04'),
(47, 'INV/SPN/2024/01/041', NULL, 40, 'SPB/ARIS/2024/01/0004', NULL, '100', '2024-01-15', '2024-01-15', 100, 32088000.00, 0, 0.00, 32088000.00, 0, 0.00, 32088000.00, 32088000.00, 'PEMBAYARAN 100%', NULL, 'BANK CENTRAL ASIA ( BCA )\nNo. 772 586 8880 \na.n. CV. SOLUSI PEMANAS AIR NUSANTARA', 'PERHATIAN\nTIDAK MENERIMA PEMBAYARAN TUNAI\nCEK/BG DITULIS AN : CV. SOLUSI PEMANAS AIR NUSANTARA', 1, 0, 1, '2024-01-17 08:54:28'),
(36, 'INV/SPN/2024/01/030', NULL, 31, 'SPB/YUDHA/2024/01/0017', NULL, '100', '2024-01-13', '2024-01-13', 100, 26860725.00, 0, 0.00, 26860725.00, 0, 0.00, 26860725.00, 26860725.00, 'PEMBAYARAN 100%', NULL, 'BANK CENTRAL ASIA ( BCA )\nNo. 772 586 8880 \na.n. CV. SOLUSI PEMANAS AIR NUSANTARA', 'PERHATIAN\nTIDAK MENERIMA PEMBAYARAN TUNAI\nCEK/BG DITULIS AN : CV. SOLUSI PEMANAS AIR NUSANTARA', 1, 0, 1, '2024-01-13 13:53:42'),
(37, 'INV/SPN/2024/01/031', NULL, 32, 'SPB/ASC/2024/01/0013', NULL, '50', '2024-01-15', '2024-01-15', 50, 722500.00, 0, 0.00, 722500.00, 0, 0.00, 722500.00, 722500.00, 'DP 50%', NULL, 'BANK CENTRAL ASIA ( BCA )\nNo. 772 586 8880 \na.n. CV. SOLUSI PEMANAS AIR NUSANTARA', 'PERHATIAN\nTIDAK MENERIMA PEMBAYARAN TUNAI\nCEK/BG DITULIS AN : CV. SOLUSI PEMANAS AIR NUSANTARA', 1, 0, 1, '2024-01-15 10:23:13'),
(38, 'INV/SPN/2024/01/032', NULL, 34, 'SPB/YUDHA/2024/01/0018', NULL, '100', '2024-01-15', '2024-01-15', 100, 4900000.00, 0, 0.00, 4900000.00, 0, 0.00, 4900000.00, 4900000.00, 'PEMBAYARAN 100%', NULL, 'BANK CENTRAL ASIA ( BCA )\nNo. 772 586 8880 \na.n. CV. SOLUSI PEMANAS AIR NUSANTARA', 'PERHATIAN\nTIDAK MENERIMA PEMBAYARAN TUNAI\nCEK/BG DITULIS AN : CV. SOLUSI PEMANAS AIR NUSANTARA', 1, 0, 1, '2024-01-15 15:18:00'),
(39, 'INV/SPN/2024/01/033', NULL, 23, 'SPB/ARIS/2024/01/0002', NULL, '40', '2024-01-16', '2024-01-16', 40, 11856800.00, 0, 0.00, 11856800.00, 0, 0.00, 11856800.00, 11856800.00, 'TERMIN I 40%', NULL, 'BANK CENTRAL ASIA ( BCA )\nNo. 772 586 8880 \na.n. CV. SOLUSI PEMANAS AIR NUSANTARA', 'PERHATIAN\nTIDAK MENERIMA PEMBAYARAN TUNAI\nCEK/BG DITULIS AN : CV. SOLUSI PEMANAS AIR NUSANTARA', 1, 0, 1, '2024-01-16 10:00:46');
INSERT INTO `tb_penjualan_invoice` (`IDInvoice`, `NoInvoice`, `NoFakturPajak`, `IDPenjualan`, `NoPenjualan`, `IDSuratJalan`, `TOP`, `Tanggal`, `JatuhTempo`, `JumlahPersen`, `Jumlah`, `DiskonPersen`, `Diskon`, `Jumlah2`, `PPNPersen`, `PPN`, `GrandTotal`, `Sisa`, `Keterangan`, `Terbilang`, `Note1`, `Note2`, `Status`, `IsPajak`, `CreatedBy`, `DateCreated`) VALUES
(40, 'INV/SPN/2024/01/034', NULL, 23, 'SPB/ARIS/2024/01/0002', NULL, '10', '2024-01-16', '2024-01-16', 10, 2964200.00, 0, 0.00, 2964200.00, 0, 0.00, 2964200.00, 2964200.00, 'PELUNASAN 10%', NULL, 'BANK CENTRAL ASIA ( BCA )\nNo. 772 586 8880 \na.n. CV. SOLUSI PEMANAS AIR NUSANTARA', 'PERHATIAN\nTIDAK MENERIMA PEMBAYARAN TUNAI\nCEK/BG DITULIS AN : CV. SOLUSI PEMANAS AIR NUSANTARA', 1, 0, 1, '2024-01-16 10:01:47'),
(41, 'INV/SPN/2024/01/035', NULL, 35, 'SPB/ASC/2024/01/0014', NULL, '100', '2024-01-16', '2024-01-16', 100, 200000.00, 0, 0.00, 200000.00, 0, 0.00, 200000.00, 200000.00, 'PELUNASAN 100%', NULL, 'BANK CENTRAL ASIA ( BCA )\nNo. 772 586 8677\na.n. LUKITO PRAMONO', 'PERHATIAN\nTIDAK MENERIMA PEMBAYARAN TUNAI\nCEK/BG DITULIS AN : LUKITO PRAMONO', 1, 0, 1, '2024-01-16 10:49:06'),
(45, 'INV/SPN/2024/01/039', NULL, 39, 'SPB/ASC/2024/01/0017', NULL, '100', '2024-01-16', '2024-01-16', 100, 192000.00, 0, 0.00, 192000.00, 0, 0.00, 192000.00, 192000.00, 'PELUNASAN 100%', NULL, 'BANK CENTRAL ASIA ( BCA )\nNo. 772 586 8677\na.n. LUKITO PRAMONO', 'PERHATIAN\nTIDAK MENERIMA PEMBAYARAN TUNAI\nCEK/BG DITULIS AN : LUKITO PRAMONO', 1, 0, 1, '2024-01-16 16:49:11'),
(43, 'INV/SPN/2024/01/037', NULL, 32, 'SPB/ASC/2024/01/0013', NULL, '50', '2024-01-16', '2024-01-16', 50, 722500.00, 0, 0.00, 722500.00, 0, 0.00, 722500.00, 722500.00, 'PELUNASAN 50%', NULL, 'BANK CENTRAL ASIA ( BCA )\nNo. 772 586 8880 \na.n. CV. SOLUSI PEMANAS AIR NUSANTARA', 'PERHATIAN\nTIDAK MENERIMA PEMBAYARAN TUNAI\nCEK/BG DITULIS AN : CV. SOLUSI PEMANAS AIR NUSANTARA', 1, 0, 1, '2024-01-16 11:10:13'),
(44, 'INV/SPN/2024/01/038', NULL, 37, 'SPB/ASC/2024/01/0016', NULL, '100', '2024-01-16', '2024-01-16', 100, 162000.00, 0, 0.00, 162000.00, 0, 0.00, 162000.00, 162000.00, 'PELUNASAN 100%', NULL, 'BANK CENTRAL ASIA ( BCA )\nNo. 772 586 8677\na.n. LUKITO PRAMONO', 'PERHATIAN\nTIDAK MENERIMA PEMBAYARAN TUNAI\nCEK/BG DITULIS AN : LUKITO PRAMONO', 1, 0, 1, '2024-01-16 14:45:17'),
(46, 'INV/SPN/2024/01/040', NULL, 7, 'SPB/YUDHA/2024/01/0006', NULL, '70', '2024-01-16', '2024-01-16', 70, 52977399.00, 45, 23839830.00, 29137569.00, 0, 0.00, 29137569.00, 29137569.00, 'PELUNASAN 70% ATAS PENGIRIMAN TAHAP I (DO/MMS/2024/01/017)', NULL, 'BANK CENTRAL ASIA ( BCA )\nNo. 772 586 8880 \na.n. CV. SOLUSI PEMANAS AIR NUSANTARA', 'PERHATIAN\nTIDAK MENERIMA PEMBAYARAN TUNAI\nCEK/BG DITULIS AN : CV. SOLUSI PEMANAS AIR NUSANTARA', 1, 0, 1, '2024-01-16 16:58:12'),
(48, 'INV/SPN/2024/01/042', NULL, 41, 'SPB/YUDHA/2024/01/0020', NULL, '100', '2024-01-17', '2024-01-17', 100, 4225000.00, 0, 0.00, 4225000.00, 0, 0.00, 4225000.00, 4225000.00, 'PEMBAYARAN 100%', NULL, 'BANK CENTRAL ASIA ( BCA )\nNo. 772 586 8880 \na.n. CV. SOLUSI PEMANAS AIR NUSANTARA', 'PERHATIAN\nTIDAK MENERIMA PEMBAYARAN TUNAI\nCEK/BG DITULIS AN : CV. SOLUSI PEMANAS AIR NUSANTARA', 1, 0, 1, '2024-01-17 09:19:43'),
(49, 'INV/SPN/2024/01/043', NULL, 42, 'SPB/ARIS/2024/01/0005', NULL, '100', '2024-01-17', '2024-01-17', 100, 11536000.00, 0, 0.00, 11536000.00, 0, 0.00, 11536000.00, 11536000.00, 'PEMBAYARAN 100%', NULL, 'BANK CENTRAL ASIA ( BCA )\nNo. 772 586 8880 \na.n. CV. SOLUSI PEMANAS AIR NUSANTARA', 'PERHATIAN\nTIDAK MENERIMA PEMBAYARAN TUNAI\nCEK/BG DITULIS AN : CV. SOLUSI PEMANAS AIR NUSANTARA', 1, 0, 1, '2024-01-17 13:45:40'),
(50, 'INV/SPN/2024/01/044', NULL, 43, 'SPB/YUDHA/2024/01/0021', NULL, '100', '2024-01-17', '2024-01-17', 100, 2500000.00, 0, 0.00, 2500000.00, 0, 0.00, 2500000.00, 2500000.00, 'PEMBAYARAN 100%', NULL, 'BANK CENTRAL ASIA ( BCA )\nNo. 772 586 8880 \na.n. CV. SOLUSI PEMANAS AIR NUSANTARA', 'PERHATIAN\nTIDAK MENERIMA PEMBAYARAN TUNAI\nCEK/BG DITULIS AN : CV. SOLUSI PEMANAS AIR NUSANTARA', 1, 0, 1, '2024-01-17 14:04:09'),
(51, 'INV/SPN/2024/01/045', NULL, 38, 'SPB/YUDHA/2024/01/0019', NULL, '30', '2024-01-17', '2024-01-17', 30, 48423450.00, 0, 0.00, 48423450.00, 0, 0.00, 48423450.00, 48423450.00, 'DP 30%', NULL, 'BANK CENTRAL ASIA ( BCA )\nNo. 772 586 8880 \na.n. CV. SOLUSI PEMANAS AIR NUSANTARA', 'PERHATIAN\nTIDAK MENERIMA PEMBAYARAN TUNAI\nCEK/BG DITULIS AN : CV. SOLUSI PEMANAS AIR NUSANTARA', 1, 0, 1, '2024-01-17 14:07:54'),
(52, 'INV/SPN/2024/01/046', NULL, 44, 'SPB/ARIS/2024/01/0006', NULL, '50', '2024-01-17', '2024-01-17', 50, 13800000.00, 0, 0.00, 13800000.00, 0, 0.00, 13800000.00, 13800000.00, 'DP 50%', NULL, 'BANK CENTRAL ASIA ( BCA )\nNo. 772 586 8880 \na.n. CV. SOLUSI PEMANAS AIR NUSANTARA', 'PERHATIAN\nTIDAK MENERIMA PEMBAYARAN TUNAI\nCEK/BG DITULIS AN : CV. SOLUSI PEMANAS AIR NUSANTARA', 1, 0, 1, '2024-01-17 15:36:21'),
(53, 'INV/SPN/2024/01/047', NULL, 38, 'SPB/YUDHA/2024/01/0019', NULL, '70', '2024-01-18', '2024-01-18', 70, 50383200.00, 0, 0.00, 50383200.00, 0, 0.00, 50383200.00, 50383200.00, 'PELUNASAN 70% ATAS PENGIRIMAN TAHAP I (DO/MMS/2024/01/020)', NULL, 'BANK CENTRAL ASIA ( BCA )\nNo. 772 586 8880 \na.n. CV. SOLUSI PEMANAS AIR NUSANTARA', 'PERHATIAN\nTIDAK MENERIMA PEMBAYARAN TUNAI\nCEK/BG DITULIS AN : CV. SOLUSI PEMANAS AIR NUSANTARA', 1, 0, 1, '2024-01-18 10:44:03'),
(54, 'INV/SPN/2024/01/048', NULL, 45, 'SPB/ASC/2024/01/0018', NULL, '100', '2024-01-18', '2024-01-18', 100, 75000.00, 0, 0.00, 75000.00, 0, 0.00, 75000.00, 75000.00, 'PELUNASAN 100%', NULL, 'BANK CENTRAL ASIA ( BCA )\nNo. 772 586 8677\na.n. LUKITO PRAMONO', 'PERHATIAN\nTIDAK MENERIMA PEMBAYARAN TUNAI\nCEK/BG DITULIS AN : LUKITO PRAMONO', 1, 0, 1, '2024-01-18 14:08:25'),
(55, 'INV/SPN/2024/01/049', NULL, 46, 'SPB/YUDHA/2024/01/0022', NULL, '100', '2024-01-18', '2024-01-18', 100, 27599264.00, 0, 0.00, 27599264.00, 0, 0.00, 27599264.00, 27599264.00, 'PEMBAYARAN 100%', NULL, 'BANK CENTRAL ASIA ( BCA )\nNo. 772 586 8880 \na.n. CV. SOLUSI PEMANAS AIR NUSANTARA', 'PERHATIAN\nTIDAK MENERIMA PEMBAYARAN TUNAI\nCEK/BG DITULIS AN : CV. SOLUSI PEMANAS AIR NUSANTARA', 1, 0, 1, '2024-01-18 15:17:10'),
(56, 'INV/SPN/2024/01/050', NULL, 47, 'SPB/ASC/2024/01/0019', NULL, '100', '2024-01-18', '2024-01-18', 100, 250000.00, 0, 0.00, 250000.00, 0, 0.00, 250000.00, 250000.00, 'PELUNASAN 100%', NULL, 'BANK CENTRAL ASIA ( BCA )\nNo. 772 586 8677\na.n. LUKITO PRAMONO', 'PERHATIAN\nTIDAK MENERIMA PEMBAYARAN TUNAI\nCEK/BG DITULIS AN : LUKITO PRAMONO', 1, 0, 1, '2024-01-18 17:48:43'),
(57, 'INV/SPN/2024/01/051', NULL, 48, 'SPB/ASC/2024/01/0020', NULL, '100', '2024-01-18', '2024-01-18', 100, 192000.00, 0, 0.00, 192000.00, 0, 0.00, 192000.00, 192000.00, 'PELUNASAN 100%', NULL, 'BANK CENTRAL ASIA ( BCA )\nNo. 772 586 8677\na.n. LUKITO PRAMONO', 'PERHATIAN\nTIDAK MENERIMA PEMBAYARAN TUNAI\nCEK/BG DITULIS AN : LUKITO PRAMONO', 1, 0, 1, '2024-01-18 17:56:42'),
(58, 'INV/SPN/2024/01/052', NULL, 49, 'SPB/ASC/2024/01/0021', NULL, '100', '2024-01-18', '2024-01-18', 100, 75000.00, 0, 0.00, 75000.00, 0, 0.00, 75000.00, 75000.00, 'PELUNASAN 100%', NULL, 'BANK CENTRAL ASIA ( BCA )\nNo. 772 586 8677\na.n. LUKITO PRAMONO', 'PERHATIAN\nTIDAK MENERIMA PEMBAYARAN TUNAI\nCEK/BG DITULIS AN : LUKITO PRAMONO', 1, 0, 1, '2024-01-18 18:09:03'),
(59, 'INV/SPN/2024/01/053', NULL, 50, 'SPB/ASC/2024/01/0022', NULL, '100', '2024-01-19', '2024-01-19', 100, 192000.00, 0, 0.00, 192000.00, 0, 0.00, 192000.00, 192000.00, 'PELUNASAN 100%', NULL, 'BANK CENTRAL ASIA ( BCA )\nNo. 772 586 8677\na.n. LUKITO PRAMONO', 'PERHATIAN\nTIDAK MENERIMA PEMBAYARAN TUNAI\nCEK/BG DITULIS AN : LUKITO PRAMONO', 1, 0, 1, '2024-01-19 11:10:28'),
(60, 'INV/SPN/2024/01/054', NULL, 51, 'SPB/ASC/2024/01/0023', NULL, '100', '2024-01-19', '2024-01-19', 100, 100000.00, 0, 0.00, 100000.00, 0, 0.00, 100000.00, 100000.00, 'PELUNASAN 100%', NULL, 'BANK CENTRAL ASIA ( BCA )\nNo. 772 586 8677\na.n. LUKITO PRAMONO', 'PERHATIAN\nTIDAK MENERIMA PEMBAYARAN TUNAI\nCEK/BG DITULIS AN : LUKITO PRAMONO', 1, 0, 1, '2024-01-19 11:16:33'),
(61, 'INV/SPN/2024/01/055', NULL, 52, 'SPB/ASC/2024/01/0024', NULL, '100', '2024-01-19', '2024-01-19', 100, 260000.00, 0, 0.00, 260000.00, 0, 0.00, 260000.00, 260000.00, 'PELUNASAN 100% - TIKET 2000441451', NULL, 'BANK CENTRAL ASIA ( BCA )\nNo. 772 586 8677\na.n. LUKITO PRAMONO', 'PERHATIAN\nTIDAK MENERIMA PEMBAYARAN TUNAI\nCEK/BG DITULIS AN : LUKITO PRAMONO', 1, 0, 1, '2024-01-19 16:47:55');

INSERT INTO `tb_penjualan_invoice_detail` (`IDDetail`, `IDInvoice`, `NoInvoice`, `NoUrut`, `IDBarang`, `NamaBarang`, `NamaBarangDisplay`, `Qty`, `SN`, `HargaBeli`, `Harga`, `Diskon`, `DiskonPersen`, `DiskonValue`, `DiskonType`, `SubTotal`, `Margin`) VALUES
(1, 1, 'INV/SPN/2024/01/001', 0, 90, 'JASA PEMASANGAN GAS WATERHEATER', 'JASA PEMASANGAN GAS WATERHEATER', 1, NULL, 0, 185000, 0.00, 0.00, '0', 0, 185000, 185000);
INSERT INTO `tb_penjualan_invoice_detail` (`IDDetail`, `IDInvoice`, `NoInvoice`, `NoUrut`, `IDBarang`, `NamaBarang`, `NamaBarangDisplay`, `Qty`, `SN`, `HargaBeli`, `Harga`, `Diskon`, `DiskonPersen`, `DiskonValue`, `DiskonType`, `SubTotal`, `Margin`) VALUES
(2, 2, 'INV/SPN/2024/01/002', 0, 22, 'ARISTON - DOVE PLUS 100 L', 'ARISTON - DOVE PLUS 100 L', 1, NULL, 2939710, 3459000, 0.00, 0.00, '0', 0, 3459000, 519290);
INSERT INTO `tb_penjualan_invoice_detail` (`IDDetail`, `IDInvoice`, `NoInvoice`, `NoUrut`, `IDBarang`, `NamaBarang`, `NamaBarangDisplay`, `Qty`, `SN`, `HargaBeli`, `Harga`, `Diskon`, `DiskonPersen`, `DiskonValue`, `DiskonType`, `SubTotal`, `Margin`) VALUES
(3, 3, 'INV/SPN/2024/01/003', 0, 22, 'ARISTON - DOVE PLUS 100 L', 'ARISTON - DOVE PLUS 100 L', 4, NULL, 2939710, 3459000, 0.00, 0.00, '0', 0, 13836000, 2077160);
INSERT INTO `tb_penjualan_invoice_detail` (`IDDetail`, `IDInvoice`, `NoInvoice`, `NoUrut`, `IDBarang`, `NamaBarang`, `NamaBarangDisplay`, `Qty`, `SN`, `HargaBeli`, `Harga`, `Diskon`, `DiskonPersen`, `DiskonValue`, `DiskonType`, `SubTotal`, `Margin`) VALUES
(5, 5, 'INV/SPN/2024/01/004', 0, 92, 'ARISTON - AURES TOP', 'ARISTON - AURES TOP', 11, NULL, 2988300, 3656950, 0.00, 0.00, '0', 0, 40226450, 7355150),
(6, 6, 'INV/SPN/2024/01/005', 0, 25, 'ARISTON - PRO R 100 L', 'ARISTON - PRO R 100 L', 2, NULL, 3289560, 4225000, 0.00, 0.00, '0', 0, 8450000, 1870880),
(7, 6, 'INV/SPN/2024/01/005', 1, 33, 'ARISTON - ARI 200 VERT 530 THER', 'ARISTON - ARI 200 VERT 530 THER', 2, NULL, 8491500, 10900000, 0.00, 0.00, '0', 0, 21800000, 4817000),
(8, 7, 'INV/SPN/2024/01/006', 0, 25, 'ARISTON - PRO R 100 L', 'ARISTON - PRO R 100 L', 13, NULL, 3289560, 7037000, 0.00, 0.00, '0', 0, 91481000, 48716720),
(9, 7, 'INV/SPN/2024/01/006', 1, 23, 'ARISTON - PRO R 50 L', 'ARISTON - PRO R 50 L', 2, NULL, 2575283, 5509000, 0.00, 0.00, '0', 0, 11018000, 5867434),
(10, 7, 'INV/SPN/2024/01/006', 2, 5, 'ARISTON - ANDRIS 2 B 15 L', 'ARISTON - ANDRIS 2 B 15 L', 1, NULL, 1633541, 3494500, 0.00, 0.00, '0', 0, 3494500, 1860959),
(11, 7, 'INV/SPN/2024/01/006', 3, 33, 'ARISTON - ARI 200 VERT 530 THER', 'ARISTON - ARI 200 VERT 530 THER', 1, NULL, 7650000, 18164000, 0.00, 0.00, '0', 0, 18164000, 10514000),
(12, 8, 'INV/SPN/2024/01/007', 0, 35, 'ARISTON - ARI 300 STAB 570 THER', 'ARISTON - ARI 300 STAB 570 THER', 10, NULL, 17690625, 37840999, 0.00, 0.00, '0', 0, 378409990, 201503740),
(13, 9, 'INV/SPN/2024/01/008', 0, 13, 'ARISTON - ANDRIS 2 LUX 30 L', 'ARISTON - ANDRIS 2 LUX 30 L', 1, NULL, 3117500, 6132245, 0.00, 0.00, '0', 0, 6132245, 3014745),
(14, 10, 'INV/SPN/2024/01/009', 0, 5, 'ARISTON - ANDRIS 2 B 15 L', 'ARISTON - ANDRIS 2 B 15 L', 1, NULL, 1633541, 2000000, 0.00, 0.00, '0', 0, 2000000, 366459),
(34, 18, 'INV/SPN/2024/01/014', 1, 95, 'ELCB 220V 10A 30MA', 'ELCB 220V 10A 30MA', 2, NULL, 388000, 750000, 0.00, 0.00, '0', 0, 1500000, 724000),
(32, 17, 'INV/SPN/2024/01/013', 3, 95, 'ELCB 220V 10A 30MA', 'ELCB 220V 10A 30MA', 2, NULL, 388000, 750000, 0.00, 0.00, '0', 0, 1500000, 724000),
(33, 18, 'INV/SPN/2024/01/014', 0, 36, 'ARISTON - LYDOS HYBRID WIFI - 80 L', 'ARISTON - LYDOS HYBRID WIFI - 80 L', 2, NULL, 6908236, 10157258, 0.00, 0.00, '0', 0, 20314516, 6498044),
(20, 13, 'INV/SPN/2024/01/011', 0, 96, 'JASA SERVICE ELECTRIC WATERHEATER', 'JASA SERVICE ELECTRIC WATERHEATER', 2, NULL, 0, 142500, 0.00, 0.00, '0', 0, 285000, 285000),
(21, 14, 'INV/SPN/2024/01/012', 0, 97, 'BIAYA BONGKAR UNIT WATER HEATER', 'BIAYA BONGKAR UNIT WATER HEATER', 1, NULL, 0, 85000, 0.00, 0.00, '0', 0, 85000, 85000),
(22, 14, 'INV/SPN/2024/01/012', 1, 98, 'BIAYA MAINTENANCE ELECTRIC WATERHEATER', 'BIAYA MAINTENANCE ELECTRIC WATERHEATER', 1, NULL, 0, 185000, 0.00, 0.00, '0', 0, 185000, 185000),
(29, 17, 'INV/SPN/2024/01/013', 0, 37, 'ARISTON - LYDOS HYBRID WIFI - 100 L', 'ARISTON - LYDOS HYBRID WIFI - 100 L', 2, NULL, 7454961, 10960625, 0.00, 0.00, '0', 0, 21921250, 7011328),
(30, 17, 'INV/SPN/2024/01/013', 1, 93, 'JASA BONGKAR PASANG UNIT WATER HEATER', 'JASA BONGKAR PASANG UNIT WATER HEATER', 2, NULL, 0, 450000, 0.00, 0.00, '0', 0, 900000, 900000),
(31, 17, 'INV/SPN/2024/01/013', 2, 94, 'JASA INSTALASI PIPA', 'JASA INSTALASI PIPA', 1, NULL, 0, 1500000, 0.00, 0.00, '0', 0, 1500000, 1500000),
(35, 19, 'INV/SPN/2024/01/015', 0, 101, 'JASA PEMASANGAN ELECTRIC WATERHEATER', 'JASA PEMASANGAN ELECTRIC WATERHEATER', 1, NULL, 0, 185000, 0.00, 0.00, '0', 0, 185000, 185000),
(38, 22, 'INV/SPN/2024/01/016', 0, 96, 'JASA SERVICE ELECTRIC WATERHEATER', 'JASA SERVICE ELECTRIC WATERHEATER', 1, NULL, 0, 185000, 0.00, 0.00, '0', 0, 185000, 185000),
(39, 23, 'INV/SPN/2024/01/017', 0, 96, 'JASA SERVICE ELECTRIC WATERHEATER', 'JASA SERVICE ELECTRIC WATERHEATER', 1, NULL, 0, 200000, 0.00, 0.00, '0', 0, 200000, 200000),
(40, 23, 'INV/SPN/2024/01/017', 1, 97, 'BIAYA BONGKAR UNIT WATER HEATER', 'BIAYA BONGKAR UNIT WATER HEATER', 1, NULL, 0, 75000, 0.00, 0.00, '0', 0, 75000, 75000),
(41, 23, 'INV/SPN/2024/01/017', 2, 119, 'ARISTON - 993014-VN ANODE D:21.3 L:185 M5', 'ARISTON - 993014-VN ANODE D:21.3 L:185 M5', 1, NULL, 96978, 162000, 0.00, 0.00, '0', 0, 162000, 65022),
(42, 24, 'INV/SPN/2024/01/018', 0, 101, 'JASA PEMASANGAN ELECTRIC WATERHEATER', 'JASA PEMASANGAN ELECTRIC WATERHEATER', 1, NULL, 0, 300000, 0.00, 0.00, '0', 0, 300000, 300000),
(43, 25, 'INV/SPN/2024/01/019', 0, 36, 'ARISTON - LYDOS HYBRID WIFI - 80 L', 'ARISTON - LYDOS HYBRID WIFI - 80 L', 2, NULL, 6908236, 10157258, 0.00, 0.00, '0', 0, 20314516, 6498044),
(44, 25, 'INV/SPN/2024/01/019', 1, 95, 'ELCB 220V 10A 30MA', 'ELCB 220V 10A 30MA', 2, NULL, 388000, 750000, 0.00, 0.00, '0', 0, 1500000, 724000),
(45, 26, 'INV/SPN/2024/01/020', 0, 24, 'ARISTON - PRO R 80 L', 'ARISTON - PRO R 80 L', 1, NULL, 2998019, 3655338, 0.00, 0.00, '0', 0, 3655338, 657319),
(46, 27, 'INV/SPN/2024/01/021', 0, 25, 'ARISTON - PRO R 100 L', 'ARISTON - PRO R 100 L', 2, NULL, 3289560, 4225000, 0.00, 0.00, '0', 0, 8450000, 1870880),
(47, 27, 'INV/SPN/2024/01/021', 1, 33, 'ARISTON - ARI 200 VERT 530 THER', 'ARISTON - ARI 200 VERT 530 THER', 2, NULL, 8491500, 10900000, 0.00, 0.00, '0', 0, 21800000, 4817000),
(48, 28, 'INV/SPN/2024/01/022', 0, 94, 'JASA INSTALASI PIPA', 'JASA INSTALASI PIPA', 1, NULL, 0, 350000, 0.00, 0.00, '0', 0, 350000, 350000),
(49, 29, 'INV/SPN/2024/01/023', 0, 106, 'ARISTON - 504342-CN SAFETY VALVE WITH LEVER', 'ARISTON - 504342-CN SAFETY VALVE WITH LEVER', 1, NULL, 121428, 205000, 0.00, 0.00, '0', 0, 205000, 83572),
(50, 29, 'INV/SPN/2024/01/023', 1, 126, 'JASA TRANSPORT', 'JASA TRANSPORT', 1, NULL, 0, 67000, 0.00, 0.00, '0', 0, 67000, 67000),
(51, 30, 'INV/SPN/2024/01/024', 0, 25, 'ARISTON - PRO R 100 L', 'ARISTON - PRO R 100 L', 1, NULL, 3289560, 4011000, 0.00, 0.00, '0', 0, 4011000, 721440),
(52, 31, 'INV/SPN/2024/01/025', 0, 37, 'ARISTON - LYDOS HYBRID WIFI - 100 L', 'ARISTON - LYDOS HYBRID WIFI - 100 L', 2, NULL, 7454961, 10960625, 0.00, 0.00, '0', 0, 21921250, 7011328),
(53, 31, 'INV/SPN/2024/01/025', 1, 93, 'JASA BONGKAR PASANG UNIT WATER HEATER', 'JASA BONGKAR PASANG UNIT WATER HEATER', 2, NULL, 0, 450000, 0.00, 0.00, '0', 0, 900000, 900000),
(54, 31, 'INV/SPN/2024/01/025', 2, 94, 'JASA INSTALASI PIPA', 'JASA INSTALASI PIPA', 1, NULL, 0, 1500000, 0.00, 0.00, '0', 0, 1500000, 1500000),
(55, 31, 'INV/SPN/2024/01/025', 3, 95, 'ELCB 220V 10A 30MA', 'ELCB 220V 10A 30MA', 2, NULL, 388000, 750000, 0.00, 0.00, '0', 0, 1500000, 724000),
(56, 32, 'INV/SPN/2024/01/026', 0, 38, 'ARISTON - NUOS PRIMO HC - 200 L', 'ARISTON - NUOS PRIMO HC - 200 L', 1, NULL, 17249400, 24642000, 0.00, 0.00, '0', 0, 24642000, 7392600),
(57, 32, 'INV/SPN/2024/01/026', 1, 121, 'MATERIAL INSTALASI', 'MATERIAL INSTALASI', 1, NULL, 0, 5000000, 0.00, 0.00, '0', 0, 5000000, 5000000),
(58, 33, 'INV/SPN/2024/01/027', 0, 122, 'PIPA FLEXIBLE 40 CM ONDA', 'PIPA FLEXIBLE 40 CM ONDA', 2, NULL, 47000, 80000, 0.00, 0.00, '0', 0, 160000, 66000),
(59, 33, 'INV/SPN/2024/01/027', 1, 124, 'DOUBLE NEPEL 1/2', 'DOUBLE NEPEL 1/2', 2, NULL, 21000, 35000, 0.00, 0.00, '0', 0, 70000, 28000),
(60, 33, 'INV/SPN/2024/01/027', 2, 123, 'STOP KRAN 1/2', 'STOP KRAN 1/2', 1, NULL, 88000, 147000, 0.00, 0.00, '0', 0, 147000, 59000),
(61, 33, 'INV/SPN/2024/01/027', 3, 101, 'JASA PEMASANGAN ELECTRIC WATERHEATER', 'JASA PEMASANGAN ELECTRIC WATERHEATER', 1, NULL, 0, 185000, 0.00, 0.00, '0', 0, 185000, 185000),
(62, 34, 'INV/SPN/2024/01/028', 0, 117, 'ARISTON - 65190898 THERMOSTAT', 'ARISTON - 65190898 THERMOSTAT', 1, NULL, 168462, 285000, 0.00, 0.00, '0', 0, 285000, 116538);
INSERT INTO `tb_penjualan_invoice_detail` (`IDDetail`, `IDInvoice`, `NoInvoice`, `NoUrut`, `IDBarang`, `NamaBarang`, `NamaBarangDisplay`, `Qty`, `SN`, `HargaBeli`, `Harga`, `Diskon`, `DiskonPersen`, `DiskonValue`, `DiskonType`, `SubTotal`, `Margin`) VALUES
(63, 34, 'INV/SPN/2024/01/028', 1, 106, 'ARISTON - 504342-CN SAFETY VALVE WITH LEVER', 'ARISTON - 504342-CN SAFETY VALVE WITH LEVER', 1, NULL, 121428, 205000, 0.00, 0.00, '0', 0, 205000, 83572),
(82, 47, 'INV/SPN/2024/01/041', 0, 25, 'ARISTON - PRO R 100 L', 'ARISTON - PRO R 100 L', 8, NULL, 3289560, 4011000, 0.00, 0.00, '0', 0, 32088000, 5771520),
(65, 36, 'INV/SPN/2024/01/030', 0, 38, 'ARISTON - NUOS PRIMO HC - 200 L', 'ARISTON - NUOS PRIMO HC - 200 L', 1, NULL, 19713600, 25360725, 0.00, 0.00, '0', 0, 25360725, 5647125),
(66, 36, 'INV/SPN/2024/01/030', 1, 121, 'MATERIAL INSTALASI', 'MATERIAL INSTALASI', 1, NULL, 0, 1500000, 0.00, 0.00, '0', 0, 1500000, 1500000),
(67, 37, 'INV/SPN/2024/01/031', 0, 101, 'JASA PEMASANGAN ELECTRIC WATERHEATER', 'JASA PEMASANGAN ELECTRIC WATERHEATER', 1, NULL, 0, 195000, 0.00, 0.00, '0', 0, 195000, 195000),
(68, 37, 'INV/SPN/2024/01/031', 1, 129, 'JASA INSTALASI PIPA DAN MATERIAL', 'JASA INSTALASI PIPA DAN MATERIAL', 1, NULL, 0, 1250000, 0.00, 0.00, '0', 0, 1250000, 1250000),
(69, 38, 'INV/SPN/2024/01/032', 0, 27, 'ARISTON - PRO 1 ECO V - 80 L', 'ARISTON - PRO 1 ECO V - 80 L', 1, NULL, 3833770, 4700000, 0.00, 0.00, '0', 0, 4700000, 866230),
(70, 38, 'INV/SPN/2024/01/032', 1, 141, 'JASA PENGIRIMAN', 'JASA PENGIRIMAN', 1, NULL, 0, 200000, 0.00, 0.00, '0', 0, 200000, 200000),
(71, 39, 'INV/SPN/2024/01/033', 0, 38, 'ARISTON - NUOS PRIMO HC - 200 L', 'ARISTON - NUOS PRIMO HC - 200 L', 1, NULL, 17249400, 24642000, 0.00, 0.00, '0', 0, 24642000, 7392600),
(72, 39, 'INV/SPN/2024/01/033', 1, 121, 'MATERIAL INSTALASI', 'MATERIAL INSTALASI', 1, NULL, 0, 5000000, 0.00, 0.00, '0', 0, 5000000, 5000000),
(73, 40, 'INV/SPN/2024/01/034', 0, 38, 'ARISTON - NUOS PRIMO HC - 200 L', 'ARISTON - NUOS PRIMO HC - 200 L', 1, NULL, 17249400, 24642000, 0.00, 0.00, '0', 0, 24642000, 7392600),
(74, 40, 'INV/SPN/2024/01/034', 1, 121, 'MATERIAL INSTALASI', 'MATERIAL INSTALASI', 1, NULL, 0, 5000000, 0.00, 0.00, '0', 0, 5000000, 5000000),
(75, 41, 'INV/SPN/2024/01/035', 0, 126, 'JASA TRANSPORT', 'JASA TRANSPORT', 1, NULL, 0, 200000, 0.00, 0.00, '0', 0, 200000, 200000),
(80, 45, 'INV/SPN/2024/01/039', 0, 96, 'JASA SERVICE ELECTRIC WATERHEATER', 'JASA SERVICE ELECTRIC WATERHEATER', 1, NULL, 0, 192000, 0.00, 0.00, '0', 0, 192000, 192000),
(77, 43, 'INV/SPN/2024/01/037', 0, 101, 'JASA PEMASANGAN ELECTRIC WATERHEATER', 'JASA PEMASANGAN ELECTRIC WATERHEATER', 1, NULL, 0, 195000, 0.00, 0.00, '0', 0, 195000, 195000),
(78, 43, 'INV/SPN/2024/01/037', 1, 129, 'JASA INSTALASI PIPA DAN MATERIAL', 'JASA INSTALASI PIPA DAN MATERIAL', 1, NULL, 0, 1250000, 0.00, 0.00, '0', 0, 1250000, 1250000),
(79, 44, 'INV/SPN/2024/01/038', 0, 119, 'ARISTON - 993014-VN ANODE D:21.3 L:185 M5', 'ARISTON - 993014-VN ANODE D:21.3 L:185 M5', 1, NULL, 96978, 162000, 0.00, 0.00, '0', 0, 162000, 65022),
(81, 46, 'INV/SPN/2024/01/040', 0, 35, 'ARISTON - ARI 300 STAB 570 THER', 'ARISTON - ARI 300 STAB 570 THER', 2, NULL, 17690625, 37840999, 0.00, 0.00, '0', 0, 75681998, 40300748),
(83, 48, 'INV/SPN/2024/01/042', 0, 25, 'ARISTON - PRO R 100 L', 'ARISTON - PRO R 100 L', 1, NULL, 3289560, 4225000, 0.00, 0.00, '0', 0, 4225000, 935440),
(84, 49, 'INV/SPN/2024/01/043', 0, 37, 'ARISTON - LYDOS HYBRID WIFI - 100 L', 'ARISTON - LYDOS HYBRID WIFI - 100 L', 1, NULL, 8519956, 11536000, 0.00, 0.00, '0', 0, 11536000, 3016044),
(85, 50, 'INV/SPN/2024/01/044', 0, 6, 'ARISTON - ANDRIS 2 B 30 L', 'ARISTON - ANDRIS 2 B 30 L', 1, NULL, 2106630, 2500000, 0.00, 0.00, '0', 0, 2500000, 393370),
(86, 51, 'INV/SPN/2024/01/045', 0, 22, 'ARISTON - DOVE PLUS 100 L', 'ARISTON - DOVE PLUS 100 L', 11, NULL, 2939710, 3286000, 0.00, 0.00, '0', 0, 36146000, 3809190),
(87, 51, 'INV/SPN/2024/01/045', 1, 25, 'ARISTON - PRO R 100 L', 'ARISTON - PRO R 100 L', 16, NULL, 3289560, 3677000, 0.00, 0.00, '0', 0, 58832000, 6199040),
(88, 51, 'INV/SPN/2024/01/045', 2, 33, 'ARISTON - ARI 200 VERT 530 THER', 'ARISTON - ARI 200 VERT 530 THER', 7, NULL, 8491500, 9490500, 0.00, 0.00, '0', 0, 66433500, 6993000),
(89, 52, 'INV/SPN/2024/01/046', 0, 39, 'ARISTON - NUOS PRIMO HC - 240 L', 'ARISTON - NUOS PRIMO HC - 240 L', 1, NULL, 22080000, 27600000, 0.00, 0.00, '0', 0, 27600000, 5520000),
(90, 53, 'INV/SPN/2024/01/047', 0, 22, 'ARISTON - DOVE PLUS 100 L', 'ARISTON - DOVE PLUS 100 L', 4, NULL, 2939710, 3286000, 0.00, 0.00, '0', 0, 13144000, 1385160),
(91, 53, 'INV/SPN/2024/01/047', 1, 25, 'ARISTON - PRO R 100 L', 'ARISTON - PRO R 100 L', 16, NULL, 3289560, 3677000, 0.00, 0.00, '0', 0, 58832000, 6199040),
(92, 54, 'INV/SPN/2024/01/048', 0, 126, 'JASA TRANSPORT', 'JASA TRANSPORT', 1, NULL, 0, 75000, 0.00, 0.00, '0', 0, 75000, 75000);
INSERT INTO `tb_penjualan_invoice_detail` (`IDDetail`, `IDInvoice`, `NoInvoice`, `NoUrut`, `IDBarang`, `NamaBarang`, `NamaBarangDisplay`, `Qty`, `SN`, `HargaBeli`, `Harga`, `Diskon`, `DiskonPersen`, `DiskonValue`, `DiskonType`, `SubTotal`, `Margin`) VALUES
(93, 55, 'INV/SPN/2024/01/049', 0, 25, 'ARISTON - PRO R 100 L', 'ARISTON - PRO R 100 L', 4, NULL, 3289560, 7036493, 3166421.85, 45.00, '45%', 1, 15480284.6, 2322044.6),
(94, 55, 'INV/SPN/2024/01/049', 1, 23, 'ARISTON - PRO R 50 L', 'ARISTON - PRO R 50 L', 4, NULL, 2575283, 5508627, 2478882.15, 45.00, '45%', 1, 12118979.4, 1817847.4),
(95, 56, 'INV/SPN/2024/01/050', 0, 96, 'JASA SERVICE ELECTRIC WATERHEATER', 'JASA SERVICE ELECTRIC WATERHEATER', 1, NULL, 0, 250000, 0.00, 0.00, '0', 0, 250000, 250000),
(96, 57, 'INV/SPN/2024/01/051', 0, 96, 'JASA SERVICE ELECTRIC WATERHEATER', 'JASA SERVICE ELECTRIC WATERHEATER', 1, NULL, 0, 192000, 0.00, 0.00, '0', 0, 192000, 192000),
(97, 58, 'INV/SPN/2024/01/052', 0, 126, 'JASA TRANSPORT', 'JASA TRANSPORT', 1, NULL, 0, 75000, 0.00, 0.00, '0', 0, 75000, 75000),
(98, 59, 'INV/SPN/2024/01/053', 0, 96, 'JASA SERVICE ELECTRIC WATERHEATER', 'JASA SERVICE ELECTRIC WATERHEATER', 1, NULL, 0, 192000, 0.00, 0.00, '0', 0, 192000, 192000),
(99, 60, 'INV/SPN/2024/01/054', 0, 126, 'JASA TRANSPORT', 'JASA TRANSPORT', 1, NULL, 0, 100000, 0.00, 0.00, '0', 0, 100000, 100000),
(100, 61, 'INV/SPN/2024/01/055', 0, 97, 'JASA BONGKAR UNIT WATER HEATER', 'JASA BONGKAR UNIT WATER HEATER', 1, NULL, 0, 260000, 0.00, 0.00, '0', 0, 260000, 260000);



INSERT INTO `tb_penjualan_surat_jalan` (`IDSuratJalan`, `NoSuratJalan`, `IDPenjualan`, `NoPenjualan`, `IDGudang`, `Tanggal`, `Total`, `TotalNilai`, `Diskon`, `DiskonPersen`, `TotalNilai2`, `PPN`, `PPNPersen`, `GrandTotal`, `TotalHPP`, `TotalHPPReal`, `TotalMargin`, `Keterangan`, `MaterialBantu`, `Status`, `DeletedDate`, `DeletedBy`, `DeletedRemark`, `CreatedBy`, `DateCreated`, `ModifiedBy`, `DateModified`) VALUES
(1, 'DO/MMS/2024/01/001', 9, 'SPB/ARIS/2024/01/0001', 1, '2024-01-04', 1, 2000000.00, 0.00, 0.00, 2000000.00, 0.00, 0.00, 2000000.00, 1633541.00, 1633541.00, 366459.00, NULL, 0, 1, NULL, NULL, NULL, 1, '2024-01-09 16:25:03', NULL, NULL);
INSERT INTO `tb_penjualan_surat_jalan` (`IDSuratJalan`, `NoSuratJalan`, `IDPenjualan`, `NoPenjualan`, `IDGudang`, `Tanggal`, `Total`, `TotalNilai`, `Diskon`, `DiskonPersen`, `TotalNilai2`, `PPN`, `PPNPersen`, `GrandTotal`, `TotalHPP`, `TotalHPPReal`, `TotalMargin`, `Keterangan`, `MaterialBantu`, `Status`, `DeletedDate`, `DeletedBy`, `DeletedRemark`, `CreatedBy`, `DateCreated`, `ModifiedBy`, `DateModified`) VALUES
(2, 'DO/MMS/2024/01/002', 3, 'SPB/YUDHA/2024/01/0002', 1, '2024-01-05', 4, 13836000.00, 0.00, 0.00, 13836000.00, 0.00, 0.00, 13836000.00, 11758840.00, 11758840.00, 2077160.00, NULL, 0, 1, NULL, NULL, NULL, 1, '2024-01-09 16:30:42', NULL, NULL);
INSERT INTO `tb_penjualan_surat_jalan` (`IDSuratJalan`, `NoSuratJalan`, `IDPenjualan`, `NoPenjualan`, `IDGudang`, `Tanggal`, `Total`, `TotalNilai`, `Diskon`, `DiskonPersen`, `TotalNilai2`, `PPN`, `PPNPersen`, `GrandTotal`, `TotalHPP`, `TotalHPPReal`, `TotalMargin`, `Keterangan`, `MaterialBantu`, `Status`, `DeletedDate`, `DeletedBy`, `DeletedRemark`, `CreatedBy`, `DateCreated`, `ModifiedBy`, `DateModified`) VALUES
(3, 'DO/MMS/2024/01/003', 2, 'SPB/YUDHA/2024/01/0001', 1, '2024-01-05', 1, 3459000.00, 0.00, 0.00, 3459000.00, 0.00, 0.00, 3459000.00, 2939710.00, 2939710.00, 519290.00, NULL, 0, 1, NULL, NULL, NULL, 1, '2024-01-10 10:37:10', NULL, NULL);
INSERT INTO `tb_penjualan_surat_jalan` (`IDSuratJalan`, `NoSuratJalan`, `IDPenjualan`, `NoPenjualan`, `IDGudang`, `Tanggal`, `Total`, `TotalNilai`, `Diskon`, `DiskonPersen`, `TotalNilai2`, `PPN`, `PPNPersen`, `GrandTotal`, `TotalHPP`, `TotalHPPReal`, `TotalMargin`, `Keterangan`, `MaterialBantu`, `Status`, `DeletedDate`, `DeletedBy`, `DeletedRemark`, `CreatedBy`, `DateCreated`, `ModifiedBy`, `DateModified`) VALUES
(4, 'DO/MMS/2024/01/004', 8, 'SPB/YUDHA/2024/01/0007', 1, '2024-01-09', 1, 6132245.00, 2146285.75, 35.00, 6132245.00, 0.00, 0.00, 6132245.00, 3460425.00, 3460425.00, 2671820.00, NULL, 0, 1, NULL, NULL, NULL, 1, '2024-01-10 11:01:26', NULL, NULL),
(5, 'DO/MMS/2024/01/005', 16, 'SPB/YUDHA/2024/01/0012', 1, '2024-01-11', 4, 21814516.00, 0.00, 0.00, 21814516.00, 0.00, 0.00, 21814516.00, 14316472.00, 14316472.00, 7498044.00, NULL, 0, 2, '2024-01-11 10:04:17', 1, 'REVISI SERIAL NUMBER', 1, '2024-01-11 08:57:11', 1, '2024-01-11 10:04:17'),
(6, 'DO/MMS/2024/01/006', 22, 'SPB/YUDHA/2024/01/0014', 1, '2024-01-11', 1, 3655338.00, 0.00, 0.00, 3655338.00, 0.00, 0.00, 3655338.00, 2998019.00, 2998019.00, 657319.00, NULL, 0, 1, NULL, NULL, NULL, 1, '2024-01-11 09:06:06', NULL, NULL),
(7, 'DO/MMS/2024/01/007', 16, 'SPB/YUDHA/2024/01/0012', 1, '2024-01-11', 4, 21814516.00, 0.00, 0.00, 21814516.00, 0.00, 0.00, 21814516.00, 14316472.00, 14316472.00, 7498044.00, NULL, 0, 1, NULL, NULL, NULL, 1, '2024-01-11 10:09:12', NULL, NULL),
(8, 'DO/MMS/2024/01/008', 15, 'SPB/YUDHA/2024/01/0011', 1, '2024-01-12', 4, 23421250.00, 0.00, 0.00, 23421250.00, 0.00, 0.00, 23421250.00, 16474916.00, 16474916.00, 6946334.00, NULL, 0, 1, NULL, NULL, NULL, 1, '2024-01-12 08:54:19', NULL, NULL),
(9, 'DO/MMS/2024/01/009', 27, 'SPB/YUDHA/2024/01/0016', 1, '2024-01-12', 1, 4011000.00, 0.00, 0.00, 4011000.00, 0.00, 0.00, 4011000.00, 3289560.00, 3289560.00, 721440.00, NULL, 0, 1, NULL, NULL, NULL, 1, '2024-01-12 08:59:52', NULL, NULL),
(10, 'DO/MMS/2024/01/010', 29, 'SPB/ASC/2024/01/0011', 1, '2024-01-02', 2, 490000.00, 0.00, 0.00, 490000.00, 0.00, 0.00, 490000.00, 289890.00, 289890.00, 200110.00, NULL, 0, 1, NULL, NULL, NULL, 1, '2024-01-12 11:56:24', NULL, NULL),
(11, 'DO/MMS/2024/01/011', 20, 'SPB/ASC/2024/01/0006', 1, '2024-01-05', 1, 162000.00, 0.00, 0.00, 162000.00, 0.00, 0.00, 162000.00, 96978.00, 96978.00, 65022.00, NULL, 0, 1, NULL, NULL, NULL, 1, '2024-01-12 13:26:49', NULL, NULL),
(12, 'DO/MMS/2024/01/012', 26, 'SPB/ASC/2024/01/0009', 1, '2024-01-12', 1, 205000.00, 0.00, 0.00, 205000.00, 0.00, 0.00, 205000.00, 121428.00, 121428.00, 83572.00, NULL, 0, 2, '2024-01-12 13:30:11', 1, 'REVISI TANGGAL', 1, '2024-01-12 13:28:05', 1, '2024-01-12 13:30:11'),
(13, 'DO/MMS/2024/01/013', 26, 'SPB/ASC/2024/01/0009', 1, '2024-01-13', 1, 205000.00, 0.00, 0.00, 205000.00, 0.00, 0.00, 205000.00, 121428.00, 121428.00, 83572.00, NULL, 0, 1, NULL, NULL, NULL, 1, '2024-01-12 13:30:49', NULL, NULL),
(14, 'DO/MMS/2024/01/014', 34, 'SPB/YUDHA/2024/01/0018', 1, '2024-01-15', 1, 4700000.00, 0.00, 0.00, 4700000.00, 0.00, 0.00, 4700000.00, 3833770.00, 3833770.00, 866230.00, NULL, 0, 1, NULL, NULL, NULL, 1, '2024-01-15 15:39:56', NULL, NULL),
(15, 'DO/MMS/2024/01/015', 23, 'SPB/ARIS/2024/01/0002', 1, '2024-01-16', 1, 24642000.00, 0.00, 0.00, 24642000.00, 0.00, 0.00, 24642000.00, 18892200.00, 18892200.00, 5749800.00, NULL, 0, 2, '2024-01-16 10:22:02', 1, 'HPP DI SPB DAN DO BEDA', 1, '2024-01-16 10:17:33', 1, '2024-01-16 10:22:02'),
(16, 'DO/MMS/2024/01/016', 37, 'SPB/ASC/2024/01/0016', 1, '2024-01-16', 1, 162000.00, 0.00, 0.00, 162000.00, 0.00, 0.00, 162000.00, 96978.00, 96978.00, 65022.00, NULL, 0, 1, NULL, NULL, NULL, 1, '2024-01-16 14:47:04', NULL, NULL),
(17, 'DO/MMS/2024/01/017', 7, 'SPB/YUDHA/2024/01/0006', 1, '2024-01-17', 2, 75681998.00, 34056899.10, 45.00, 75681998.00, 0.00, 0.00, 75681998.00, 35381250.00, 35381250.00, 40300748.00, 'PENGIRIMAN TAHAP I', 0, 1, NULL, NULL, NULL, 1, '2024-01-16 16:56:05', NULL, NULL),
(18, 'DO/MMS/2024/01/018', 40, 'SPB/ARIS/2024/01/0004', 1, '2024-01-17', 8, 32088000.00, 0.00, 0.00, 32088000.00, 0.00, 0.00, 32088000.00, 0.00, 0.00, 32088000.00, NULL, 0, 1, NULL, NULL, NULL, 1, '2024-01-17 08:55:22', NULL, NULL),
(19, 'DO/MMS/2024/01/019', 41, 'SPB/YUDHA/2024/01/0020', 1, '2024-01-17', 1, 4225000.00, 0.00, 0.00, 4225000.00, 0.00, 0.00, 4225000.00, 0.00, 0.00, 4225000.00, NULL, 0, 1, NULL, NULL, NULL, 1, '2024-01-17 09:21:16', NULL, NULL),
(20, 'DO/MMS/2024/01/020', 38, 'SPB/YUDHA/2024/01/0019', 1, '2024-01-18', 20, 60945000.00, 0.00, 0.00, 60945000.00, 0.00, 0.00, 60945000.00, 11758840.00, 11758840.00, 49186160.00, 'PENGIRIMAN TAHAP I', 0, 1, NULL, NULL, NULL, 1, '2024-01-18 10:42:53', NULL, NULL),
(21, 'DO/MMS/2024/01/021', 43, 'SPB/YUDHA/2024/01/0021', 1, '2024-01-18', 1, 2500000.00, 0.00, 0.00, 2500000.00, 0.00, 0.00, 2500000.00, 2106630.00, 2106630.00, 393370.00, NULL, 0, 1, NULL, NULL, NULL, 1, '2024-01-18 10:50:33', NULL, NULL),
(22, 'DO/MMS/2024/01/022', 5, 'SPB/YUDHA/2024/01/0004', 1, '2024-01-17', 4, 30250000.00, 0.00, 0.00, 30250000.00, 0.00, 0.00, 30250000.00, 16983000.00, 16983000.00, 13267000.00, NULL, 0, 1, NULL, NULL, NULL, 1, '2024-01-18 14:48:13', NULL, NULL),
(23, 'DO/MMS/2024/01/023', 23, 'SPB/ARIS/2024/01/0002', 1, '2024-01-16', 1, 24642000.00, 0.00, 0.00, 24642000.00, 0.00, 0.00, 24642000.00, 18481500.00, 18481500.00, 6160500.00, NULL, 0, 1, NULL, NULL, NULL, 1, '2024-01-18 14:55:06', NULL, NULL);

INSERT INTO `tb_penjualan_surat_jalan_detail` (`IDetail`, `NoSuratJalan`, `NoUrut`, `IDBarang`, `NamaBarang`, `Qty`, `SN`, `HPP`, `HPPReal`, `Harga`, `Diskon`, `DiskonPersen`, `DiskonValue`, `DiskonType`, `Margin`, `SubTotal`, `SubTotalHPP`, `SubTotalMargin`, `IsPaket`, `IsChild`, `Garansi`, `IDStok`, `StokFrom`, `IsInstallasi`) VALUES
(1, 'DO/MMS/2024/01/001', 0, 5, 'ARISTON - ANDRIS 2 B 15 L', 1, NULL, 1633541.00, 0.00, 2000000.00, 0.00, 0.00, '0', 0, 366459.00, 2000000.00, 1633541.00, 366459.00, 0, 0, NULL, NULL, 0, 0);
INSERT INTO `tb_penjualan_surat_jalan_detail` (`IDetail`, `NoSuratJalan`, `NoUrut`, `IDBarang`, `NamaBarang`, `Qty`, `SN`, `HPP`, `HPPReal`, `Harga`, `Diskon`, `DiskonPersen`, `DiskonValue`, `DiskonType`, `Margin`, `SubTotal`, `SubTotalHPP`, `SubTotalMargin`, `IsPaket`, `IsChild`, `Garansi`, `IDStok`, `StokFrom`, `IsInstallasi`) VALUES
(2, 'DO/MMS/2024/01/002', 0, 22, 'ARISTON - DOVE PLUS 100 L', 4, NULL, 2939710.00, 0.00, 3459000.00, 0.00, 0.00, '0', 0, 519290.00, 13836000.00, 11758840.00, 2077160.00, 0, 0, NULL, NULL, 0, 0);
INSERT INTO `tb_penjualan_surat_jalan_detail` (`IDetail`, `NoSuratJalan`, `NoUrut`, `IDBarang`, `NamaBarang`, `Qty`, `SN`, `HPP`, `HPPReal`, `Harga`, `Diskon`, `DiskonPersen`, `DiskonValue`, `DiskonType`, `Margin`, `SubTotal`, `SubTotalHPP`, `SubTotalMargin`, `IsPaket`, `IsChild`, `Garansi`, `IDStok`, `StokFrom`, `IsInstallasi`) VALUES
(3, 'DO/MMS/2024/01/003', 0, 22, 'ARISTON - DOVE PLUS 100 L', 1, NULL, 2939710.00, 0.00, 3459000.00, 0.00, 0.00, '0', 0, 519290.00, 3459000.00, 2939710.00, 519290.00, 0, 0, NULL, NULL, 0, 0);
INSERT INTO `tb_penjualan_surat_jalan_detail` (`IDetail`, `NoSuratJalan`, `NoUrut`, `IDBarang`, `NamaBarang`, `Qty`, `SN`, `HPP`, `HPPReal`, `Harga`, `Diskon`, `DiskonPersen`, `DiskonValue`, `DiskonType`, `Margin`, `SubTotal`, `SubTotalHPP`, `SubTotalMargin`, `IsPaket`, `IsChild`, `Garansi`, `IDStok`, `StokFrom`, `IsInstallasi`) VALUES
(4, 'DO/MMS/2024/01/004', 0, 13, 'ARISTON - ANDRIS 2 LUX 30 L', 1, NULL, 3460425.00, 3460425.00, 6132245.00, 0.00, 0.00, '0', 0, 2671820.00, 6132245.00, 3460425.00, 2671820.00, 0, 0, NULL, NULL, 1, 0),
(5, 'DO/MMS/2024/01/005', 0, 36, 'ARISTON - LYDOS HYBRID WIFI - 80 L', 2, NULL, 6908236.00, 0.00, 10157258.00, 0.00, 0.00, '0', 0, 3249022.00, 20314516.00, 13816472.00, 6498044.00, 0, 0, NULL, NULL, 0, 0),
(6, 'DO/MMS/2024/01/005', 1, 95, 'ELCB 220V 10A 30MA', 2, NULL, 250000.00, 250000.00, 750000.00, 0.00, 0.00, '0', 0, 500000.00, 1500000.00, 500000.00, 1000000.00, 0, 0, NULL, NULL, 1, 0),
(7, 'DO/MMS/2024/01/006', 0, 24, 'ARISTON - PRO R 80 L', 1, NULL, 2998019.00, 0.00, 3655338.00, 0.00, 0.00, '0', 0, 657319.00, 3655338.00, 2998019.00, 657319.00, 0, 0, NULL, NULL, 0, 0),
(8, 'DO/MMS/2024/01/007', 0, 36, 'ARISTON - LYDOS HYBRID WIFI - 80 L', 2, NULL, 6908236.00, 0.00, 10157258.00, 0.00, 0.00, '0', 0, 3249022.00, 20314516.00, 13816472.00, 6498044.00, 0, 0, NULL, NULL, 0, 0),
(9, 'DO/MMS/2024/01/007', 1, 95, 'ELCB 220V 10A 30MA', 2, NULL, 250000.00, 250000.00, 750000.00, 0.00, 0.00, '0', 0, 500000.00, 1500000.00, 500000.00, 1000000.00, 0, 0, NULL, NULL, 1, 0),
(10, 'DO/MMS/2024/01/008', 0, 37, 'ARISTON - LYDOS HYBRID WIFI - 100 L', 2, NULL, 7987458.50, 0.00, 10960625.00, 0.00, 0.00, '0', 0, 2973166.50, 21921250.00, 15974916.00, 5946333.00, 0, 0, NULL, NULL, 0, 0),
(11, 'DO/MMS/2024/01/008', 1, 95, 'ELCB 220V 10A 30MA', 2, NULL, 250000.00, 250000.00, 750000.00, 0.00, 0.00, '0', 0, 500000.00, 1500000.00, 500000.00, 1000000.00, 0, 0, NULL, NULL, 1, 0),
(12, 'DO/MMS/2024/01/009', 0, 25, 'ARISTON - PRO R 100 L', 1, NULL, 3289560.00, 0.00, 4011000.00, 0.00, 0.00, '0', 0, 721440.00, 4011000.00, 3289560.00, 721440.00, 0, 0, NULL, NULL, 0, 0),
(13, 'DO/MMS/2024/01/010', 0, 117, 'ARISTON - 65190898 THERMOSTAT', 1, NULL, 168462.00, 0.00, 285000.00, 0.00, 0.00, '0', 0, 116538.00, 285000.00, 168462.00, 116538.00, 0, 0, NULL, NULL, 0, 0),
(14, 'DO/MMS/2024/01/010', 1, 106, 'ARISTON - 504342-CN SAFETY VALVE WITH LEVER', 1, NULL, 121428.00, 0.00, 205000.00, 0.00, 0.00, '0', 0, 83572.00, 205000.00, 121428.00, 83572.00, 0, 0, NULL, NULL, 0, 0),
(15, 'DO/MMS/2024/01/011', 0, 119, 'ARISTON - 993014-VN ANODE D:21.3 L:185 M5', 1, NULL, 96978.00, 0.00, 162000.00, 0.00, 0.00, '0', 0, 65022.00, 162000.00, 96978.00, 65022.00, 0, 0, NULL, NULL, 0, 0),
(16, 'DO/MMS/2024/01/012', 1, 106, 'ARISTON - 504342-CN SAFETY VALVE WITH LEVER', 1, NULL, 121428.00, 0.00, 205000.00, 0.00, 0.00, '0', 0, 83572.00, 205000.00, 121428.00, 83572.00, 0, 0, NULL, NULL, 0, 0),
(17, 'DO/MMS/2024/01/013', 0, 106, 'ARISTON - 504342-CN SAFETY VALVE WITH LEVER', 1, NULL, 121428.00, 0.00, 205000.00, 0.00, 0.00, '0', 0, 83572.00, 205000.00, 121428.00, 83572.00, 0, 0, NULL, NULL, 0, 0),
(18, 'DO/MMS/2024/01/014', 0, 27, 'ARISTON - PRO 1 ECO V - 80 L', 1, NULL, 3833770.00, 0.00, 4700000.00, 0.00, 0.00, '0', 0, 866230.00, 4700000.00, 3833770.00, 866230.00, 0, 0, NULL, NULL, 0, 0),
(19, 'DO/MMS/2024/01/015', 0, 38, 'ARISTON - NUOS PRIMO HC - 200 L', 1, NULL, 18892200.00, 0.00, 24642000.00, 0.00, 0.00, '0', 0, 5749800.00, 24642000.00, 18892200.00, 5749800.00, 0, 0, NULL, NULL, 0, 0),
(20, 'DO/MMS/2024/01/016', 0, 119, 'ARISTON - 993014-VN ANODE D:21.3 L:185 M5', 1, NULL, 96978.00, 0.00, 162000.00, 0.00, 0.00, '0', 0, 65022.00, 162000.00, 96978.00, 65022.00, 0, 0, NULL, NULL, 0, 0),
(21, 'DO/MMS/2024/01/017', 0, 35, 'ARISTON - ARI 300 STAB 570 THER', 2, NULL, 17690625.00, 17690625.00, 37840999.00, 0.00, 0.00, '0', 0, 20150374.00, 75681998.00, 35381250.00, 40300748.00, 0, 0, NULL, NULL, 1, 0),
(22, 'DO/MMS/2024/01/018', 0, 25, 'ARISTON - PRO R 100 L', 8, NULL, 0.00, 0.00, 4011000.00, 0.00, 0.00, '0', 0, 4011000.00, 32088000.00, 0.00, 32088000.00, 0, 0, NULL, NULL, 1, 0),
(23, 'DO/MMS/2024/01/019', 0, 25, 'ARISTON - PRO R 100 L', 1, NULL, 0.00, 0.00, 4225000.00, 0.00, 0.00, '0', 0, 4225000.00, 4225000.00, 0.00, 4225000.00, 0, 0, NULL, NULL, 1, 0),
(24, 'DO/MMS/2024/01/020', 0, 22, 'ARISTON - DOVE PLUS 100 L', 4, NULL, 2939710.00, 0.00, 3286000.00, 0.00, 0.00, '0', 0, 346290.00, 13144000.00, 11758840.00, 1385160.00, 0, 0, NULL, NULL, 0, 0),
(25, 'DO/MMS/2024/01/020', 1, 25, 'ARISTON - PRO R 100 L', 13, NULL, 0.00, 0.00, 3677000.00, 0.00, 0.00, '0', 0, 3677000.00, 47801000.00, 0.00, 47801000.00, 0, 0, NULL, NULL, 1, 0),
(26, 'DO/MMS/2024/01/021', 0, 6, 'ARISTON - ANDRIS 2 B 30 L', 1, NULL, 2106630.00, 0.00, 2500000.00, 0.00, 0.00, '0', 0, 393370.00, 2500000.00, 2106630.00, 393370.00, 0, 0, NULL, NULL, 0, 0),
(27, 'DO/MMS/2024/01/022', 0, 25, 'ARISTON - PRO R 100 L', 2, NULL, 0.00, 0.00, 4225000.00, 0.00, 0.00, '0', 0, 4225000.00, 8450000.00, 0.00, 8450000.00, 0, 0, NULL, NULL, 1, 0),
(28, 'DO/MMS/2024/01/022', 1, 33, 'ARISTON - ARI 200 VERT 530 THER', 2, NULL, 8491500.00, 0.00, 10900000.00, 0.00, 0.00, '0', 0, 2408500.00, 21800000.00, 16983000.00, 4817000.00, 0, 0, NULL, NULL, 0, 0),
(29, 'DO/MMS/2024/01/023', 0, 38, 'ARISTON - NUOS PRIMO HC - 200 L', 1, NULL, 18481500.00, 0.00, 24642000.00, 0.00, 0.00, '0', 0, 6160500.00, 24642000.00, 18481500.00, 6160500.00, 0, 0, NULL, NULL, 0, 0);

INSERT INTO `tb_penjualan_vo` (`IDPenjualanVO`, `NoVO`, `IDPenjualan`, `Tanggal`, `Keterangan`, `TotalItem`, `Total`, `Diskon`, `DiskonPersen`, `Total2`, `PPN`, `PPNPersen`, `GrandTotal`, `TotalHPP`, `TotalHPPReal`, `TotalMargin`, `GrandTotalSPB`, `GrandTotalSPBAkhir`, `Status`, `DeletedDate`, `DeletedBy`, `DeletedRemark`, `CreatedBy`, `DateCreated`, `ModifiedBy`, `DateModified`) VALUES
(1, 'VO/ADMIN/2024/01/0001', 4, '2024-01-05', NULL, 10, 36569500.00, 0.00, 0, 36569500.00, 0.00, 0, 36569500.00, NULL, 29883000.00, 6686500.00, 40226450.00, 40226450.00, 2, '2024-01-05 15:10:22', 1, 'PERCOBAAN GAGAL', 1, '2024-01-05 15:09:43', NULL, NULL);
INSERT INTO `tb_penjualan_vo` (`IDPenjualanVO`, `NoVO`, `IDPenjualan`, `Tanggal`, `Keterangan`, `TotalItem`, `Total`, `Diskon`, `DiskonPersen`, `Total2`, `PPN`, `PPNPersen`, `GrandTotal`, `TotalHPP`, `TotalHPPReal`, `TotalMargin`, `GrandTotalSPB`, `GrandTotalSPBAkhir`, `Status`, `DeletedDate`, `DeletedBy`, `DeletedRemark`, `CreatedBy`, `DateCreated`, `ModifiedBy`, `DateModified`) VALUES
(2, 'VO/ADMIN/2024/01/0002', 4, '2024-01-05', 'GANTI ITEM BARANG', -11, -40226450.00, 0.00, 0, -40226450.00, 0.00, 0, -40226450.00, NULL, -32871300.00, -7355150.00, 40226450.00, 0.00, 1, NULL, NULL, NULL, 1, '2024-01-05 15:12:46', NULL, NULL);
INSERT INTO `tb_penjualan_vo` (`IDPenjualanVO`, `NoVO`, `IDPenjualan`, `Tanggal`, `Keterangan`, `TotalItem`, `Total`, `Diskon`, `DiskonPersen`, `Total2`, `PPN`, `PPNPersen`, `GrandTotal`, `TotalHPP`, `TotalHPPReal`, `TotalMargin`, `GrandTotalSPB`, `GrandTotalSPBAkhir`, `Status`, `DeletedDate`, `DeletedBy`, `DeletedRemark`, `CreatedBy`, `DateCreated`, `ModifiedBy`, `DateModified`) VALUES
(3, 'VO/ADMIN/2024/01/0003', 4, '2024-01-05', 'GANTI ITEM BARANG', 11, 40226450.00, 0.00, 0, 40226450.00, 0.00, 0, 40226450.00, NULL, 32871300.00, 7355150.00, 0.00, 40226450.00, 1, NULL, NULL, NULL, 1, '2024-01-05 15:13:13', NULL, NULL);
INSERT INTO `tb_penjualan_vo` (`IDPenjualanVO`, `NoVO`, `IDPenjualan`, `Tanggal`, `Keterangan`, `TotalItem`, `Total`, `Diskon`, `DiskonPersen`, `Total2`, `PPN`, `PPNPersen`, `GrandTotal`, `TotalHPP`, `TotalHPPReal`, `TotalMargin`, `GrandTotalSPB`, `GrandTotalSPBAkhir`, `Status`, `DeletedDate`, `DeletedBy`, `DeletedRemark`, `CreatedBy`, `DateCreated`, `ModifiedBy`, `DateModified`) VALUES
(4, 'VO/ADMIN/2024/01/0004', 25, '2024-01-12', NULL, 0, 5286492.00, 0.00, 0, 5286492.00, 0.00, 0, 5286492.00, 374145.00, 0.00, 4912347.00, 2150000.00, 2150000.00, 2, '2024-01-12 16:32:12', 1, 'TRIAL SYSTEM BARU', 1, '2024-01-12 15:22:04', NULL, NULL);

INSERT INTO `tb_penjualan_vo_detail` (`IDDetail`, `NoVO`, `NoUrut`, `IDBarang`, `NamaBarang`, `NamaBarangDisplay`, `Qty`, `SN`, `HargaBeli`, `HargaBeliReal`, `Harga`, `Diskon`, `DiskonPersen`, `DiskonValue`, `DiskonType`, `SubTotal`, `Margin`, `Garansi`, `IsParent`, `IsChild`) VALUES
(1, 'VO/ADMIN/2024/01/0001', 0, 89, 'ARISTON - AURES LUXURY', 'ARISTON - AURES LUXURY', -1, NULL, 2988300, 2988300, 3656950, 0.00, 0.00, '0', 0, -3656950, -668650, NULL, NULL, NULL);
INSERT INTO `tb_penjualan_vo_detail` (`IDDetail`, `NoVO`, `NoUrut`, `IDBarang`, `NamaBarang`, `NamaBarangDisplay`, `Qty`, `SN`, `HargaBeli`, `HargaBeliReal`, `Harga`, `Diskon`, `DiskonPersen`, `DiskonValue`, `DiskonType`, `SubTotal`, `Margin`, `Garansi`, `IsParent`, `IsChild`) VALUES
(2, 'VO/ADMIN/2024/01/0001', 1, 92, 'ARISTON - AURES TOP', 'ARISTON - AURES TOP', 11, NULL, 2988300, 2988300, 3656950, 0.00, 0.00, '0', 0, 40226450, 7355150, NULL, NULL, NULL);
INSERT INTO `tb_penjualan_vo_detail` (`IDDetail`, `NoVO`, `NoUrut`, `IDBarang`, `NamaBarang`, `NamaBarangDisplay`, `Qty`, `SN`, `HargaBeli`, `HargaBeliReal`, `Harga`, `Diskon`, `DiskonPersen`, `DiskonValue`, `DiskonType`, `SubTotal`, `Margin`, `Garansi`, `IsParent`, `IsChild`) VALUES
(3, 'VO/ADMIN/2024/01/0002', 0, 89, 'ARISTON - AURES LUXURY', 'ARISTON - AURES LUXURY', -11, NULL, 2988300, 2988300, 3656950, 0.00, 0.00, '0', 0, -40226450, -7355150, NULL, NULL, NULL);
INSERT INTO `tb_penjualan_vo_detail` (`IDDetail`, `NoVO`, `NoUrut`, `IDBarang`, `NamaBarang`, `NamaBarangDisplay`, `Qty`, `SN`, `HargaBeli`, `HargaBeliReal`, `Harga`, `Diskon`, `DiskonPersen`, `DiskonValue`, `DiskonType`, `SubTotal`, `Margin`, `Garansi`, `IsParent`, `IsChild`) VALUES
(4, 'VO/ADMIN/2024/01/0003', 0, 92, 'ARISTON - AURES TOP', 'ARISTON - AURES TOP', 11, NULL, 2988300, 2988300, 3656950, 0.00, 0.00, '0', 0, 40226450, 7355150, NULL, NULL, NULL),
(5, 'VO/ADMIN/2024/01/0004', 0, 4, 'ARISTON - ANDRIS 2 B 10 L', 'ARISTON - ANDRIS 2 B 10 L', -1, NULL, 2915415, 0, 1750000, 0.00, 0.00, '0', 0, -1750000, 1165415, NULL, NULL, NULL),
(6, 'VO/ADMIN/2024/01/0004', 1, 25, 'ARISTON - PRO R 100 L', 'ARISTON - PRO R 100 L', 1, NULL, 3289560, 0, 7036492, 0.00, 0.00, '0', 0, 7036492, 3746932, NULL, NULL, NULL);

INSERT INTO `tb_po` (`IDPO`, `NoPO`, `IDSupplier`, `IDPenjualan`, `NoSPB`, `Tanggal`, `Total`, `DiskonPersen`, `Diskon`, `Total2`, `PPNPersen`, `PPN`, `GrandTotal`, `PembayaranDP`, `MetodePembayaran1`, `MetodePembayaran2`, `NoBG`, `JatuhTempoBG`, `TotalPembayaran`, `Kembali`, `Sisa`, `Keterangan`, `InvPembayaran`, `InvBank`, `InvDelivery`, `InvExpedisi`, `InvAlamatPengiriman`, `Completed`, `JenisPO`, `IsPajak`, `IsAccidental`, `IsAudit`, `IsMMSMaterialBantu`, `FakturPajak`, `DaftarFakturPajak`, `Kategori`, `DeletedDate`, `DeletedBy`, `DeletedRemark`, `CreatedBy`, `DateCreated`, `ModifiedBy`, `DateModified`, `CompletedFakturPajak`) VALUES
(1, 'PO/SPN/2024/01/001', 10, 0, NULL, '2024-01-02', 450000.00, '0', 0.00, 450000.00, 0, 0.00, 450000.00, 0.00, NULL, NULL, NULL, NULL, 0.00, NULL, 450000.00, 'SERVICE TOILET/WC LANTAI BAWAH SOPAN (MAMPET)', 'CASH 100%', NULL, NULL, NULL, NULL, 0, 2, 0, 0, 0, 0, NULL, NULL, 'Stok Gudang', NULL, NULL, NULL, 1, '2024-01-02 15:27:03', NULL, NULL, 0);
INSERT INTO `tb_po` (`IDPO`, `NoPO`, `IDSupplier`, `IDPenjualan`, `NoSPB`, `Tanggal`, `Total`, `DiskonPersen`, `Diskon`, `Total2`, `PPNPersen`, `PPN`, `GrandTotal`, `PembayaranDP`, `MetodePembayaran1`, `MetodePembayaran2`, `NoBG`, `JatuhTempoBG`, `TotalPembayaran`, `Kembali`, `Sisa`, `Keterangan`, `InvPembayaran`, `InvBank`, `InvDelivery`, `InvExpedisi`, `InvAlamatPengiriman`, `Completed`, `JenisPO`, `IsPajak`, `IsAccidental`, `IsAudit`, `IsMMSMaterialBantu`, `FakturPajak`, `DaftarFakturPajak`, `Kategori`, `DeletedDate`, `DeletedBy`, `DeletedRemark`, `CreatedBy`, `DateCreated`, `ModifiedBy`, `DateModified`, `CompletedFakturPajak`) VALUES
(2, 'PO/SPN/2024/01/002', 3, 0, NULL, '2024-01-02', 556526145.00, '0', 0.00, 556526145.00, 0, 0.00, 556526145.00, 0.00, NULL, NULL, NULL, NULL, 0.00, NULL, 556526145.00, 'BARANG FREE STOK PER DES 2023 DI MMS UNTUK STOK AWAL SOPAN', 'CASH 100%', 'BCA, NO REK : 767 0400 900, AN : LUKITO PRAMONO', NULL, NULL, 'JL TUKAD BATANGHARI NO 42, PANJER, DPS', 0, 1, 0, 0, 0, 0, NULL, NULL, 'Stok Gudang', NULL, NULL, NULL, 1, '2024-01-02 17:15:30', 1, '2024-01-10 12:30:57', 0);
INSERT INTO `tb_po` (`IDPO`, `NoPO`, `IDSupplier`, `IDPenjualan`, `NoSPB`, `Tanggal`, `Total`, `DiskonPersen`, `Diskon`, `Total2`, `PPNPersen`, `PPN`, `GrandTotal`, `PembayaranDP`, `MetodePembayaran1`, `MetodePembayaran2`, `NoBG`, `JatuhTempoBG`, `TotalPembayaran`, `Kembali`, `Sisa`, `Keterangan`, `InvPembayaran`, `InvBank`, `InvDelivery`, `InvExpedisi`, `InvAlamatPengiriman`, `Completed`, `JenisPO`, `IsPajak`, `IsAccidental`, `IsAudit`, `IsMMSMaterialBantu`, `FakturPajak`, `DaftarFakturPajak`, `Kategori`, `DeletedDate`, `DeletedBy`, `DeletedRemark`, `CreatedBy`, `DateCreated`, `ModifiedBy`, `DateModified`, `CompletedFakturPajak`) VALUES
(3, 'PO/SPN/P/2024/01/001', 2, 4, NULL, '2024-01-05', 29613782.00, '0', 0.00, 29613782.00, 11, 3257516.00, 32871298.00, 0.00, NULL, NULL, NULL, NULL, 0.00, NULL, 32871298.00, 'UNTUK PROJECT BAPAK WAYAN JULIARTHA', 'CREDIT 60 HARI', 'BANK BCA A/N PT. ARISTON GROUP INDONESIA NO REK : 5455115555', NULL, NULL, 'JL TUKAD BATANGHARI NO 42, PANJER, DPS', 0, 1, 1, 0, 0, 0, NULL, NULL, 'Stok Purchasing', NULL, NULL, NULL, 1, '2024-01-05 15:39:43', 1, '2024-01-10 10:43:21', 0);
INSERT INTO `tb_po` (`IDPO`, `NoPO`, `IDSupplier`, `IDPenjualan`, `NoSPB`, `Tanggal`, `Total`, `DiskonPersen`, `Diskon`, `Total2`, `PPNPersen`, `PPN`, `GrandTotal`, `PembayaranDP`, `MetodePembayaran1`, `MetodePembayaran2`, `NoBG`, `JatuhTempoBG`, `TotalPembayaran`, `Kembali`, `Sisa`, `Keterangan`, `InvPembayaran`, `InvBank`, `InvDelivery`, `InvExpedisi`, `InvAlamatPengiriman`, `Completed`, `JenisPO`, `IsPajak`, `IsAccidental`, `IsAudit`, `IsMMSMaterialBantu`, `FakturPajak`, `DaftarFakturPajak`, `Kategori`, `DeletedDate`, `DeletedBy`, `DeletedRemark`, `CreatedBy`, `DateCreated`, `ModifiedBy`, `DateModified`, `CompletedFakturPajak`) VALUES
(4, 'PO/SPN/P/2024/01/002', 2, 0, NULL, '2024-01-05', 15300000.00, '0', 0.00, 15300000.00, 11, 1683000.00, 16983000.00, 0.00, NULL, NULL, NULL, NULL, 0.00, NULL, 16983000.00, NULL, 'CREDIT 60 HARI', 'BANK BCA A/N PT. ARISTON GROUP INDONESIA NO REK : 5455115555', NULL, NULL, 'JL TUKAD BATANGHARI NO 42, PANJER, DPS', 0, 1, 1, 0, 0, 0, NULL, NULL, 'UMUM', NULL, NULL, NULL, 1, '2024-01-05 15:45:46', 1, '2024-01-17 16:42:48', 0),
(5, 'PO/SPN/2024/01/003', 3, 0, NULL, '2024-01-02', 164284771.00, '0', 0.00, 164284771.00, 0, 0.00, 164284771.00, 0.00, NULL, NULL, NULL, NULL, 0.00, NULL, 164284771.00, 'BARANG FREE STOCK PER DES 2023 - STOK AWAL SOPAN', 'CASH 100%', 'BCA, NO REK : 767 0400 900, AN : LUKITO PRAMONO', NULL, NULL, 'JL TUKAD BATANGHARI NO 42, PANJER, DPS', 0, 1, 0, 0, 0, 0, NULL, NULL, 'Stok Gudang', NULL, NULL, NULL, 1, '2024-01-08 15:17:25', 1, '2024-01-10 12:31:09', 0),
(6, 'PO/SPN/P/2024/01/003', 2, 7, NULL, '2024-01-03', 159375000.00, '0', 0.00, 159375000.00, 11, 17531250.00, 176906250.00, 0.00, NULL, NULL, NULL, NULL, 0.00, NULL, 176906250.00, 'UNTUK PROJECT NGURAH ANDHITA', 'CREDIT 60 HARI', 'BANK BCA A/N PT. ARISTON GROUP INDONESIA NO REK : 5455115555', NULL, NULL, 'JL TUKAD BATANGHARI NO 42, PANJER, DPS', 1, 1, 1, 0, 0, 0, NULL, NULL, 'Stok Purchasing', NULL, NULL, NULL, 1, '2024-01-10 10:42:19', NULL, NULL, 0),
(7, 'PO/SPN/P/2024/01/004', 12, 8, NULL, '2024-01-03', 3117500.00, '0', 0.00, 3117500.00, 11, 342925.00, 3460425.00, 0.00, NULL, NULL, NULL, NULL, 0.00, NULL, 3460425.00, 'DISC 43% + 1% - UNTUK PROJECT WAYAN KONTRUKSI', 'CREDIT 30 HARI', 'BANK BCA, NO REK : 817 599 8833 A/N PT. SADAR JAYA MANDIRI', NULL, NULL, 'JL TUKAD BATANGHARI NO 42, PANJER, DPS', 1, 1, 1, 0, 0, 0, NULL, NULL, 'Stok Purchasing', NULL, NULL, NULL, 1, '2024-01-10 10:58:52', NULL, NULL, 0),
(8, 'PO/SPN/2024/01/004', 3, 15, NULL, '2024-01-10', 500000.00, '0', 0.00, 500000.00, 0, 0.00, 500000.00, 0.00, NULL, NULL, NULL, NULL, 0.00, NULL, 500000.00, 'UNTUK PROJECT PORTOBELLO VILLA UBUD - ARISTON - LYDOS 100 L 2 UNIT', 'CASH 100%', 'BCA, NO REK : 767 0400 900, AN : LUKITO PRAMONO', NULL, NULL, 'JL TUKAD BATANGHARI NO 42, PANJER, DPS', 1, 1, 0, 0, 0, 0, NULL, NULL, 'Stok Purchasing', NULL, NULL, NULL, 1, '2024-01-10 12:33:45', NULL, NULL, 0),
(9, 'PO/SPN/2024/01/005', 3, 16, NULL, '2024-01-10', 500000.00, '0', 0.00, 500000.00, 0, 0.00, 500000.00, 0.00, NULL, NULL, NULL, NULL, 0.00, NULL, 500000.00, 'UNTUK PROJECT PORTOBELLO VILLA - ARISTON - LYDOS 80 L 2 UNIT', 'CASH 100%', 'BCA, NO REK : 767 0400 900, AN : LUKITO PRAMONO', NULL, NULL, 'JL TUKAD BATANGHARI NO 42, PANJER, DPS', 1, 1, 0, 0, 0, 0, NULL, NULL, 'Stok Purchasing', NULL, NULL, NULL, 1, '2024-01-10 12:36:06', NULL, NULL, 0),
(10, 'PO/SPN/P/2024/01/005', 2, 6, NULL, '2024-01-03', 43166521.00, '0', 0.00, 43166521.00, 11, 4748317.00, 47914838.00, 0.00, NULL, NULL, NULL, NULL, 0.00, NULL, 47914838.00, 'UNTUK PROJECT PT. DESAIN BANGUN NUSANTARA', 'CREDIT 60 HARI', 'BANK BCA A/N PT. ARISTON GROUP INDONESIA NO REK : 5455115555', NULL, NULL, 'JL TUKAD BATANGHARI NO 42, PANJER, DPS', 1, 1, 1, 0, 0, 0, NULL, NULL, 'Stok Purchasing', NULL, NULL, NULL, 1, '2024-01-10 13:44:14', NULL, NULL, 0),
(11, 'PO/SPN/P/2024/01/006', 2, 0, NULL, '2024-01-10', 39305569.00, '0', 0.00, 39305569.00, 11, 4323613.00, 43629182.00, 0.00, NULL, NULL, NULL, NULL, 0.00, NULL, 43629182.00, 'UNTUK STOCK', 'CREDIT 60 HARI', 'BANK BCA A/N PT. ARISTON GROUP INDONESIA NO REK : 5455115555', NULL, NULL, 'JL TUKAD BATANGHARI NO 42, PANJER, DPS', 1, 1, 1, 0, 0, 0, NULL, NULL, 'Stok Gudang', NULL, NULL, NULL, 1, '2024-01-10 13:45:48', NULL, NULL, 0),
(12, 'PO/SPN/2024/01/006', 3, 0, NULL, '2024-01-11', 8571105.00, '0', 0.00, 8571105.00, 0, 0.00, 8571105.00, 0.00, NULL, NULL, NULL, NULL, 0.00, NULL, 8571105.00, 'BARANG FREE STOK PER DES 2023 DI MMS UNTUK STOK AWAL SOPAN', 'CASH 100%', 'BCA, NO REK : 767 0400 900, AN : LUKITO PRAMONO', NULL, NULL, 'JL TUKAD BATANGHARI NO 42, PANJER, DPS', 1, 1, 0, 0, 0, 0, NULL, NULL, 'Stok Gudang', NULL, NULL, NULL, 1, '2024-01-11 12:22:31', 1, '2024-01-12 10:58:20', 0),
(13, 'PO/SPN/2024/01/007', 15, 0, NULL, '2024-01-13', 50000.00, '0', 0.00, 50000.00, 0, 0.00, 50000.00, 0.00, NULL, NULL, NULL, NULL, 0.00, NULL, 50000.00, 'BIAYA TENAGA BANTU ANGKAT BARANG DARI ARISTON', 'CASH 100%', NULL, NULL, NULL, NULL, 0, 2, 0, 0, 0, 0, NULL, NULL, 'Stok Gudang', NULL, NULL, NULL, 1, '2024-01-13 11:11:30', NULL, NULL, 0),
(14, 'PO/SPN/2024/01/008', 18, 0, NULL, '2024-01-16', 300000.00, '0', 0.00, 300000.00, 0, 0.00, 300000.00, 0.00, NULL, NULL, NULL, NULL, 0.00, NULL, 300000.00, 'BIAYA UNTUK 2 ORANG TENAGA ANGKAT BARANG DARI ARISTON', 'CASH 100%', NULL, NULL, NULL, NULL, 0, 2, 0, 0, 0, 0, NULL, NULL, 'Stok Gudang', NULL, NULL, NULL, 1, '2024-01-16 14:47:08', NULL, NULL, 0),
(15, 'PO/SPN/2024/01/009', 19, 23, NULL, '2024-01-16', 300000.00, '0', 0.00, 300000.00, 0, 0.00, 300000.00, 0.00, NULL, NULL, NULL, NULL, 0.00, NULL, 300000.00, 'BIAYA TENAGA ANGKAT 2 ORANG NAIK TURUN BARANG KIRIM ARISTON - NUOS PRIMO 200 LITER 1 UNIT - PROJECT IBU YUNI', 'CASH 100%', NULL, NULL, NULL, NULL, 0, 2, 0, 0, 0, 0, NULL, NULL, 'Stok Purchasing', NULL, NULL, NULL, 1, '2024-01-16 14:49:27', NULL, NULL, 0),
(16, 'PO/SPN/P/2024/01/007', 2, 38, NULL, '2024-01-16', 72088709.00, '0', 0.00, 72088709.00, 11, 7929758.00, 80018467.00, 0.00, NULL, NULL, NULL, NULL, 0.00, NULL, 80018467.00, 'UNTUK PROJECT MEGATECH SOLUSI NUSANTARA', 'CREDIT 60 HARI', 'BANK BCA A/N PT. ARISTON GROUP INDONESIA NO REK : 5455115555', NULL, NULL, 'JL TUKAD BATANGHARI NO 42, PANJER, DPS', 0, 1, 1, 0, 0, 0, NULL, NULL, 'Stok Purchasing', NULL, NULL, NULL, 1, '2024-01-16 16:10:19', NULL, NULL, 0),
(17, 'PO/SPN/P/2024/01/008', 2, 0, NULL, '2024-01-16', 229767505.00, '0', 0.00, 229767505.00, 11, 25274426.00, 255041931.00, 0.00, NULL, NULL, NULL, NULL, 0.00, NULL, 255041931.00, NULL, 'CREDIT 60 HARI', 'BANK BCA A/N PT. ARISTON GROUP INDONESIA NO REK : 5455115555', NULL, NULL, 'JL TUKAD BATANGHARI NO 42, PANJER, DPS', 0, 1, 1, 0, 0, 0, NULL, NULL, 'Stok Gudang', NULL, NULL, NULL, 1, '2024-01-16 16:13:01', NULL, NULL, 0),
(18, 'PO/SPN/P/2024/01/009', 2, 0, NULL, '2024-01-16', 22950000.00, '0', 0.00, 22950000.00, 11, 2524500.00, 25474500.00, 0.00, NULL, NULL, NULL, NULL, 0.00, NULL, 25474500.00, NULL, 'CREDIT 60 HARI', 'BANK BCA A/N PT. ARISTON GROUP INDONESIA NO REK : 5455115555', NULL, NULL, 'JL TUKAD BATANGHARI NO 42, PANJER, DPS', 0, 1, 1, 0, 0, 0, NULL, NULL, 'Stok Gudang', NULL, NULL, NULL, 1, '2024-01-16 16:30:46', NULL, NULL, 0),
(19, 'PO/SPN/P/2024/01/010', 2, 0, NULL, '2024-01-17', 1098555.00, '0', 0.00, 1098555.00, 11, 120841.00, 1219396.00, 0.00, NULL, NULL, NULL, NULL, 0.00, NULL, 1219396.00, NULL, NULL, NULL, NULL, NULL, NULL, 2, 1, 1, 0, 0, 0, NULL, NULL, 'Stok Gudang', '2024-01-17 14:24:50', 1, 'PO TRIAL CEK HARGA BELI DI DATA BARANG', 1, '2024-01-17 14:23:42', NULL, NULL, 0),
(20, 'PO/SPN/P/2024/01/011', 2, 0, NULL, '2024-01-17', 17690625.00, '0', 0.00, 17690625.00, 0, 0.00, 17690625.00, 0.00, NULL, NULL, NULL, NULL, 0.00, NULL, 17690625.00, NULL, 'CREDIT 60 HARI', 'BANK BCA A/N PT. ARISTON GROUP INDONESIA NO REK : 5455115555', NULL, NULL, 'JL TUKAD BATANGHARI NO 42, PANJER, DPS', 0, 1, 1, 0, 0, 0, NULL, NULL, 'Stok Gudang', NULL, NULL, NULL, 1, '2024-01-17 15:10:22', NULL, NULL, 0),
(21, 'PO/SPN/2024/01/010', 3, 0, NULL, '2024-01-18', 62436654.00, '0', 0.00, 62436654.00, 0, 0.00, 62436654.00, 0.00, NULL, NULL, NULL, NULL, 0.00, NULL, 62436654.00, 'TAMBAHAN STOK AWAL SOPAN (TAMBAHAN FREE STOK PER DES 2023 DIKARENAKAN SPB CANCEL/DELLETE- SPB CAHAYA PERMAI,ANDI KURNIAWAN,TUNAS JAYA SANUR,RENOVILUX)', 'CASH 100%', NULL, NULL, NULL, 'JL TUKAD BATANGHARI NO 42, PANJER, DPS', 1, 1, 0, 0, 0, 0, NULL, NULL, 'Stok Gudang', NULL, NULL, NULL, 1, '2024-01-18 14:30:39', NULL, NULL, 0),
(22, 'PO/SPN/2024/01/011', 20, 0, NULL, '2024-01-18', 10000000.00, '0', 0.00, 10000000.00, 0, 0.00, 10000000.00, 0.00, NULL, NULL, NULL, NULL, 0.00, NULL, 10000000.00, 'SEWA BOOTH ACE BALI GATHERING & ANNIVERSARY 2024 - BRAND ARISTON WATER HEATER', 'CASH 100%', 'BANK : BCA KCU Kuta\nA/N : Perkumpulan Chief Engineer Bali\nA/C	: 1468844477', NULL, NULL, NULL, 0, 3, 0, 0, 0, 0, NULL, NULL, 'Stok Gudang', NULL, NULL, NULL, 1, '2024-01-18 16:27:43', NULL, NULL, 0),
(23, 'PO/SPN/2024/01/012', 3, 0, NULL, '2024-01-19', 1250000.00, '0', 0.00, 1250000.00, 0, 0.00, 1250000.00, 0.00, NULL, NULL, NULL, NULL, 0.00, NULL, 1250000.00, 'UNTUK STOK SOPAN', 'CASH 100%', 'BCA, NO REK : 767 0400 900, AN : LUKITO PRAMONO', NULL, NULL, NULL, 1, 1, 0, 0, 0, 0, NULL, NULL, 'Stok Gudang', NULL, NULL, NULL, 1, '2024-01-19 11:43:21', 1, '2024-01-19 11:43:59', 0),
(24, 'PO/SPN/2024/01/013', 2, 0, NULL, '2024-01-25', 324000.00, '0', 0.00, 324000.00, 0, 0.00, 324000.00, 0.00, NULL, NULL, NULL, NULL, 0.00, NULL, 324000.00, NULL, NULL, NULL, NULL, NULL, NULL, 0, 1, 0, 0, 0, 0, NULL, NULL, 'Stok Gudang', NULL, NULL, NULL, 1, '2024-01-25 20:32:34', NULL, NULL, 0),
(25, 'PO/SPN/2024/01/014', 20, 0, NULL, '2024-01-25', 1080000.00, '0', 0.00, 1080000.00, 0, 0.00, 1080000.00, 0.00, NULL, NULL, NULL, NULL, 0.00, NULL, 1080000.00, NULL, NULL, NULL, NULL, NULL, NULL, 0, 1, 0, 0, 0, 0, NULL, NULL, 'Stok Gudang', NULL, NULL, NULL, 1, '2024-01-25 20:38:59', NULL, NULL, 0),
(26, 'PO/SPN/2024/01/015', 2, 0, NULL, '2024-01-25', 324000.00, '0', 0.00, 324000.00, 0, 0.00, 324000.00, 0.00, NULL, NULL, NULL, NULL, 0.00, NULL, 324000.00, NULL, NULL, NULL, NULL, NULL, NULL, 0, 1, 0, 0, 0, 0, NULL, NULL, 'Stok Gudang', NULL, NULL, NULL, 1, '2024-01-25 21:36:34', NULL, NULL, 0),
(27, 'PO/SPN/2024/01/016', 2, 0, NULL, '2024-01-25', 324000.00, '0', 0.00, 324000.00, 0, 0.00, 324000.00, 0.00, NULL, NULL, NULL, NULL, 0.00, NULL, 324000.00, NULL, NULL, NULL, NULL, NULL, NULL, 0, 1, 0, 0, 0, 0, NULL, NULL, 'Stok Gudang', NULL, NULL, NULL, 1, '2024-01-25 21:37:20', NULL, NULL, 0),
(28, 'PO/SPN/2024/01/017', 5, 0, NULL, '2024-01-25', 424000.00, '0', 0.00, 424000.00, 0, 0.00, 424000.00, 0.00, NULL, NULL, NULL, NULL, 0.00, NULL, 424000.00, '-', NULL, NULL, NULL, NULL, NULL, 0, 1, 0, 0, 0, 0, NULL, NULL, 'Stok Gudang', NULL, NULL, NULL, 1, '2024-01-25 21:38:39', 1, '2024-01-25 22:02:06', 0);

INSERT INTO `tb_po_detail` (`IDDetail`, `NoPO`, `NoUrut`, `IDBarang`, `NamaBarang`, `Qty`, `Satuan`, `Harga`, `Diskon`, `DiskonPersen`, `DiskonValue`, `DiskonType`, `HargaDiskon`, `SubTotal`) VALUES
(1, 'PO/SPN/2024/01/001', 1, 1, 'BIAYA SERVICE WC MAMPET', 1, 'LOT', 450000, NULL, NULL, NULL, 0, NULL, 450000);
INSERT INTO `tb_po_detail` (`IDDetail`, `NoPO`, `NoUrut`, `IDBarang`, `NamaBarang`, `Qty`, `Satuan`, `Harga`, `Diskon`, `DiskonPersen`, `DiskonValue`, `DiskonType`, `HargaDiskon`, `SubTotal`) VALUES
(118, 'PO/SPN/2024/01/002', 14, 91, 'ARISTON - HPSF AR - 8SM', 3, 'UNIT', 23622415, NULL, NULL, NULL, 0, NULL, 70867245);
INSERT INTO `tb_po_detail` (`IDDetail`, `NoPO`, `NoUrut`, `IDBarang`, `NamaBarang`, `Qty`, `Satuan`, `Harga`, `Diskon`, `DiskonPersen`, `DiskonValue`, `DiskonType`, `HargaDiskon`, `SubTotal`) VALUES
(117, 'PO/SPN/2024/01/002', 2, 89, 'ARISTON - AURES LUXURY', 2, 'UNIT', 2988300, NULL, NULL, NULL, 0, NULL, 5976600);
INSERT INTO `tb_po_detail` (`IDDetail`, `NoPO`, `NoUrut`, `IDBarang`, `NamaBarang`, `Qty`, `Satuan`, `Harga`, `Diskon`, `DiskonPersen`, `DiskonValue`, `DiskonType`, `HargaDiskon`, `SubTotal`) VALUES
(113, 'PO/SPN/2024/01/002', 15, 52, 'ARISTON - KAIROS THERMO DR-2 100 - 1 N TR', 2, 'UNIT', 14562695, NULL, NULL, NULL, 0, NULL, 29125390),
(114, 'PO/SPN/2024/01/002', 8, 53, 'ARISTON - KAIROS THERMO DR-2 150 - 1 N TR', 4, 'UNIT', 17128309, NULL, NULL, NULL, 0, NULL, 68513236),
(97, 'PO/SPN/P/2024/01/001', 0, 92, 'ARISTON - AURES TOP', 11, 'UNIT', 2692162, NULL, NULL, NULL, 0, NULL, 29613782),
(222, 'PO/SPN/P/2024/01/002', 0, 33, 'ARISTON - ARI 200 VERT 530 THER', 2, 'UNIT', 7650000, NULL, NULL, NULL, 0, NULL, 15300000),
(116, 'PO/SPN/2024/01/002', 9, 57, 'ARISTON - KAIROS THERMO CF-2 300 - 2 - N TR', 1, 'UNIT', 26641514, NULL, NULL, NULL, 0, NULL, 26641514),
(115, 'PO/SPN/2024/01/002', 16, 54, 'ARISTON - KAIROS THERMO DR-2 200 - 1 N TR', 1, 'UNIT', 19067277, NULL, NULL, NULL, 0, NULL, 19067277),
(112, 'PO/SPN/2024/01/002', 13, 49, 'ARISTON - HPSF AR - 12SM', 3, 'UNIT', 33745615, NULL, NULL, NULL, 0, NULL, 101236845),
(109, 'PO/SPN/2024/01/002', 17, 37, 'ARISTON - LYDOS HYBRID WIFI - 100 L', 2, 'UNIT', 8519956, NULL, NULL, NULL, 0, NULL, 17039912),
(110, 'PO/SPN/2024/01/002', 19, 38, 'ARISTON - NUOS PRIMO HC - 200 L', 2, 'UNIT', 19713600, NULL, NULL, NULL, 0, NULL, 39427200),
(111, 'PO/SPN/2024/01/002', 5, 48, 'ARISTON - HPSF AR - 6SM', 2, 'UNIT', 17945673, NULL, NULL, NULL, 0, NULL, 35891346),
(108, 'PO/SPN/2024/01/002', 18, 36, 'ARISTON - LYDOS HYBRID WIFI - 80 L', 2, 'UNIT', 6908236, NULL, NULL, NULL, 0, NULL, 13816472),
(103, 'PO/SPN/2024/01/002', 4, 21, 'ARISTON - DOVE PLUS 80 L', 8, 'UNIT', 2672464, NULL, NULL, NULL, 0, NULL, 21379712),
(104, 'PO/SPN/2024/01/002', 3, 22, 'ARISTON - DOVE PLUS 100 L', 9, 'UNIT', 2939710, NULL, NULL, NULL, 0, NULL, 26457390),
(105, 'PO/SPN/2024/01/002', 12, 24, 'ARISTON - PRO R 80 L', 6, 'UNIT', 2998019, NULL, NULL, NULL, 0, NULL, 17988114),
(107, 'PO/SPN/2024/01/002', 10, 27, 'ARISTON - PRO 1 ECO V - 80 L', 5, 'UNIT', 3833770, NULL, NULL, NULL, 0, NULL, 19168850),
(106, 'PO/SPN/2024/01/002', 11, 25, 'ARISTON - PRO R 100 L', 8, 'UNIT', 3289560, NULL, NULL, NULL, 0, NULL, 26316480),
(100, 'PO/SPN/2024/01/002', 1, 5, 'ARISTON - ANDRIS 2 B 15 L', 3, 'UNIT', 1633541, NULL, NULL, NULL, 0, NULL, 4900623),
(101, 'PO/SPN/2024/01/002', 6, 6, 'ARISTON - ANDRIS 2 B 30 L', 3, 'UNIT', 2106630, NULL, NULL, NULL, 0, NULL, 6319890),
(102, 'PO/SPN/2024/01/002', 7, 20, 'ARISTON - DOVE PLUS 50 L', 1, 'UNIT', 2303178, NULL, NULL, NULL, 0, NULL, 2303178),
(99, 'PO/SPN/2024/01/002', 0, 4, 'ARISTON - ANDRIS 2 B 10 L', 3, 'UNIT', 1362957, NULL, NULL, NULL, 0, NULL, 4088871),
(123, 'PO/SPN/2024/01/003', 3, 54, 'ARISTON - KAIROS THERMO DR-2 200 - 1 N TR', 1, 'UNIT', 17796124, NULL, NULL, NULL, 0, NULL, 17796124),
(122, 'PO/SPN/2024/01/003', 2, 52, 'ARISTON - KAIROS THERMO DR-2 100 - 1 N TR', 3, 'UNIT', 13362695, NULL, NULL, NULL, 0, NULL, 40088085),
(121, 'PO/SPN/2024/01/003', 0, 49, 'ARISTON - HPSF AR - 12SM', 1, 'UNIT', 30933480, NULL, NULL, NULL, 0, NULL, 30933480),
(120, 'PO/SPN/2024/01/003', 5, 38, 'ARISTON - NUOS PRIMO HC - 200 L', 1, 'UNIT', 17249400, NULL, NULL, NULL, 0, NULL, 17249400),
(119, 'PO/SPN/2024/01/003', 4, 37, 'ARISTON - LYDOS HYBRID WIFI - 100 L', 2, 'UNIT', 7454961, NULL, NULL, NULL, 0, NULL, 14909922),
(96, 'PO/SPN/P/2024/01/003', 1, 35, 'ARISTON - ARI 300 STAB 570 THER', 10, 'UNIT', 15937500, NULL, NULL, NULL, 0, NULL, 159375000),
(98, 'PO/SPN/P/2024/01/004', 1, 13, 'ARISTON - ANDRIS 2 LUX 30 L', 1, 'UNIT', 3117500, NULL, NULL, NULL, 0, NULL, 3117500),
(124, 'PO/SPN/2024/01/003', 1, 91, 'ARISTON - HPSF AR - 8SM', 2, 'UNIT', 21653880, NULL, NULL, NULL, 0, NULL, 43307760),
(125, 'PO/SPN/2024/01/004', 1, 95, 'ELCB 220V 10A 30MA', 2, 'UNIT', 250000, NULL, NULL, NULL, 0, NULL, 500000),
(126, 'PO/SPN/2024/01/005', 1, 95, 'ELCB 220V 10A 30MA', 2, 'UNIT', 250000, NULL, NULL, NULL, 0, NULL, 500000),
(127, 'PO/SPN/P/2024/01/005', 2, 23, 'ARISTON - PRO R 50 L', 2, 'UNIT', 2320075, NULL, NULL, NULL, 0, NULL, 4640150),
(128, 'PO/SPN/P/2024/01/005', 1, 25, 'ARISTON - PRO R 100 L', 13, 'UNIT', 2963567, NULL, NULL, NULL, 0, NULL, 38526371),
(129, 'PO/SPN/P/2024/01/006', 2, 23, 'ARISTON - PRO R 50 L', 8, 'UNIT', 2320075, NULL, NULL, NULL, 0, NULL, 18560600),
(130, 'PO/SPN/P/2024/01/006', 1, 25, 'ARISTON - PRO R 100 L', 7, 'UNIT', 2963567, NULL, NULL, NULL, 0, NULL, 20744969),
(211, 'PO/SPN/P/2024/01/007', 1, 22, 'ARISTON - DOVE PLUS 100 L', 7, 'UNIT', 2648387, NULL, NULL, NULL, 0, NULL, 18538709),
(209, 'PO/SPN/2024/01/008', 1, 1, 'JASA TENAGA ANGKAT BARANG DARI ARISTON', 2, 'LOT', 150000, NULL, NULL, NULL, 0, NULL, 300000),
(210, 'PO/SPN/2024/01/009', 1, 1, 'JASA TENAGA ANGKAT NAIK TURUN BARANG', 2, 'LOT', 150000, NULL, NULL, NULL, 0, NULL, 300000),
(208, 'PO/SPN/2024/01/007', 2, 2, 'TENAGA BANTU ANGKAT', 1, 'LOT', 50000, NULL, NULL, NULL, 0, NULL, 50000),
(206, 'PO/SPN/2024/01/006', 17, 119, 'ARISTON - 993014-VN ANODE D:21.3 L:185 M5', 2, 'PCS', 96978, NULL, NULL, NULL, 0, NULL, 193956),
(207, 'PO/SPN/2024/01/006', 18, 120, 'ARISTON - 65108564 ELECTRONIC THERMOSTAT', 2, 'PCS', 479520, NULL, NULL, NULL, 0, NULL, 959040),
(205, 'PO/SPN/2024/01/006', 16, 118, 'ARISTON - 65103768-VN ANODE D:21,3 L:110 M5', 2, 'PCS', 98765, NULL, NULL, NULL, 0, NULL, 197530),
(203, 'PO/SPN/2024/01/006', 13, 116, 'ARISTON - 65115849 HEATING ELEMENT 350W 220-240V', 2, 'PCS', 469025, NULL, NULL, NULL, 0, NULL, 938050),
(204, 'PO/SPN/2024/01/006', 15, 117, 'ARISTON - 65190898 THERMOSTAT', 2, 'PCS', 168462, NULL, NULL, NULL, 0, NULL, 336924),
(202, 'PO/SPN/2024/01/006', 14, 115, 'ARISTON - 65191020 HEATING ELEMENT 350W 230V', 2, 'PCS', 232270, NULL, NULL, NULL, 0, NULL, 464540),
(201, 'PO/SPN/2024/01/006', 12, 114, 'ARISTON - 65190494 HEATING ELEMENT 350W 230V', 2, 'PCS', 293847, NULL, NULL, NULL, 0, NULL, 587694),
(200, 'PO/SPN/2024/01/006', 11, 113, 'ARISTON - 571730 SAFETY VALVE WITH LEVER (1/2 8,5 BAR)', 1, 'PCS', 233302, NULL, NULL, NULL, 0, NULL, 233302),
(197, 'PO/SPN/2024/01/006', 5, 107, 'ARISTON - 65190902 ELECTRONIC THERMOSTAT', 2, 'PCS', 290231, NULL, NULL, NULL, 0, NULL, 580462),
(199, 'PO/SPN/2024/01/006', 10, 112, 'ARISTON - 65115827 ELECTRONIC THERMOSTAT', 1, 'PCS', 264799, NULL, NULL, NULL, 0, NULL, 264799),
(198, 'PO/SPN/2024/01/006', 9, 111, 'ARISTON - 65190737 THERMOSTAT', 2, 'PCS', 113163, NULL, NULL, NULL, 0, NULL, 226326),
(196, 'PO/SPN/2024/01/006', 4, 106, 'ARISTON - 504342-CN SAFETY VALVE WITH LEVER', 2, 'PCS', 121428, NULL, NULL, NULL, 0, NULL, 242856),
(194, 'PO/SPN/2024/01/006', 2, 104, 'ARISTON - 65103691 FLANGE WITH GASKET ARISTON', 4, 'PCS', 71040, NULL, NULL, NULL, 0, NULL, 284160),
(195, 'PO/SPN/2024/01/006', 3, 105, 'ARISTON - 65190474 THERMOSTAT', 1, 'PCS', 173475, NULL, NULL, NULL, 0, NULL, 173475),
(193, 'PO/SPN/2024/01/006', 1, 103, 'ARISTON - 816616 HEATING ELEMENT 1500W 230V', 2, 'PCS', 308126, NULL, NULL, NULL, 0, NULL, 616252),
(192, 'PO/SPN/2024/01/006', 0, 102, 'ARISTON - 977127-01 ANODE D:25,5 L:180 M5-M8', 3, 'PCS', 167913, NULL, NULL, NULL, 0, NULL, 503739),
(191, 'PO/SPN/2024/01/006', 19, 67, 'ARISTON - 3623356 ELCB-16-I', 4, 'PCS', 442000, NULL, NULL, NULL, 0, NULL, 1768000),
(212, 'PO/SPN/P/2024/01/007', 2, 33, 'ARISTON - ARI 200 VERT 530 THER', 7, 'UNIT', 7650000, NULL, NULL, NULL, 0, NULL, 53550000),
(213, 'PO/SPN/P/2024/01/008', 6, 20, 'ARISTON - DOVE PLUS 50 L', 7, 'UNIT', 2074935, NULL, NULL, NULL, 0, NULL, 14524545),
(214, 'PO/SPN/P/2024/01/008', 1, 22, 'ARISTON - DOVE PLUS 100 L', 20, 'UNIT', 2648387, NULL, NULL, NULL, 0, NULL, 52967740),
(215, 'PO/SPN/P/2024/01/008', 3, 24, 'ARISTON - PRO R 80 L', 20, 'UNIT', 2700918, NULL, NULL, NULL, 0, NULL, 54018360),
(216, 'PO/SPN/P/2024/01/008', 2, 25, 'ARISTON - PRO R 100 L', 20, 'UNIT', 2963568, NULL, NULL, NULL, 0, NULL, 59271360),
(217, 'PO/SPN/P/2024/01/008', 5, 28, 'ARISTON - PRO 1 ECO V - 100 L', 5, 'UNIT', 3677100, NULL, NULL, NULL, 0, NULL, 18385500),
(218, 'PO/SPN/P/2024/01/008', 4, 33, 'ARISTON - ARI 200 VERT 530 THER', 4, 'UNIT', 7650000, NULL, NULL, NULL, 0, NULL, 30600000),
(219, 'PO/SPN/P/2024/01/009', 1, 33, 'ARISTON - ARI 200 VERT 530 THER', 3, 'UNIT', 7650000, NULL, NULL, NULL, 0, NULL, 22950000),
(220, 'PO/SPN/P/2024/01/010', 1, 1, 'ARISTON - GAS FAST R 5 L', 1, 'UNIT', 1098555, NULL, NULL, NULL, 0, NULL, 1098555),
(221, 'PO/SPN/P/2024/01/011', 1, 35, 'ARISTON - ARI 300 STAB 570 THER', 1, 'UNIT', 17690625, NULL, NULL, NULL, 0, NULL, 17690625),
(223, 'PO/SPN/2024/01/010', 4, 4, 'ARISTON - ANDRIS 2 B 10 L', 2, 'UNIT', 1362957, NULL, NULL, NULL, 0, NULL, 2725914),
(224, 'PO/SPN/2024/01/010', 3, 5, 'ARISTON - ANDRIS 2 B 15 L', 7, 'UNIT', 1633541, NULL, NULL, NULL, 0, NULL, 11434787),
(225, 'PO/SPN/2024/01/010', 2, 6, 'ARISTON - ANDRIS 2 B 30 L', 4, 'UNIT', 2106630, NULL, NULL, NULL, 0, NULL, 8426520),
(226, 'PO/SPN/2024/01/010', 6, 16, 'ARISTON - SLIM 2 RS 20 L', 1, 'UNIT', 2619014, NULL, NULL, NULL, 0, NULL, 2619014),
(227, 'PO/SPN/2024/01/010', 7, 24, 'ARISTON - PRO R 80 L', 1, 'UNIT', 2998019, NULL, NULL, NULL, 0, NULL, 2998019),
(228, 'PO/SPN/2024/01/010', 8, 33, 'ARISTON - ARI 200 VERT 530 THER', 2, 'UNIT', 8491500, NULL, NULL, NULL, 0, NULL, 16983000),
(229, 'PO/SPN/2024/01/010', 1, 38, 'ARISTON - NUOS PRIMO HC - 200 L', 1, 'UNIT', 17249400, NULL, NULL, NULL, 0, NULL, 17249400),
(230, 'PO/SPN/2024/01/011', 1, 1, 'SEWA BOOTH PAMERAN', 1, 'KOTAK', 10000000, NULL, NULL, NULL, 0, NULL, 10000000),
(232, 'PO/SPN/2024/01/012', 0, 95, 'ELCB 220V 10A 30MA', 5, 'UNIT', 250000, NULL, NULL, NULL, 0, NULL, 1250000),
(233, 'PO/SPN/2024/01/013', 1, 67, 'ARISTON - 3623356 ELCB-16-I', 1, 'PCS', 400000, 76000, 20, '10%+10%', 1, 324000, 324000),
(234, 'PO/SPN/2024/01/014', 1, 67, 'ARISTON - 3623356 ELCB-16-I', 3, 'PCS', 500000, 140000, 30, '10%+20%', 1, 360000, 1080000),
(235, 'PO/SPN/2024/01/015', 1, 67, 'ARISTON - 3623356 ELCB-16-I', 1, 'PCS', 400000, 76000, 20, '10%+10%', 1, 324000, 324000),
(236, 'PO/SPN/2024/01/016', 1, 67, 'ARISTON - 3623356 ELCB-16-I', 1, 'PCS', 400000, 76000, 20, '10%+10%', 1, 324000, 324000),
(242, 'PO/SPN/2024/01/017', 1, 106, 'ARISTON - 504342-CN SAFETY VALVE WITH LEVER', 1, 'PCS', 200000, 100000, 50, '50%', 1, 100000, 100000),
(241, 'PO/SPN/2024/01/017', 0, 67, 'ARISTON - 3623356 ELCB-16-I', 1, 'PCS', 400000, 76000, 20, '10%+10%', 1, 324000, 324000);













INSERT INTO `tb_satuan` (`IDSatuan`, `Nama`) VALUES
(1, 'UNIT');
INSERT INTO `tb_satuan` (`IDSatuan`, `Nama`) VALUES
(2, 'PCS');
INSERT INTO `tb_satuan` (`IDSatuan`, `Nama`) VALUES
(3, 'METER');
INSERT INTO `tb_satuan` (`IDSatuan`, `Nama`) VALUES
(4, 'LOT'),
(5, 'KOTAK');





INSERT INTO `tb_sph` (`IDSPH`, `NoSPH`, `IDSales`, `IDPelanggan`, `Tanggal`, `TotalItem`, `Total`, `Diskon`, `DiskonPersen`, `Total2`, `PPN`, `PPNPersen`, `GrandTotal`, `TotalPembayaran`, `TotalHPP`, `TotalHPPReal`, `TotalMargin`, `Kembali`, `Sisa`, `Keterangan`, `Status`, `DeletedDate`, `DeletedBy`, `DeletedRemark`, `CreatedBy`, `DateCreated`, `ModifiedBy`, `DateModified`) VALUES
(1, 'SPH/ASC/2024/01/0001', 488, 1, '2024-01-03', 1, 185000.00, 0.00, 0, 185000.00, 0.00, 0, 185000.00, 0.00, 0.00, 0, 185000.00, 0.00, 185000.00, NULL, 1, NULL, NULL, NULL, 1, '2024-01-03 10:06:09', NULL, NULL);
INSERT INTO `tb_sph` (`IDSPH`, `NoSPH`, `IDSales`, `IDPelanggan`, `Tanggal`, `TotalItem`, `Total`, `Diskon`, `DiskonPersen`, `Total2`, `PPN`, `PPNPersen`, `GrandTotal`, `TotalPembayaran`, `TotalHPP`, `TotalHPPReal`, `TotalMargin`, `Kembali`, `Sisa`, `Keterangan`, `Status`, `DeletedDate`, `DeletedBy`, `DeletedRemark`, `CreatedBy`, `DateCreated`, `ModifiedBy`, `DateModified`) VALUES
(2, 'SPH/YUDHA/2024/01/0001', 51, 2, '2024-01-03', 1, 3459000.00, 0.00, 0, 3459000.00, 0.00, 0, 3459000.00, 0.00, 2939710.00, 2939710, 519290.00, 0.00, 3459000.00, NULL, 1, NULL, NULL, NULL, 1, '2024-01-03 10:44:56', NULL, NULL);
INSERT INTO `tb_sph` (`IDSPH`, `NoSPH`, `IDSales`, `IDPelanggan`, `Tanggal`, `TotalItem`, `Total`, `Diskon`, `DiskonPersen`, `Total2`, `PPN`, `PPNPersen`, `GrandTotal`, `TotalPembayaran`, `TotalHPP`, `TotalHPPReal`, `TotalMargin`, `Kembali`, `Sisa`, `Keterangan`, `Status`, `DeletedDate`, `DeletedBy`, `DeletedRemark`, `CreatedBy`, `DateCreated`, `ModifiedBy`, `DateModified`) VALUES
(3, 'SPH/YUDHA/2024/01/0002', 51, 3, '2024-01-03', 1, 13836000.00, 0.00, 0, 13836000.00, 0.00, 0, 13836000.00, 0.00, 11758840.00, 11758840, 2077160.00, 0.00, 13836000.00, NULL, 1, NULL, NULL, NULL, 1, '2024-01-03 10:46:37', NULL, NULL);
INSERT INTO `tb_sph` (`IDSPH`, `NoSPH`, `IDSales`, `IDPelanggan`, `Tanggal`, `TotalItem`, `Total`, `Diskon`, `DiskonPersen`, `Total2`, `PPN`, `PPNPersen`, `GrandTotal`, `TotalPembayaran`, `TotalHPP`, `TotalHPPReal`, `TotalMargin`, `Kembali`, `Sisa`, `Keterangan`, `Status`, `DeletedDate`, `DeletedBy`, `DeletedRemark`, `CreatedBy`, `DateCreated`, `ModifiedBy`, `DateModified`) VALUES
(4, 'SPH/YUDHA/2024/01/0003', 51, 4, '2024-01-05', 1, 40226450.00, 0.00, 0, 40226450.00, 0.00, 0, 40226450.00, 0.00, 32871300.00, 32871300, 7355150.00, 0.00, 40226450.00, NULL, 1, NULL, NULL, NULL, 1, '2024-01-05 14:48:42', NULL, NULL),
(5, 'SPH/YUDHA/2024/01/0004', 51, 5, '2024-01-05', 2, 30250000.00, 0.00, 0, 30250000.00, 0.00, 0, 30250000.00, 0.00, 23562120.00, 23562120, 6687880.00, 0.00, 30250000.00, NULL, 1, NULL, NULL, NULL, 1, '2024-01-05 15:17:39', NULL, NULL),
(6, 'SPH/YUDHA/2024/01/0005', 51, 6, '2024-01-05', 4, 124157500.00, 55870875.00, 45, 68286625.00, 0.00, 0, 68286625.00, 0.00, 57198387.00, 57198387, 11088238.00, 0.00, 124157500.00, NULL, 1, NULL, NULL, NULL, 1, '2024-01-05 16:18:54', NULL, NULL),
(7, 'SPH/YUDHA/2024/01/0006', 51, 7, '2024-01-03', 1, 378409990.00, 170284496.00, 45, 208125494.00, 0.00, 0, 208125494.00, 0.00, 176906250.00, 176906250, 31219244.00, 0.00, 208125494.00, NULL, 1, NULL, NULL, NULL, 1, '2024-01-06 13:34:50', NULL, NULL),
(8, 'SPH/YUDHA/2024/01/0007', 51, 8, '2024-01-03', 1, 6132245.00, 2146286.00, 35, 3985959.00, 0.00, 0, 3985959.00, 0.00, 3117500.00, 2866825, 868459.00, 0.00, 6132245.00, NULL, 1, NULL, NULL, NULL, 1, '2024-01-06 13:48:49', NULL, NULL),
(9, 'SPH/ARIS/2024/01/0001', 409, 9, '2024-01-04', 1, 2000000.00, 0.00, 0, 2000000.00, 0.00, 0, 2000000.00, 0.00, 1633541.00, 1633541, 366459.00, 0.00, 2000000.00, NULL, 1, NULL, NULL, NULL, 1, '2024-01-06 13:57:03', NULL, NULL),
(10, 'SPH/YUDHA/2024/01/0008', 51, 11, '2024-01-06', 4, 25821250.00, 0.00, 0, 25821250.00, 0.00, 0, 25821250.00, 0.00, 15685922.00, 17815912, 10135328.00, 0.00, 25821250.00, NULL, 1, NULL, NULL, NULL, 1, '2024-01-08 16:10:48', NULL, NULL),
(11, 'SPH/ASC/2024/01/0002', 488, 10, '2024-01-08', 1, 285000.00, 0.00, 0, 285000.00, 0.00, 0, 285000.00, 0.00, 0.00, 0, 285000.00, 0.00, 285000.00, NULL, 1, NULL, NULL, NULL, 1, '2024-01-08 16:54:21', NULL, NULL),
(12, 'SPH/ASC/2024/01/0003', 488, 12, '2024-01-09', 2, 270000.00, 0.00, 0, 270000.00, 0.00, 0, 270000.00, 0.00, 0.00, 0, 270000.00, 0.00, 270000.00, NULL, 1, NULL, NULL, NULL, 1, '2024-01-09 10:17:35', NULL, NULL),
(13, 'SPH/YUDHA/2024/01/0009', 51, 11, '2024-01-06', 4, 25821250.00, 0.00, 0, 25821250.00, 0.00, 0, 25821250.00, 0.00, 15793922.00, 15793922, 10027328.00, 0.00, 25821250.00, NULL, 1, NULL, NULL, NULL, 1, '2024-01-09 14:24:12', NULL, NULL),
(14, 'SPH/YUDHA/2024/01/0010', 51, 11, '2024-01-09', 2, 21814516.00, 0.00, 0, 21814516.00, 0.00, 0, 21814516.00, 0.00, 14700472.00, 14700472, 7114044.00, 0.00, 21814516.00, NULL, 1, NULL, NULL, NULL, 1, '2024-01-09 14:33:58', NULL, NULL),
(15, 'SPH/YUDHA/2024/01/0011', 51, 11, '2024-01-06', 4, 25821250.00, 0.00, 0, 25821250.00, 0.00, 0, 25821250.00, 0.00, 15685922.00, 15685922, 10135328.00, 0.00, 25821250.00, NULL, 1, NULL, NULL, NULL, 1, '2024-01-09 15:02:27', NULL, NULL),
(16, 'SPH/YUDHA/2024/01/0012', 51, 11, '2024-01-09', 2, 21814516.00, 0.00, 0, 21814516.00, 0.00, 0, 21814516.00, 0.00, 14592472.00, 14592472, 7222044.00, 0.00, 21814516.00, NULL, 1, NULL, NULL, NULL, 1, '2024-01-09 15:03:32', NULL, NULL),
(17, 'SPH/ASC/2024/01/0004', 488, 13, '2024-01-09', 1, 185000.00, 0.00, 0, 185000.00, 0.00, 0, 185000.00, 0.00, 0.00, 0, 185000.00, 0.00, 185000.00, NULL, 1, NULL, NULL, NULL, 1, '2024-01-09 17:00:35', NULL, NULL),
(18, 'SPH/YUDHA/2024/01/0013', 51, 14, '2024-01-10', 1, 7036492.00, 3025692.00, 43, 4010800.00, 0.00, 0, 4010800.00, 0.00, 3289560.00, 0, 721240.00, 0.00, 7036492.00, NULL, 1, NULL, NULL, NULL, 1, '2024-01-10 14:17:52', NULL, NULL),
(19, 'SPH/ASC/2024/01/0005', 488, 15, '2024-01-04', 1, 185000.00, 0.00, 0, 185000.00, 0.00, 0, 185000.00, 0.00, 0.00, 0, 185000.00, 0.00, 185000.00, NULL, 1, NULL, NULL, NULL, 1, '2024-01-10 17:09:02', NULL, NULL),
(20, 'SPH/ASC/2024/01/0006', 488, 16, '2024-01-05', 3, 437000.00, 0.00, 0, 437000.00, 0.00, 0, 437000.00, 0.00, 96978.00, 96978, 340022.00, 0.00, 437000.00, NULL, 1, NULL, NULL, NULL, 1, '2024-01-10 17:15:24', NULL, NULL),
(21, 'SPH/ASC/2024/01/0007', 488, 17, '2024-01-04', 1, 300000.00, 0.00, 0, 300000.00, 0.00, 0, 300000.00, 0.00, 0.00, 0, 300000.00, 0.00, 300000.00, NULL, 1, NULL, NULL, NULL, 1, '2024-01-10 17:19:41', NULL, NULL),
(22, 'SPH/YUDHA/2024/01/0014', 51, 14, '2024-01-10', 1, 3655338.00, 0.00, 0, 3655338.00, 0.00, 0, 3655338.00, 0.00, 2998019.00, 0, 657319.00, 0.00, 3655338.00, NULL, 1, NULL, NULL, NULL, 1, '2024-01-11 09:04:12', NULL, NULL),
(23, 'SPH/ARIS/2024/01/0002', 409, 18, '2024-01-11', 2, 29645000.00, 0.00, 0, 29645000.00, 0.00, 0, 29645000.00, 0.00, 17249400.00, 0, 12395600.00, 0.00, 29645000.00, NULL, 1, NULL, NULL, NULL, 409, '2024-01-11 11:06:41', NULL, NULL),
(24, 'SPH/ASC/2024/01/0008', 488, 19, '2024-01-11', 1, 350000.00, 0.00, 0, 350000.00, 0.00, 0, 350000.00, 0.00, 0.00, 0, 350000.00, 0.00, 350000.00, NULL, 1, NULL, NULL, NULL, 1, '2024-01-11 11:55:19', NULL, NULL),
(25, 'SPH/YUDHA/2024/01/0015', 51, 14, '2024-01-11', 2, 2150000.00, 0.00, 0, 2150000.00, 0.00, 0, 2150000.00, 0.00, 1362957.00, 0, 787043.00, 0.00, 2150000.00, NULL, 1, NULL, NULL, NULL, 1, '2024-01-11 12:06:38', NULL, NULL),
(26, 'SPH/ASC/2024/01/0009', 488, 21, '2024-01-11', 2, 272000.00, 0.00, 0, 272000.00, 0.00, 0, 272000.00, 0.00, 121428.00, 121428, 150572.00, 0.00, 272000.00, NULL, 1, NULL, NULL, NULL, 1, '2024-01-11 15:52:24', NULL, NULL),
(27, 'SPH/YUDHA/2024/01/0016', 51, 22, '2024-01-11', 1, 4011000.00, 0.00, 0, 4011000.00, 0.00, 0, 4011000.00, 0.00, 3289560.00, 0, 721440.00, 0.00, 4011000.00, NULL, 1, NULL, NULL, NULL, 1, '2024-01-11 16:38:09', NULL, NULL),
(28, 'SPH/ASC/2024/01/0010', 488, 23, '2024-01-12', 4, 562000.00, 0.00, 0, 562000.00, 0.00, 0, 562000.00, 0.00, 224000.00, 212000, 338000.00, 0.00, 562000.00, NULL, 1, NULL, NULL, NULL, 1, '2024-01-12 11:08:42', NULL, NULL),
(29, 'SPH/ASC/2024/01/0011', 488, 20, '2024-01-02', 2, 490000.00, 0.00, 0, 490000.00, 0.00, 0, 490000.00, 0.00, 289890.00, 0, 200110.00, 0.00, 490000.00, NULL, 1, NULL, NULL, NULL, 1, '2024-01-12 11:52:54', NULL, NULL),
(30, 'SPH/ASC/2024/01/0012', 488, 24, '2024-01-12', 1, 75000.00, 0.00, 0, 75000.00, 0.00, 0, 75000.00, 0.00, 0.00, 0, 75000.00, 0.00, 75000.00, NULL, 1, NULL, NULL, NULL, 1, '2024-01-12 17:25:12', NULL, NULL),
(31, 'SPH/YUDHA/2024/01/0017', 51, 25, '2024-01-13', 2, 26860725.00, 0.00, 0, 26860725.00, 0.00, 0, 26860725.00, 0.00, 19713600.00, 0, 7147125.00, 0.00, 26860725.00, NULL, 1, NULL, NULL, NULL, 1, '2024-01-13 13:52:12', NULL, NULL),
(32, 'SPH/ASC/2024/01/0013', 488, 26, '2024-01-15', 2, 1445000.00, 0.00, 0, 1445000.00, 0.00, 0, 1445000.00, 0.00, 0.00, 0, 1445000.00, 0.00, 1445000.00, NULL, 1, NULL, NULL, NULL, 1, '2024-01-15 10:21:08', NULL, NULL),
(33, 'SPH/ARIS/2024/01/0003', 409, 27, '2024-01-15', 1, 32086403.52, 0.00, 0, 32086403.52, 0.00, 0, 32086403.52, 0.00, 56291936.00, 0, -24205532.48, 0.00, 32086403.52, NULL, 1, NULL, NULL, NULL, 409, '2024-01-15 13:19:23', NULL, NULL),
(34, 'SPH/YUDHA/2024/01/0018', 51, 28, '2024-01-15', 2, 4900000.00, 0.00, 0, 4900000.00, 0.00, 0, 4900000.00, 0.00, 3833770.00, 0, 1066230.00, 0.00, 4900000.00, NULL, 1, NULL, NULL, NULL, 1, '2024-01-15 15:13:32', NULL, NULL),
(35, 'SPH/ASC/2024/01/0014', 488, 29, '2024-01-16', 1, 200000.00, 0.00, 0, 200000.00, 0.00, 0, 200000.00, 0.00, 0.00, 0, 200000.00, 0.00, 200000.00, NULL, 1, NULL, NULL, NULL, 1, '2024-01-16 10:48:17', NULL, NULL),
(36, 'SPH/ASC/2024/01/0015', 488, 30, '2024-01-16', 1, 200000.00, 0.00, 0, 200000.00, 0.00, 0, 200000.00, 0.00, 0.00, 0, 200000.00, 0.00, 200000.00, NULL, 1, NULL, NULL, NULL, 1, '2024-01-16 10:57:46', NULL, NULL),
(37, 'SPH/ASC/2024/01/0016', 488, 31, '2024-01-16', 1, 162000.00, 0.00, 0, 162000.00, 0.00, 0, 162000.00, 0.00, 96978.00, 0, 65022.00, 0.00, 162000.00, NULL, 1, NULL, NULL, NULL, NULL, '2024-01-16 14:41:42', NULL, NULL),
(38, 'SPH/YUDHA/2024/01/0019', 51, 32, '2024-01-16', 3, 161411500.00, 0.00, 0, 161411500.00, 0.00, 0, 161411500.00, 0.00, 144410270.00, 127145452, 17001230.00, 0.00, 161411500.00, NULL, 1, NULL, NULL, NULL, 1, '2024-01-16 16:04:54', NULL, NULL),
(39, 'SPH/ASC/2024/01/0017', 488, 33, '2024-01-16', 1, 192000.00, 0.00, 0, 192000.00, 0.00, 0, 192000.00, 0.00, 0.00, 0, 192000.00, 0.00, 192000.00, NULL, 1, NULL, NULL, NULL, 1, '2024-01-16 16:48:26', NULL, NULL),
(40, 'SPH/ARIS/2024/01/0004', 409, 27, '2024-01-15', 1, 32088000.00, 0.00, 0, 32088000.00, 0.00, 0, 32088000.00, 0.00, 26316480.00, 0, 5771520.00, 0.00, 32088000.00, NULL, 1, NULL, NULL, NULL, 1, '2024-01-17 08:51:57', NULL, NULL),
(41, 'SPH/YUDHA/2024/01/0020', 51, 34, '2024-01-17', 1, 4225000.00, 0.00, 0, 4225000.00, 0.00, 0, 4225000.00, 0.00, 3289560.00, 0, 935440.00, 0.00, 4225000.00, NULL, 1, NULL, NULL, NULL, 1, '2024-01-17 09:17:37', NULL, NULL),
(42, 'SPH/ARIS/2024/01/0005', 409, 35, '2024-01-17', 1, 11536000.00, 0.00, 0, 11536000.00, 0.00, 0, 11536000.00, 0.00, 8519956.00, 0, 3016044.00, 0.00, 11536000.00, NULL, 1, NULL, NULL, NULL, 1, '2024-01-17 13:44:51', NULL, NULL),
(43, 'SPH/YUDHA/2024/01/0021', 51, 36, '2024-01-17', 1, 2500000.00, 0.00, 0, 2500000.00, 0.00, 0, 2500000.00, 0.00, 2106630.00, 0, 393370.00, 0.00, 2500000.00, NULL, 1, NULL, NULL, NULL, 1, '2024-01-17 14:03:18', NULL, NULL),
(44, 'SPH/ARIS/2024/01/0006', 409, 38, '2024-01-17', 1, 27600000.00, 0.00, 0, 27600000.00, 0.00, 0, 27600000.00, 0.00, 22080000.00, 46000000, 5520000.00, 0.00, 27600000.00, NULL, 1, NULL, NULL, NULL, 1, '2024-01-17 15:35:27', NULL, NULL),
(45, 'SPH/ASC/2024/01/0018', 488, 24, '2024-01-18', 1, 75000.00, 0.00, 0, 75000.00, 0.00, 0, 75000.00, 0.00, 0.00, 0, 75000.00, 0.00, 75000.00, NULL, 1, NULL, NULL, NULL, 1, '2024-01-18 14:05:56', NULL, NULL),
(46, 'SPH/YUDHA/2024/01/0022', 51, 39, '2024-01-18', 2, 27599264.00, 0.00, 0, 27599264.00, 0.00, 0, 27599264.00, 0.00, 23459372.00, 13158240, 4139892.00, 0.00, 27599264.00, NULL, 1, NULL, NULL, NULL, 1, '2024-01-18 15:15:24', NULL, NULL),
(47, 'SPH/ASC/2024/01/0019', 488, 40, '2024-01-18', 1, 250000.00, 0.00, 0, 250000.00, 0.00, 0, 250000.00, 0.00, 0.00, 0, 250000.00, 0.00, 250000.00, NULL, 1, NULL, NULL, NULL, 1, '2024-01-18 17:47:43', NULL, NULL),
(48, 'SPH/ASC/2024/01/0020', 488, 41, '2024-01-18', 1, 192000.00, 0.00, 0, 192000.00, 0.00, 0, 192000.00, 0.00, 0.00, 0, 192000.00, 0.00, 192000.00, NULL, 1, NULL, NULL, NULL, 1, '2024-01-18 17:55:29', NULL, NULL),
(49, 'SPH/ASC/2024/01/0021', 488, 42, '2024-01-18', 1, 75000.00, 0.00, 0, 75000.00, 0.00, 0, 75000.00, 0.00, 0.00, 0, 75000.00, 0.00, 75000.00, NULL, 1, NULL, NULL, NULL, 1, '2024-01-18 18:08:22', NULL, NULL),
(50, 'SPH/ASC/2024/01/0022', 488, 43, '2024-01-19', 1, 192000.00, 0.00, 0, 192000.00, 0.00, 0, 192000.00, 0.00, 0.00, 0, 192000.00, 0.00, 192000.00, NULL, 1, NULL, NULL, NULL, 1, '2024-01-19 11:09:38', NULL, NULL),
(51, 'SPH/ASC/2024/01/0023', 488, 44, '2024-01-19', 1, 100000.00, 0.00, 0, 100000.00, 0.00, 0, 100000.00, 0.00, 0.00, 0, 100000.00, 0.00, 100000.00, NULL, 1, NULL, NULL, NULL, 1, '2024-01-19 11:15:24', NULL, NULL),
(52, 'SPH/ASC/2024/01/0024', 488, 45, '2024-01-19', 1, 260000.00, 0.00, 0, 260000.00, 0.00, 0, 260000.00, 0.00, 0.00, 0, 260000.00, 0.00, 260000.00, NULL, 1, NULL, NULL, NULL, NULL, '2024-01-19 16:43:54', NULL, NULL),
(53, 'SPH/ARIS/2024/01/0007', 409, 42, '2024-01-21', 3, 1272800.00, 0.00, 0, 1272800.00, 0.00, 0, 1272800.00, 0.00, 915447.00, 0, 357353.00, 0.00, 1272800.00, NULL, 1, NULL, NULL, NULL, 1, '2024-01-21 13:42:20', NULL, NULL);

INSERT INTO `tb_sph_detail` (`IDDetail`, `NoSPH`, `NoUrut`, `IDBarang`, `NamaBarang`, `Qty`, `SN`, `HargaBeli`, `HargaBeliReal`, `Harga`, `Diskon`, `DiskonPersen`, `DiskonValue`, `DiskonType`, `Total2`, `SubTotal`, `Margin`, `Garansi`) VALUES
(1, 'SPH/ASC/2024/01/0001', 1, 90, 'JASA PEMASANGAN GAS WATERHEATER', 1, NULL, 0, 0, 185000, 0.00, 0.00, '0', 0, 0, 185000, 185000, NULL);
INSERT INTO `tb_sph_detail` (`IDDetail`, `NoSPH`, `NoUrut`, `IDBarang`, `NamaBarang`, `Qty`, `SN`, `HargaBeli`, `HargaBeliReal`, `Harga`, `Diskon`, `DiskonPersen`, `DiskonValue`, `DiskonType`, `Total2`, `SubTotal`, `Margin`, `Garansi`) VALUES
(2, 'SPH/YUDHA/2024/01/0001', 1, 22, 'ARISTON - DOVE PLUS 100 L', 1, NULL, 2939710, 2939710, 3459000, 0.00, 0.00, '0', 0, 0, 3459000, 519290, NULL);
INSERT INTO `tb_sph_detail` (`IDDetail`, `NoSPH`, `NoUrut`, `IDBarang`, `NamaBarang`, `Qty`, `SN`, `HargaBeli`, `HargaBeliReal`, `Harga`, `Diskon`, `DiskonPersen`, `DiskonValue`, `DiskonType`, `Total2`, `SubTotal`, `Margin`, `Garansi`) VALUES
(3, 'SPH/YUDHA/2024/01/0002', 1, 22, 'ARISTON - DOVE PLUS 100 L', 4, NULL, 2939710, 2939710, 3459000, 0.00, 0.00, '0', 0, 0, 13836000, 2077160, NULL);
INSERT INTO `tb_sph_detail` (`IDDetail`, `NoSPH`, `NoUrut`, `IDBarang`, `NamaBarang`, `Qty`, `SN`, `HargaBeli`, `HargaBeliReal`, `Harga`, `Diskon`, `DiskonPersen`, `DiskonValue`, `DiskonType`, `Total2`, `SubTotal`, `Margin`, `Garansi`) VALUES
(4, 'SPH/YUDHA/2024/01/0003', 1, 89, 'ARISTON - AURES LUXURY', 11, NULL, 2988300, 2988300, 3656950, 0.00, 0.00, '0', 0, 0, 40226450, 7355150, NULL),
(5, 'SPH/YUDHA/2024/01/0004', 1, 25, 'ARISTON - PRO R 100 L', 2, NULL, 3289560, 3289560, 4225000, 0.00, 0.00, '0', 0, 0, 8450000, 1870880, NULL),
(6, 'SPH/YUDHA/2024/01/0004', 2, 33, 'ARISTON - ARI 200 VERT 530 THER', 2, NULL, 8491500, 8491500, 10900000, 0.00, 0.00, '0', 0, 0, 21800000, 4817000, NULL),
(7, 'SPH/YUDHA/2024/01/0005', 1, 25, 'ARISTON - PRO R 100 L', 13, NULL, 3289560, 3289560, 7037000, 0.00, 0.00, '0', 0, 0, 91481000, 48716720, NULL),
(8, 'SPH/YUDHA/2024/01/0005', 2, 23, 'ARISTON - PRO R 50 L', 2, NULL, 2575283, 2575283, 5509000, 0.00, 0.00, '0', 0, 0, 11018000, 5867434, NULL),
(9, 'SPH/YUDHA/2024/01/0005', 3, 5, 'ARISTON - ANDRIS 2 B 15 L', 1, NULL, 1633541, 1633541, 3494500, 0.00, 0.00, '0', 0, 0, 3494500, 1860959, NULL),
(10, 'SPH/YUDHA/2024/01/0005', 4, 33, 'ARISTON - ARI 200 VERT 530 THER', 1, NULL, 7650000, 7650000, 18164000, 0.00, 0.00, '0', 0, 0, 18164000, 10514000, NULL),
(12, 'SPH/YUDHA/2024/01/0006', 0, 35, 'ARISTON - ARI 300 STAB 570 THER', 10, NULL, 17690625, 17690625, 37840999, 0.00, 0.00, '0', 0, 0, 378409990, 201503740, NULL),
(13, 'SPH/YUDHA/2024/01/0007', 1, 13, 'ARISTON - ANDRIS 2 LUX 30 L', 1, NULL, 3117500, 2866825, 6132245, 0.00, 0.00, '0', 0, 0, 6132245, 3014745, NULL),
(14, 'SPH/ARIS/2024/01/0001', 1, 5, 'ARISTON - ANDRIS 2 B 15 L', 1, NULL, 1633541, 1633541, 2000000, 0.00, 0.00, '0', 0, 0, 2000000, 366459, NULL),
(30, 'SPH/YUDHA/2024/01/0008', 4, 95, 'ELCB 220V 10A 30MA', 2, NULL, 388000, 388000, 750000, 0.00, 0.00, '0', 0, 0, 1500000, 724000, NULL),
(28, 'SPH/YUDHA/2024/01/0008', 1, 93, 'JASA BONGKAR PASANG UNIT WATER HEATER', 2, NULL, 0, 0, 450000, 0.00, 0.00, '0', 0, 0, 900000, 900000, NULL),
(29, 'SPH/YUDHA/2024/01/0008', 2, 94, 'JASA INSTALASI PIPA', 1, NULL, 0, 0, 1500000, 0.00, 0.00, '0', 0, 0, 1500000, 1500000, NULL),
(20, 'SPH/ASC/2024/01/0002', 0, 96, 'JASA SERVICE ELECTRIC WATERHEATER', 2, NULL, 0, 0, 142500, 0.00, 0.00, '0', 0, 0, 285000, 285000, NULL),
(21, 'SPH/ASC/2024/01/0003', 1, 97, 'BIAYA BONGKAR UNIT WATER HEATER', 1, NULL, 0, 0, 85000, 0.00, 0.00, '0', 0, 0, 85000, 85000, NULL),
(22, 'SPH/ASC/2024/01/0003', 2, 98, 'BIAYA MAINTENANCE ELECTRIC WATERHEATER', 1, NULL, 0, 0, 185000, 0.00, 0.00, '0', 0, 0, 185000, 185000, NULL),
(27, 'SPH/YUDHA/2024/01/0008', 0, 37, 'ARISTON - LYDOS HYBRID WIFI - 100 L', 2, NULL, 7454961, 8519956, 10960625, 0.00, 0.00, '0', 0, 0, 21921250, 7011328, NULL),
(31, 'SPH/YUDHA/2024/01/0009', 1, 37, 'ARISTON - LYDOS HYBRID WIFI - 100 L', 2, NULL, 7454961, 7454961, 10960625, 0.00, 0.00, '0', 0, 0, 21921250, 7011328, NULL),
(32, 'SPH/YUDHA/2024/01/0009', 2, 93, 'JASA BONGKAR PASANG UNIT WATER HEATER', 2, NULL, 0, 0, 450000, 0.00, 0.00, '0', 0, 0, 900000, 900000, NULL),
(33, 'SPH/YUDHA/2024/01/0009', 3, 94, 'JASA INSTALASI PIPA', 1, NULL, 0, 0, 1500000, 0.00, 0.00, '0', 0, 0, 1500000, 1500000, NULL),
(34, 'SPH/YUDHA/2024/01/0009', 4, 67, 'ARISTON ACCESSORIES - ELCB', 2, NULL, 442000, 442000, 750000, 0.00, 0.00, '0', 0, 0, 1500000, 616000, NULL),
(35, 'SPH/YUDHA/2024/01/0010', 1, 36, 'ARISTON - LYDOS HYBRID WIFI - 80 L', 2, NULL, 6908236, 6908236, 10157258, 0.00, 0.00, '0', 0, 0, 20314516, 6498044, NULL),
(36, 'SPH/YUDHA/2024/01/0010', 2, 67, 'ARISTON ACCESSORIES - ELCB', 2, NULL, 442000, 442000, 750000, 0.00, 0.00, '0', 0, 0, 1500000, 616000, NULL),
(37, 'SPH/YUDHA/2024/01/0011', 1, 37, 'ARISTON - LYDOS HYBRID WIFI - 100 L', 2, NULL, 7454961, 7454961, 10960625, 0.00, 0.00, '0', 0, 0, 21921250, 7011328, NULL),
(38, 'SPH/YUDHA/2024/01/0011', 2, 93, 'JASA BONGKAR PASANG UNIT WATER HEATER', 2, NULL, 0, 0, 450000, 0.00, 0.00, '0', 0, 0, 900000, 900000, NULL),
(39, 'SPH/YUDHA/2024/01/0011', 3, 94, 'JASA INSTALASI PIPA', 1, NULL, 0, 0, 1500000, 0.00, 0.00, '0', 0, 0, 1500000, 1500000, NULL),
(40, 'SPH/YUDHA/2024/01/0011', 4, 95, 'ELCB 220V 10A 30MA', 2, NULL, 388000, 388000, 750000, 0.00, 0.00, '0', 0, 0, 1500000, 724000, NULL),
(41, 'SPH/YUDHA/2024/01/0012', 1, 36, 'ARISTON - LYDOS HYBRID WIFI - 80 L', 2, NULL, 6908236, 6908236, 10157258, 0.00, 0.00, '0', 0, 0, 20314516, 6498044, NULL),
(42, 'SPH/YUDHA/2024/01/0012', 2, 95, 'ELCB 220V 10A 30MA', 2, NULL, 388000, 388000, 750000, 0.00, 0.00, '0', 0, 0, 1500000, 724000, NULL),
(43, 'SPH/ASC/2024/01/0004', 1, 101, 'JASA PEMASANGAN ELECTRIC WATERHEATER', 1, NULL, 0, 0, 185000, 0.00, 0.00, '0', 0, 0, 185000, 185000, NULL),
(44, 'SPH/YUDHA/2024/01/0013', 1, 25, 'ARISTON - PRO R 100 L', 1, NULL, 3289560, 0, 7036492, 0.00, 0.00, '0', 0, 0, 7036492, 3746932, NULL),
(45, 'SPH/ASC/2024/01/0005', 1, 96, 'JASA SERVICE ELECTRIC WATERHEATER', 1, NULL, 0, 0, 185000, 0.00, 0.00, '0', 0, 0, 185000, 185000, NULL),
(46, 'SPH/ASC/2024/01/0006', 1, 96, 'JASA SERVICE ELECTRIC WATERHEATER', 1, NULL, 0, 0, 200000, 0.00, 0.00, '0', 0, 0, 200000, 200000, NULL),
(47, 'SPH/ASC/2024/01/0006', 2, 97, 'BIAYA BONGKAR UNIT WATER HEATER', 1, NULL, 0, 0, 75000, 0.00, 0.00, '0', 0, 0, 75000, 75000, NULL),
(48, 'SPH/ASC/2024/01/0006', 3, 119, 'ARISTON - 993014-VN ANODE D:21.3 L:185 M5', 1, NULL, 96978, 96978, 162000, 0.00, 0.00, '0', 0, 0, 162000, 65022, NULL),
(49, 'SPH/ASC/2024/01/0007', 1, 101, 'JASA PEMASANGAN ELECTRIC WATERHEATER', 1, NULL, 0, 0, 300000, 0.00, 0.00, '0', 0, 0, 300000, 300000, NULL),
(50, 'SPH/YUDHA/2024/01/0014', 1, 24, 'ARISTON - PRO R 80 L', 1, NULL, 2998019, 0, 3655338, 0.00, 0.00, '0', 0, 0, 3655338, 657319, NULL),
(51, 'SPH/ARIS/2024/01/0002', 1, 38, 'ARISTON - NUOS PRIMO HC - 200 L', 1, NULL, 17249400, 0, 24645000, 0.00, 0.00, '0', 0, 0, 24645000, 7395600, NULL),
(52, 'SPH/ARIS/2024/01/0002', 2, 121, 'MATERIAL INSTALASI', 1, NULL, 0, 0, 5000000, 0.00, 0.00, '0', 0, 0, 5000000, 5000000, NULL),
(53, 'SPH/ASC/2024/01/0008', 1, 94, 'JASA INSTALASI PIPA', 1, NULL, 0, 0, 350000, 0.00, 0.00, '0', 0, 0, 350000, 350000, NULL),
(54, 'SPH/YUDHA/2024/01/0015', 1, 4, 'ARISTON - ANDRIS 2 B 10 L', 1, NULL, 1362957, 0, 1750000, 0.00, 0.00, '0', 0, 0, 1750000, 387043, NULL),
(55, 'SPH/YUDHA/2024/01/0015', 2, 121, 'MATERIAL INSTALASI', 1, NULL, 0, 0, 400000, 0.00, 0.00, '0', 0, 0, 400000, 400000, NULL),
(56, 'SPH/ASC/2024/01/0009', 1, 106, 'ARISTON - 504342-CN SAFETY VALVE WITH LEVER', 1, NULL, 121428, 121428, 205000, 0.00, 0.00, '0', 0, 0, 205000, 83572, NULL),
(57, 'SPH/ASC/2024/01/0009', 2, 126, 'JASA TRANSPORT', 1, NULL, 0, 0, 67000, 0.00, 0.00, '0', 0, 0, 67000, 67000, NULL),
(58, 'SPH/YUDHA/2024/01/0016', 4, 25, 'ARISTON - PRO R 100 L', 1, NULL, 3289560, 0, 4011000, 0.00, 0.00, '0', 0, 0, 4011000, 721440, NULL),
(59, 'SPH/ASC/2024/01/0010', 1, 122, 'PIPA FLEXIBLE 40 CM ONDA', 2, NULL, 47000, 47000, 80000, 0.00, 0.00, '0', 0, 0, 160000, 66000, NULL),
(60, 'SPH/ASC/2024/01/0010', 2, 124, 'DOUBLE NEPEL 1/2', 2, NULL, 21000, 15000, 35000, 0.00, 0.00, '0', 0, 0, 70000, 28000, NULL),
(61, 'SPH/ASC/2024/01/0010', 3, 123, 'STOP KRAN 1/2', 1, NULL, 88000, 88000, 147000, 0.00, 0.00, '0', 0, 0, 147000, 59000, NULL),
(62, 'SPH/ASC/2024/01/0010', 4, 101, 'JASA PEMASANGAN ELECTRIC WATERHEATER', 1, NULL, 0, 0, 185000, 0.00, 0.00, '0', 0, 0, 185000, 185000, NULL),
(63, 'SPH/ASC/2024/01/0011', 1, 117, 'ARISTON - 65190898 THERMOSTAT', 1, NULL, 168462, 0, 285000, 0.00, 0.00, '0', 0, 0, 285000, 116538, NULL),
(64, 'SPH/ASC/2024/01/0011', 2, 106, 'ARISTON - 504342-CN SAFETY VALVE WITH LEVER', 1, NULL, 121428, 0, 205000, 0.00, 0.00, '0', 0, 0, 205000, 83572, NULL),
(81, 'SPH/ASC/2024/01/0012', 1, 126, 'JASA TRANSPORT', 1, NULL, 0, 0, 75000, 0.00, 0.00, '0', 0, 0, 75000, 75000, NULL),
(66, 'SPH/YUDHA/2024/01/0017', 1, 38, 'ARISTON - NUOS PRIMO HC - 200 L', 1, NULL, 19713600, 0, 25360725, 0.00, 0.00, '0', 0, 0, 25360725, 5647125, NULL),
(67, 'SPH/YUDHA/2024/01/0017', 2, 121, 'MATERIAL INSTALASI', 1, NULL, 0, 0, 1500000, 0.00, 0.00, '0', 0, 0, 1500000, 1500000, NULL),
(68, 'SPH/ASC/2024/01/0013', 1, 101, 'JASA PEMASANGAN ELECTRIC WATERHEATER', 1, NULL, 0, 0, 195000, 0.00, 0.00, '0', 0, 0, 195000, 195000, NULL),
(69, 'SPH/ASC/2024/01/0013', 2, 129, 'JASA INSTALASI PIPA DAN MATERIAL', 1, NULL, 0, 0, 1250000, 0.00, 0.00, '0', 0, 0, 1250000, 1250000, NULL),
(70, 'SPH/ARIS/2024/01/0003', 1, 25, 'ARISTON - PRO R 100 L', 8, NULL, 7036492, 0, 7036492, 3025691.56, 43.00, '43%', 1, 0, 32086403.52, -24205532.48, NULL),
(72, 'SPH/YUDHA/2024/01/0018', 0, 27, 'ARISTON - PRO 1 ECO V - 80 L', 1, NULL, 3833770, 0, 4700000, 0.00, 0.00, '0', 0, 0, 4700000, 866230, NULL),
(73, 'SPH/YUDHA/2024/01/0018', 1, 141, 'JASA PENGIRIMAN', 1, NULL, 0, 0, 200000, 0.00, 0.00, '0', 0, 0, 200000, 200000, NULL),
(74, 'SPH/ASC/2024/01/0014', 1, 126, 'JASA TRANSPORT', 1, NULL, 0, 0, 200000, 0.00, 0.00, '0', 0, 0, 200000, 200000, NULL),
(75, 'SPH/ASC/2024/01/0015', 1, 96, 'JASA SERVICE ELECTRIC WATERHEATER', 1, NULL, 0, 0, 200000, 0.00, 0.00, '0', 0, 0, 200000, 200000, NULL),
(76, 'SPH/ASC/2024/01/0016', 1, 119, 'ARISTON - 993014-VN ANODE D:21.3 L:185 M5', 1, NULL, 96978, 0, 162000, 0.00, 0.00, '0', 0, 0, 162000, 65022, NULL),
(77, 'SPH/YUDHA/2024/01/0019', 1, 22, 'ARISTON - DOVE PLUS 100 L', 11, NULL, 2939710, 0, 3286000, 0.00, 0.00, '0', 0, 0, 36146000, 3809190, NULL),
(78, 'SPH/YUDHA/2024/01/0019', 2, 25, 'ARISTON - PRO R 100 L', 16, NULL, 3289560, 0, 3677000, 0.00, 0.00, '0', 0, 0, 58832000, 6199040, NULL),
(79, 'SPH/YUDHA/2024/01/0019', 3, 33, 'ARISTON - ARI 200 VERT 530 THER', 7, NULL, 8491500, 18163636, 9490500, 0.00, 0.00, '0', 0, 0, 66433500, 6993000, NULL),
(80, 'SPH/ASC/2024/01/0017', 1, 96, 'JASA SERVICE ELECTRIC WATERHEATER', 1, NULL, 0, 0, 192000, 0.00, 0.00, '0', 0, 0, 192000, 192000, NULL),
(82, 'SPH/ARIS/2024/01/0004', 1, 25, 'ARISTON - PRO R 100 L', 8, NULL, 3289560, 0, 4011000, 0.00, 0.00, '0', 0, 0, 32088000, 5771520, NULL),
(83, 'SPH/YUDHA/2024/01/0020', 1, 25, 'ARISTON - PRO R 100 L', 1, NULL, 3289560, 0, 4225000, 0.00, 0.00, '0', 0, 0, 4225000, 935440, NULL),
(84, 'SPH/ARIS/2024/01/0005', 1, 37, 'ARISTON - LYDOS HYBRID WIFI - 100 L', 1, NULL, 8519956, 0, 11536000, 0.00, 0.00, '0', 0, 0, 11536000, 3016044, NULL),
(85, 'SPH/YUDHA/2024/01/0021', 1, 6, 'ARISTON - ANDRIS 2 B 30 L', 1, NULL, 2106630, 0, 2500000, 0.00, 0.00, '0', 0, 0, 2500000, 393370, NULL),
(86, 'SPH/ARIS/2024/01/0006', 1, 39, 'ARISTON - NUOS PRIMO HC - 240 L', 1, NULL, 22080000, 46000000, 27600000, 0.00, 0.00, '0', 0, 0, 27600000, 5520000, NULL),
(87, 'SPH/ASC/2024/01/0018', 1, 126, 'JASA TRANSPORT', 1, NULL, 0, 0, 75000, 0.00, 0.00, '0', 0, 0, 75000, 75000, NULL),
(88, 'SPH/YUDHA/2024/01/0022', 1, 25, 'ARISTON - PRO R 100 L', 4, NULL, 3289560, 3289560, 7036493, 3166421.85, 45.00, '45%', 1, 0, 15480284.6, 2322044.6, NULL),
(89, 'SPH/YUDHA/2024/01/0022', 2, 23, 'ARISTON - PRO R 50 L', 4, NULL, 2575283, 0, 5508627, 2478882.15, 45.00, '45%', 1, 0, 12118979.4, 1817847.4, NULL),
(90, 'SPH/ASC/2024/01/0019', 1, 96, 'JASA SERVICE ELECTRIC WATERHEATER', 1, NULL, 0, 0, 250000, 0.00, 0.00, '0', 0, 0, 250000, 250000, NULL),
(91, 'SPH/ASC/2024/01/0020', 1, 96, 'JASA SERVICE ELECTRIC WATERHEATER', 1, NULL, 0, 0, 192000, 0.00, 0.00, '0', 0, 0, 192000, 192000, NULL),
(92, 'SPH/ASC/2024/01/0021', 1, 126, 'JASA TRANSPORT', 1, NULL, 0, 0, 75000, 0.00, 0.00, '0', 0, 0, 75000, 75000, NULL),
(93, 'SPH/ASC/2024/01/0022', 1, 96, 'JASA SERVICE ELECTRIC WATERHEATER', 1, NULL, 0, 0, 192000, 0.00, 0.00, '0', 0, 0, 192000, 192000, NULL),
(94, 'SPH/ASC/2024/01/0023', 1, 126, 'JASA TRANSPORT', 1, NULL, 0, 0, 100000, 0.00, 0.00, '0', 0, 0, 100000, 100000, NULL),
(95, 'SPH/ASC/2024/01/0024', 1, 97, 'JASA BONGKAR UNIT WATER HEATER', 1, NULL, 0, 0, 260000, 0.00, 0.00, '0', 0, 0, 260000, 260000, NULL),
(103, 'SPH/ARIS/2024/01/0007', 2, 120, 'ARISTON - 65108564 ELECTRONIC THERMOSTAT', 1, NULL, 479520, 0, 800000, 100000.00, 12.50, '12.50%', 1, 700000, 700000, 220480, NULL),
(102, 'SPH/ARIS/2024/01/0007', 1, 114, 'ARISTON - 65190494 HEATING ELEMENT 350W 230V', 1, NULL, 293847, 0, 490000, 90000.00, 18.37, '18.37%', 1, 400000, 400000, 106153, NULL),
(101, 'SPH/ARIS/2024/01/0007', 0, 104, 'ARISTON - 65103691 FLANGE WITH GASKET ARISTON', 2, NULL, 71040, 0, 120000, 33600.00, 30.00, '10%+20%', 1, 86400, 172800, 30720, NULL);

INSERT INTO `tb_stok_gudang` (`IDStok`, `IDGudang`, `IDBarang`, `SisaStok`, `HPP`, `DateCreated`, `CreatedBy`, `DateModified`, `ModifiedBy`) VALUES
(1, 1, 4, 5, 1362957, '2024-01-09 15:55:48', 1, '2024-01-18 14:34:33', 1);
INSERT INTO `tb_stok_gudang` (`IDStok`, `IDGudang`, `IDBarang`, `SisaStok`, `HPP`, `DateCreated`, `CreatedBy`, `DateModified`, `ModifiedBy`) VALUES
(2, 1, 5, 9, 1633541, '2024-01-09 15:55:48', 1, '2024-01-18 14:34:33', 1);
INSERT INTO `tb_stok_gudang` (`IDStok`, `IDGudang`, `IDBarang`, `SisaStok`, `HPP`, `DateCreated`, `CreatedBy`, `DateModified`, `ModifiedBy`) VALUES
(3, 1, 89, 2, 2988300, '2024-01-09 15:55:48', 1, NULL, NULL);
INSERT INTO `tb_stok_gudang` (`IDStok`, `IDGudang`, `IDBarang`, `SisaStok`, `HPP`, `DateCreated`, `CreatedBy`, `DateModified`, `ModifiedBy`) VALUES
(4, 1, 6, 6, 2106630, '2024-01-09 15:55:48', 1, '2024-01-18 14:34:33', 1),
(5, 1, 22, 0, 0, '2024-01-09 15:55:48', 1, '2024-01-18 10:42:53', 1),
(6, 1, 20, 1, 2303178, '2024-01-09 15:55:48', 1, NULL, NULL),
(7, 1, 21, 8, 2672464, '2024-01-09 15:55:48', 1, NULL, NULL),
(8, 1, 49, 4, 33042581.25, '2024-01-09 15:55:48', 1, '2024-01-09 15:57:50', 1),
(9, 1, 48, 2, 17945673, '2024-01-09 15:55:48', 1, NULL, NULL),
(10, 1, 91, 5, 22835001, '2024-01-09 15:55:48', 1, '2024-01-09 15:57:50', 1),
(11, 1, 37, 2, 7987458.5, '2024-01-09 15:55:48', 1, '2024-01-12 08:54:19', 1),
(12, 1, 36, 0, 0, '2024-01-09 15:55:48', 1, '2024-01-11 10:09:12', 1),
(13, 1, 38, 3, 18481500, '2024-01-09 15:55:48', 1, '2024-01-18 14:55:06', 1),
(14, 1, 27, 4, 3833770, '2024-01-09 15:55:48', 1, '2024-01-15 15:39:56', 1),
(15, 1, 25, -2, 3289559.5, '2024-01-09 15:55:48', 1, '2024-01-18 10:42:53', 1),
(16, 1, 24, 6, 2998019, '2024-01-09 15:55:48', 1, '2024-01-18 14:34:33', 1),
(17, 1, 102, 3, 167913, '2024-01-11 14:11:10', 1, '2024-01-12 11:27:19', 1),
(18, 1, 103, 2, 308126, '2024-01-11 14:11:10', 1, '2024-01-12 11:27:19', 1),
(19, 1, 104, 4, 71040, '2024-01-11 14:11:10', 1, '2024-01-12 11:27:19', 1),
(20, 1, 105, 1, 173475, '2024-01-11 14:11:10', 1, '2024-01-12 11:27:19', 1),
(21, 1, 106, 0, 0, '2024-01-11 14:11:10', 1, '2024-01-12 13:30:49', 1),
(22, 1, 107, 2, 290231, '2024-01-11 14:11:10', 1, '2024-01-12 11:27:19', 1),
(23, 1, 108, 0, 0, '2024-01-11 14:11:10', 1, '2024-01-11 15:18:25', 1),
(24, 1, 109, 0, 0, '2024-01-11 14:11:10', 1, '2024-01-11 15:18:25', 1),
(25, 1, 110, 0, 0, '2024-01-11 14:11:10', 1, '2024-01-11 15:18:25', 1),
(26, 1, 111, 2, 113163, '2024-01-11 14:11:10', 1, '2024-01-12 11:27:19', 1),
(27, 1, 112, 1, 264799, '2024-01-11 14:11:10', 1, '2024-01-12 11:27:19', 1),
(28, 1, 113, 1, 233302, '2024-01-11 14:11:10', 1, '2024-01-12 11:27:19', 1),
(29, 1, 114, 2, 293847, '2024-01-11 14:11:10', 1, '2024-01-12 11:27:19', 1),
(30, 1, 116, 2, 469025, '2024-01-11 14:11:10', 1, '2024-01-12 11:27:19', 1),
(31, 1, 115, 2, 232270, '2024-01-11 14:11:10', 1, '2024-01-12 11:27:19', 1),
(32, 1, 117, 1, 168462, '2024-01-11 14:11:10', 1, '2024-01-12 11:56:24', 1),
(33, 1, 118, 2, 98765, '2024-01-11 14:11:10', 1, '2024-01-12 11:27:19', 1),
(34, 1, 119, 0, 0, '2024-01-11 14:11:10', 1, '2024-01-16 14:47:04', 1),
(35, 1, 120, 2, 479520, '2024-01-11 14:11:10', 1, '2024-01-12 11:27:19', 1),
(36, 1, 67, 4, 442000, '2024-01-11 14:11:10', 1, '2024-01-12 11:27:19', 1),
(37, 1, 23, 8, 2575283, '2024-01-16 11:10:11', 1, NULL, NULL),
(38, 1, 33, 0, 0, '2024-01-18 14:34:33', 1, '2024-01-18 14:48:13', 1),
(39, 1, 16, 1, 2619014, '2024-01-18 14:34:33', 1, NULL, NULL),
(40, 1, 95, 5, 250000, '2024-01-19 11:54:01', 1, NULL, NULL);



INSERT INTO `tb_stok_purchasing` (`IDStok`, `IDPenjualan`, `IDGudang`, `IDBarang`, `SisaStok`, `HPP`, `DateCreated`, `CreatedBy`, `DateModified`, `ModifiedBy`) VALUES
(1, 8, 1, 13, 0, 0, '2024-01-10 11:00:11', 1, '2024-01-10 11:01:26', 1);
INSERT INTO `tb_stok_purchasing` (`IDStok`, `IDPenjualan`, `IDGudang`, `IDBarang`, `SisaStok`, `HPP`, `DateCreated`, `CreatedBy`, `DateModified`, `ModifiedBy`) VALUES
(2, 15, 1, 95, 0, 0, '2024-01-10 15:49:52', 1, '2024-01-12 08:54:19', 1);
INSERT INTO `tb_stok_purchasing` (`IDStok`, `IDPenjualan`, `IDGudang`, `IDBarang`, `SisaStok`, `HPP`, `DateCreated`, `CreatedBy`, `DateModified`, `ModifiedBy`) VALUES
(3, 16, 1, 95, 0, 0, '2024-01-10 15:50:40', 1, '2024-01-11 10:09:12', 1);
INSERT INTO `tb_stok_purchasing` (`IDStok`, `IDPenjualan`, `IDGudang`, `IDBarang`, `SisaStok`, `HPP`, `DateCreated`, `CreatedBy`, `DateModified`, `ModifiedBy`) VALUES
(4, 7, 1, 35, 8, 17690625, '2024-01-16 11:07:46', 1, '2024-01-16 16:56:05', 1),
(5, 6, 1, 25, 13, 3289559, '2024-01-16 11:09:16', 1, NULL, NULL),
(6, 6, 1, 23, 2, 2575283, '2024-01-16 11:09:16', 1, NULL, NULL),
(7, 40, 1, 25, -8, 0, '2024-01-17 08:55:23', 1, NULL, NULL),
(8, 41, 1, 25, -1, 0, '2024-01-17 09:21:16', 1, NULL, NULL),
(9, 38, 1, 25, -16, 0, '2024-01-18 10:42:53', 1, NULL, NULL),
(10, 5, 1, 25, -2, 0, '2024-01-18 14:48:13', 1, NULL, NULL);



INSERT INTO `tb_supplier` (`IDSupplier`, `KodeSupplier`, `NamaPerusahaan`, `NamaMarketing`, `Alamat`, `Kota`, `Provinsi`, `KodePos`, `NoTelp`, `NoFax`, `Email`, `Email2`, `Website`, `KontakPerson`, `Deskripsi`, `Kategori`, `Kategori2`, `Status`, `NamaKP1`, `JabatanKP1`, `EmailKP1`, `HPKP1`, `NamaKP2`, `JabatanKP2`, `EmailKP2`, `HPKP2`, `Bank`, `NoRek`, `DateCreated`, `Username`, `Password`, `AksesPortalFakturPajak`) VALUES
(1, '00001', 'RAJAWALI, UD', NULL, 'JL. TUKAD BARITO', 'DENPASAR', 'BALI', '-', '+62 812-3615-5808', '-', '-', NULL, '-', NULL, '-', '4', NULL, 1, NULL, NULL, NULL, NULL, NULL, NULL, NULL, NULL, NULL, NULL, '2023-11-25 10:51:36', NULL, NULL, 0);
INSERT INTO `tb_supplier` (`IDSupplier`, `KodeSupplier`, `NamaPerusahaan`, `NamaMarketing`, `Alamat`, `Kota`, `Provinsi`, `KodePos`, `NoTelp`, `NoFax`, `Email`, `Email2`, `Website`, `KontakPerson`, `Deskripsi`, `Kategori`, `Kategori2`, `Status`, `NamaKP1`, `JabatanKP1`, `EmailKP1`, `HPKP1`, `NamaKP2`, `JabatanKP2`, `EmailKP2`, `HPKP2`, `Bank`, `NoRek`, `DateCreated`, `Username`, `Password`, `AksesPortalFakturPajak`) VALUES
(2, '00002', 'ARISTON GROUP INDONESIA, PT', NULL, 'JL. JEND GATOT SUBROTO KAV. 51-52', 'JAKARTA', 'JAWA BARAT', '-', '+62 21 29865999', '-', '-', NULL, '-', NULL, '-', '4', NULL, 1, NULL, NULL, NULL, NULL, NULL, NULL, NULL, NULL, NULL, NULL, '2023-11-30 14:00:48', NULL, NULL, 0);
INSERT INTO `tb_supplier` (`IDSupplier`, `KodeSupplier`, `NamaPerusahaan`, `NamaMarketing`, `Alamat`, `Kota`, `Provinsi`, `KodePos`, `NoTelp`, `NoFax`, `Email`, `Email2`, `Website`, `KontakPerson`, `Deskripsi`, `Kategori`, `Kategori2`, `Status`, `NamaKP1`, `JabatanKP1`, `EmailKP1`, `HPKP1`, `NamaKP2`, `JabatanKP2`, `EmailKP2`, `HPKP2`, `Bank`, `NoRek`, `DateCreated`, `Username`, `Password`, `AksesPortalFakturPajak`) VALUES
(3, '00003', 'MITRA MAKMUR SEJAHTERA, CV', NULL, 'JL TUKAD YEH AYA NO. 70B', 'DENPASAR', 'BALI', '-', '0361- 8497915', '-', '-', NULL, '-', NULL, '-', '4', NULL, 1, NULL, NULL, NULL, NULL, NULL, NULL, NULL, NULL, NULL, NULL, '2023-12-01 11:08:46', NULL, NULL, 0);
INSERT INTO `tb_supplier` (`IDSupplier`, `KodeSupplier`, `NamaPerusahaan`, `NamaMarketing`, `Alamat`, `Kota`, `Provinsi`, `KodePos`, `NoTelp`, `NoFax`, `Email`, `Email2`, `Website`, `KontakPerson`, `Deskripsi`, `Kategori`, `Kategori2`, `Status`, `NamaKP1`, `JabatanKP1`, `EmailKP1`, `HPKP1`, `NamaKP2`, `JabatanKP2`, `EmailKP2`, `HPKP2`, `Bank`, `NoRek`, `DateCreated`, `Username`, `Password`, `AksesPortalFakturPajak`) VALUES
(4, '00004', 'LINTAS DAYA, CV', NULL, 'JL.TUKAD CITARUM BLOK I NO 7B, PERUM SURYA GRAHA ASIH', 'DENPASAR', 'BALI', '-', '0361-238055', '-', '-', NULL, NULL, NULL, NULL, '4', NULL, 1, NULL, NULL, NULL, NULL, NULL, NULL, NULL, NULL, NULL, NULL, '2023-12-01 11:12:25', NULL, NULL, 0),
(5, '00005', 'CASH', NULL, 'DENPASAR', 'DENPASAR', 'BALI', '-', '-', '-', '-', NULL, '-', NULL, '-', '4', NULL, 1, NULL, NULL, NULL, NULL, NULL, NULL, NULL, NULL, NULL, NULL, '2023-12-01 11:17:10', NULL, NULL, 0),
(6, '00006', 'MANDALA CONSTRUCTION', NULL, 'JL TUKAD YEH AYA IX NO 77B', 'DENPASAR', 'BALI', '-', '085339333377', '-', '-', NULL, '-', NULL, '-', '4', NULL, 1, NULL, NULL, NULL, NULL, NULL, NULL, NULL, NULL, NULL, NULL, '2023-12-01 11:18:15', NULL, NULL, 0),
(7, '00007', 'PONIRAM', NULL, 'DENPASAR', 'DENPASAR', 'BALI', '-', '-', '-', '-', NULL, '-', NULL, '-', '4', NULL, 1, NULL, NULL, NULL, NULL, NULL, NULL, NULL, NULL, NULL, NULL, '2023-12-01 11:19:27', NULL, NULL, 0),
(8, '00008', 'LUKITO PRAMONO, BAPAK', NULL, 'DENPASAR', 'DENPASAR', 'BALI', '-', '-', '-', '-', NULL, '-', NULL, '-', '4', NULL, 1, NULL, NULL, NULL, NULL, NULL, NULL, NULL, NULL, NULL, NULL, '2023-12-01 11:21:05', NULL, NULL, 0),
(10, '00009', 'TAMKINUL AZIZ', NULL, 'JL TUKAD CITARUM', 'DENPASAR', 'BALI', '-', '-', '-', '-', NULL, '-', NULL, '-', '4', NULL, 1, NULL, NULL, NULL, NULL, NULL, NULL, NULL, NULL, NULL, NULL, '2024-01-02 13:44:08', NULL, NULL, 0),
(11, '00010', 'SOPAN, CV', NULL, 'JL TUKAD BATANGHARI NO 42, PANJER', 'DENPASAR', 'BALI', '-', '-', '-', '-', NULL, '-', NULL, '-', '3', NULL, 1, NULL, NULL, NULL, NULL, NULL, NULL, NULL, NULL, NULL, NULL, '2024-01-03 08:46:02', NULL, NULL, 0),
(12, '00011', 'SADAR JAYA MANDIRI, PT', NULL, 'DENPASAR', 'DENPASAR', 'BALI', '-', '-', '-', '-', NULL, '-', NULL, '-', '1', NULL, 1, NULL, NULL, NULL, NULL, NULL, NULL, NULL, NULL, NULL, NULL, '2024-01-10 10:57:35', NULL, NULL, 0),
(13, '00012', 'IDA BAGUS KOMANG DODY, S.E, BAPAK', NULL, 'DENPASAR', 'DENPASAR', 'BALI', '-', '081237242713', '-', '-', NULL, '-', NULL, '-', '1', NULL, 1, NULL, NULL, NULL, NULL, NULL, NULL, NULL, NULL, NULL, NULL, '2024-01-10 12:03:43', NULL, NULL, 0),
(14, '00013', 'KETUT, TOKO', NULL, 'UBUD', 'GIANYAR', 'BALI', '-', '-', '-', '-', NULL, '-', NULL, '-', '1', NULL, 1, NULL, NULL, NULL, NULL, NULL, NULL, NULL, NULL, NULL, NULL, '2024-01-12 10:58:25', NULL, NULL, 0),
(15, '00014', 'MAXIM', NULL, 'DENPASAR', 'DENPASAR', 'BALI', '-', '-', '-', '-', NULL, '-', NULL, '-', '4', NULL, 1, NULL, NULL, NULL, NULL, NULL, NULL, NULL, NULL, NULL, NULL, '2024-01-13 11:09:57', NULL, NULL, 0),
(16, '00015', 'MITRA, UD', NULL, 'JALAN RAYA BATUBULAN', 'GIANYAR', 'BALI', '-', '-', '-', '-', NULL, '-', NULL, '-', '1', NULL, 1, NULL, NULL, NULL, NULL, NULL, NULL, NULL, NULL, NULL, NULL, '2024-01-15 13:59:31', NULL, NULL, 0),
(17, '00016', 'GOJEK', NULL, 'DENPASAR', 'DENPASAR', 'BALI', '-', '-', '-', '-', NULL, '-', NULL, '-', '4', NULL, 1, NULL, NULL, NULL, NULL, NULL, NULL, NULL, NULL, NULL, NULL, '2024-01-15 15:15:47', NULL, NULL, 0),
(18, '00017', 'DIDIN, BAPAK', NULL, 'DENPASAR', 'DENPASAR', 'BALI', '-', '081286558054', '-', '-', NULL, '-', NULL, '-', '4', NULL, 1, NULL, NULL, NULL, NULL, NULL, NULL, NULL, NULL, NULL, NULL, '2024-01-16 14:40:40', NULL, NULL, 0),
(19, '00018', 'MON, BAPAK', NULL, 'DENPASAR', 'DENPASAR', 'BALI', '-', '-', '-', '-', NULL, '-', NULL, '-', '4', NULL, 1, NULL, NULL, NULL, NULL, NULL, NULL, NULL, NULL, NULL, NULL, '2024-01-16 14:43:45', NULL, NULL, 0),
(20, '00019', 'ASOSIASI CHIEF ENGINEER BALI', NULL, 'GEDUNG POLITEKNIK NEGERI BALI, JL. RAYA KAMPUS UNUD, JIMBARAN, KEC. KUTA SELATAN', 'BADUNG', 'BALI', '80364', '+62 812-3977-555', '-', '-', NULL, '-', NULL, '-', '4', NULL, 1, NULL, NULL, NULL, NULL, NULL, NULL, NULL, NULL, NULL, NULL, '2024-01-18 16:25:33', NULL, NULL, 0);









INSERT INTO `tb_system_config` (`id_system_config`, `label`, `value`) VALUES
(1, 'URL_SITE', 'http://101.128.65.204:9007/sopan-accounting/');
INSERT INTO `tb_system_config` (`id_system_config`, `label`, `value`) VALUES
(2, 'ALLOWED_IP', '169.254.14.58');
INSERT INTO `tb_system_config` (`id_system_config`, `label`, `value`) VALUES
(3, 'LAST_SYNC', 'CV Lintas Daya');
INSERT INTO `tb_system_config` (`id_system_config`, `label`, `value`) VALUES
(4, 'JAMBUKA', ' Denpasar, Bali'),
(5, 'ACTIVATIONCODE', 'S+syeyaGY3zzFTlcqxHcotrzdrpS+/a6HnZEl+0DhhdLE/J1ItCxW1Ig+BJfArNLNzaeFohnZFg='),
(6, 'VERSION', '1.0.1'),
(7, 'JUMLAHCUTITAHUNAN', '12'),
(8, 'AUTHENTICATE_ACCESS', 'false');







INSERT INTO `tb_user` (`id_user`, `nama`, `telp`, `level`, `bagian`, `img_photo`, `username_user`, `password_user`, `status`) VALUES
(1, 'Administrator', '123456', 1, 0, NULL, 'admin', '21232f297a57a5a743894a0e4a801fc3', 1);
INSERT INTO `tb_user` (`id_user`, `nama`, `telp`, `level`, `bagian`, `img_photo`, `username_user`, `password_user`, `status`) VALUES
(2, 'Ida', '-', 1, 0, NULL, 'ida', '21232f297a57a5a743894a0e4a801fc3', 1);











/*!40101 SET SQL_MODE=@OLD_SQL_MODE */;
/*!40014 SET FOREIGN_KEY_CHECKS=@OLD_FOREIGN_KEY_CHECKS */;
/*!40014 SET UNIQUE_CHECKS=@OLD_UNIQUE_CHECKS */;
/*!40101 SET CHARACTER_SET_CLIENT=@OLD_CHARACTER_SET_CLIENT */;
/*!40101 SET CHARACTER_SET_RESULTS=@OLD_CHARACTER_SET_RESULTS */;
/*!40101 SET COLLATION_CONNECTION=@OLD_COLLATION_CONNECTION */;
/*!40111 SET SQL_NOTES=@OLD_SQL_NOTES */;